date,source,facility_id,unit_id,street,city,state,postal_code,lat,lng,unit_label,width_ft,length_ft,height_ft,area_sqft,category,price,regular_price
2026-08-30,cubesmart,4962,9fdfd8ed-9da5-46e0-8319-711cd54f01d6,2324 S Point Rd,Belmont,NC,28012,35.18484,-81.02258,10x10,10.0,10.0,8.0,100.0,medium,50.4,84.0
2026-08-30,cubesmart,4962,db5666c9-c91f-4783-ba83-9c4f965682bf,2324 S Point Rd,Belmont,NC,28012,35.18484,-81.02258,10x10,10.0,10.0,8.0,100.0,medium,88.8,148.0
2026-08-30,cubesmart,4962,8fba6f1d-d2d9-4d11-806d-c93f4bc657c4,2324 S Point Rd,Belmont,NC,28012,35.18484,-81.02258,10x15,10.0,15.0,8.0,150.0,medium,113.4,189.0
2026-08-30,cubesmart,4962,e33cacbd-988e-457e-99ba-36f5226f56ba,2324 S Point Rd,Belmont,NC,28012,35.18484,-81.02258,10x15,10.0,15.0,8.0,150.0,medium,79.2,132.0
2026-08-30,cubesmart,4962,ac91ffcc-4d22-48fa-afd0-616657165403,2324 S Point Rd,Belmont,NC,28012,35.18484,-81.02258,10x20,10.0,20.0,8.0,200.0,large,114.6,191.0
2026-08-30,cubesmart,4962,421e4d28-6f6f-41f0-b1f8-11caab3581bd,2324 S Point Rd,Belmont,NC,28012,35.18484,-81.02258,10x20,10.0,20.0,8.0,200.0,large,142.2,237.0
2026-08-30,cubesmart,4962,48bd33c2-8dbe-4ba0-b92b-d719e89ebcf8,2324 S Point Rd,Belmont,NC,28012,35.18484,-81.02258,10x25,10.0,25.0,8.0,250.0,large,152.4,254.0
2026-08-30,cubesmart,4962,c20a2124-f4e0-4975-addf-e2bc27fffb46,2324 S Point Rd,Belmont,NC,28012,35.18484,-81.02258,10x30,10.0,30.0,8.0,300.0,large,161.4,269.0
2026-08-30,cubesmart,4962,b49f9c9e-17bb-4d50-a1f5-63973dad7d42,2324 S Point Rd,Belmont,NC,28012,35.18484,-81.02258,15x20,15.0,20.0,8.0,300.0,large,175.8,293.0
2026-08-30,cubesmart,4962,8fd1711a-5060-4813-bf43-69536a016879,2324 S Point Rd,Belmont,NC,28012,35.18484,-81.02258,20 ft,,20.0,,,parking,80.4,134.0
2026-08-30,cubesmart,4962,d1921364-cdf5-4398-bb86-c5d2e7ee6693,2324 S Point Rd,Belmont,NC,28012,35.18484,-81.02258,5x10,5.0,10.0,8.0,50.0,small,27.6,46.0
2026-08-30,cubesmart,4962,056bbbf3-f590-478e-b66b-7d9991295d5b,2324 S Point Rd,Belmont,NC,28012,35.18484,-81.02258,5x10,5.0,10.0,8.0,50.0,small,50.4,84.0
2026-08-30,cubesmart,4962,27305387-0cc0-4d10-a29f-b1286944b917,2324 S Point Rd,Belmont,NC,28012,35.18484,-81.02258,5x5,5.0,5.0,8.0,25.0,small,25.8,43.0
2026-08-30,cubesmart,4962,d24f7c7a-2341-4378-82b7-e4dde8008016,2324 S Point Rd,Belmont,NC,28012,35.18484,-81.02258,7x10,7.0,10.0,8.0,70.0,small,27.0,36.0
2026-08-30,cubesmart,4962,a81b7e9c-ea9e-48bf-8270-c9cafb01b05b,2324 S Point Rd,Belmont,NC,28012,35.18484,-81.02258,7x10,7.0,10.0,8.0,70.0,small,55.8,93.0
2026-08-30,cubesmart,4962,6495987b-04a4-4b63-97cb-1dfd8bf60548,2324 S Point Rd,Belmont,NC,28012,35.18484,-81.02258,7x10,7.0,10.0,8.0,70.0,small,64.2,107.0
2026-08-30,cubesmart,4962,745f1de6-1ae6-4f38-95ce-7ab1e362ea3f,2324 S Point Rd,Belmont,NC,28012,35.18484,-81.02258,8x10,8.0,10.0,8.0,80.0,medium,35.4,59.0
2026-08-30,cubesmart,400,6c5c05c4-16e3-4276-bb5f-12f0a8c0be1c,5921 Wilkinson Blvd,Belmont,NC,28012,35.24889,-81.0611,10x10,10.0,10.0,8.0,100.0,medium,60.0,80.0
2026-08-30,cubesmart,400,75e2790f-0f12-4f25-b761-dd6ef5bf9fd8,5921 Wilkinson Blvd,Belmont,NC,28012,35.24889,-81.0611,10x10,10.0,10.0,8.0,100.0,medium,84.6,141.0
2026-08-30,cubesmart,400,48a8e1fd-eb77-4e51-a1f1-4440d66dcf35,5921 Wilkinson Blvd,Belmont,NC,28012,35.24889,-81.0611,10x15,10.0,15.0,8.0,150.0,medium,132.6,221.0
2026-08-30,cubesmart,400,941206b2-ef5b-4cd4-9bf3-2ae8cf818509,5921 Wilkinson Blvd,Belmont,NC,28012,35.24889,-81.0611,10x15,10.0,15.0,8.0,150.0,medium,98.4,164.0
2026-08-30,cubesmart,400,5908f2c9-781e-4877-90b5-2250234ba31d,5921 Wilkinson Blvd,Belmont,NC,28012,35.24889,-81.0611,10x20,10.0,20.0,8.0,200.0,large,106.5,142.0
2026-08-30,cubesmart,400,2740755f-f646-42ac-9e82-f4f0c97dc1bd,5921 Wilkinson Blvd,Belmont,NC,28012,35.24889,-81.0611,10x20,10.0,20.0,8.0,200.0,large,172.2,287.0
2026-08-30,cubesmart,400,737b59cc-1c06-4a52-8d60-e14e08cc5271,5921 Wilkinson Blvd,Belmont,NC,28012,35.24889,-81.0611,15x20,15.0,20.0,8.0,300.0,large,145.8,243.0
2026-08-30,cubesmart,400,e325f94b-27a2-4894-ba8c-b5f4f041d32d,5921 Wilkinson Blvd,Belmont,NC,28012,35.24889,-81.0611,15x20,15.0,20.0,8.0,300.0,large,189.0,315.0
2026-08-30,cubesmart,400,c9a60b0d-775a-4ef4-9869-1e2da8a2cf58,5921 Wilkinson Blvd,Belmont,NC,28012,35.24889,-81.0611,15x20,15.0,20.0,8.0,300.0,large,189.0,315.0
2026-08-30,cubesmart,400,91d0962b-eba6-479b-8857-ebb323500e76,5921 Wilkinson Blvd,Belmont,NC,28012,35.24889,-81.0611,20 ft,,20.0,,,parking,61.2,102.0
2026-08-30,cubesmart,400,9910976c-bbfd-4e5a-9c22-de2bb0bbf93b,5921 Wilkinson Blvd,Belmont,NC,28012,35.24889,-81.0611,20x20,20.0,20.0,8.0,400.0,large,227.4,379.0
2026-08-30,cubesmart,400,004acb28-2fcc-4008-9aff-6bc3d22e5ed4,5921 Wilkinson Blvd,Belmont,NC,28012,35.24889,-81.0611,5x10,5.0,10.0,8.0,50.0,small,45.0,75.0
2026-08-30,cubesmart,400,b5d765a3-ec5b-45b0-846d-d70e36f01591,5921 Wilkinson Blvd,Belmont,NC,28012,35.24889,-81.0611,5x10,5.0,10.0,8.0,50.0,small,67.2,112.0
2026-08-30,cubesmart,400,90d5bccd-6691-42e4-bb1c-351065a8c1f9,5921 Wilkinson Blvd,Belmont,NC,28012,35.24889,-81.0611,5x5,5.0,5.0,8.0,25.0,small,33.6,56.0
2026-08-30,cubesmart,5263,43ab79bf-2da5-4486-8672-43a98315a810,620 Webb Rd,Concord,NC,28025,35.37815,-80.58394,10x10,10.0,10.0,8.0,100.0,medium,57.0,114.0
2026-08-30,cubesmart,5263,01504710-7237-4466-92c0-c6101565447d,620 Webb Rd,Concord,NC,28025,35.37815,-80.58394,10x10,10.0,10.0,8.0,100.0,medium,91.0,182.0
2026-08-30,cubesmart,5263,c2e2b634-01fb-4b13-8cec-63dbd7c53c8a,620 Webb Rd,Concord,NC,28025,35.37815,-80.58394,10x13,10.0,13.0,8.0,130.0,medium,112.5,225.0
2026-08-30,cubesmart,5263,2a908fac-de6d-4de2-91d4-e9017320f60a,620 Webb Rd,Concord,NC,28025,35.37815,-80.58394,10x15,10.0,15.0,8.0,150.0,medium,123.0,246.0
2026-08-30,cubesmart,5263,6e0222cf-15ba-416a-b2c3-04d8e3423cd6,620 Webb Rd,Concord,NC,28025,35.37815,-80.58394,10x15,10.0,15.0,8.0,150.0,medium,80.5,161.0
2026-08-30,cubesmart,5263,7e740b8f-7b9f-49f5-bc4f-705cd760445a,620 Webb Rd,Concord,NC,28025,35.37815,-80.58394,10x20,10.0,20.0,8.0,200.0,large,102.5,205.0
2026-08-30,cubesmart,5263,e5cc71ac-c517-446b-acff-d15790ff9ff5,620 Webb Rd,Concord,NC,28025,35.37815,-80.58394,10x20,10.0,20.0,8.0,200.0,large,155.5,311.0
2026-08-30,cubesmart,5263,73893dd1-c3f2-4119-99a9-0f0321cc6438,620 Webb Rd,Concord,NC,28025,35.37815,-80.58394,10x20,10.0,20.0,8.0,200.0,large,155.5,311.0
2026-08-30,cubesmart,5263,95626ab1-e704-4722-87d0-2bb61668e749,620 Webb Rd,Concord,NC,28025,35.37815,-80.58394,10x25,10.0,25.0,8.0,250.0,large,187.5,375.0
2026-08-30,cubesmart,5263,2a3f02cd-1b24-4a23-b584-b19df481f2ca,620 Webb Rd,Concord,NC,28025,35.37815,-80.58394,10x30,10.0,30.0,8.0,300.0,large,214.5,429.0
2026-08-30,cubesmart,5263,6176d1d8-f5b6-48ad-b121-7305de784a46,620 Webb Rd,Concord,NC,28025,35.37815,-80.58394,40 ft,,40.0,,,parking,69.6,116.0
2026-08-30,cubesmart,5263,ed2b9b5c-60af-4e87-855f-e5bbfa13ea0c,620 Webb Rd,Concord,NC,28025,35.37815,-80.58394,5x10,5.0,10.0,8.0,50.0,small,51.0,102.0
2026-08-30,cubesmart,5263,84c69aee-a7b4-4e06-a7da-68bd9f8365ea,620 Webb Rd,Concord,NC,28025,35.37815,-80.58394,5x10,5.0,10.0,8.0,50.0,small,51.0,102.0
2026-08-30,cubesmart,5263,7db45bb5-0a3f-464e-8fe0-71f4917f1351,620 Webb Rd,Concord,NC,28025,35.37815,-80.58394,5x5,5.0,5.0,8.0,25.0,small,30.5,61.0
2026-08-30,cubesmart,5263,e8aed165-0a3c-431d-a617-36f8036dc4c2,620 Webb Rd,Concord,NC,28025,35.37815,-80.58394,8x10,8.0,10.0,8.0,80.0,medium,76.0,152.0
2026-08-30,cubesmart,3281,e51eee6e-73ae-4cc0-916b-3304e67a3153,10921 Bailey Rd,Cornelius,NC,28031,35.46308,-80.85178,10x10,10.0,10.0,8.0,100.0,medium,100.1,154.0
2026-08-30,cubesmart,3281,ad1b709d-e08e-4548-9f4d-20b1fb6c8895,10921 Bailey Rd,Cornelius,NC,28031,35.46308,-80.85178,10x10,10.0,10.0,8.0,100.0,medium,101.5,203.0
2026-08-30,cubesmart,3281,15af0feb-d116-4893-b557-171ce9afc24c,10921 Bailey Rd,Cornelius,NC,28031,35.46308,-80.85178,10x15,10.0,15.0,8.0,150.0,medium,118.95,183.0
2026-08-30,cubesmart,3281,795ef59d-1aee-48ef-890c-805aadb54e7f,10921 Bailey Rd,Cornelius,NC,28031,35.46308,-80.85178,10x15,10.0,15.0,8.0,150.0,medium,121.0,242.0
2026-08-30,cubesmart,3281,0cdea52c-29ce-4313-af67-b72f178a043a,10921 Bailey Rd,Cornelius,NC,28031,35.46308,-80.85178,10x17,10.0,17.0,8.0,170.0,large,130.0,260.0
2026-08-30,cubesmart,3281,301074c7-98d9-4104-b714-a46e782176a4,10921 Bailey Rd,Cornelius,NC,28031,35.46308,-80.85178,10x20,10.0,20.0,8.0,200.0,large,133.5,267.0
2026-08-30,cubesmart,3281,72d38cc1-9671-4714-abdb-a72f6fe9ede0,10921 Bailey Rd,Cornelius,NC,28031,35.46308,-80.85178,10x30,10.0,30.0,8.0,300.0,large,165.1,254.0
2026-08-30,cubesmart,3281,333255a9-aaf8-4a01-9da4-e7aca4a18780,10921 Bailey Rd,Cornelius,NC,28031,35.46308,-80.85178,20 ft,,20.0,,,parking,55.8,93.0
2026-08-30,cubesmart,3281,3059e7c0-610d-4917-9bac-b035b4a76ea3,10921 Bailey Rd,Cornelius,NC,28031,35.46308,-80.85178,25 ft,,25.0,,,parking,61.8,103.0
2026-08-30,cubesmart,3281,3a1ca56d-6b8a-4d4d-8050-57b1bc0fedb3,10921 Bailey Rd,Cornelius,NC,28031,35.46308,-80.85178,30 ft,,30.0,,,parking,63.0,84.0
2026-08-30,cubesmart,3281,693a59d2-ffb3-4148-8ff1-cf044e4b4cc8,10921 Bailey Rd,Cornelius,NC,28031,35.46308,-80.85178,40 ft,,40.0,,,parking,76.8,128.0
2026-08-30,cubesmart,3281,bfd000ff-530f-4861-b3cc-416b119f9726,10921 Bailey Rd,Cornelius,NC,28031,35.46308,-80.85178,5x10,5.0,10.0,8.0,50.0,small,41.0,82.0
2026-08-30,cubesmart,3281,bb320edb-2e6c-43d0-82ca-34f08d3dc1b7,10921 Bailey Rd,Cornelius,NC,28031,35.46308,-80.85178,5x10,5.0,10.0,8.0,50.0,small,41.0,82.0
2026-08-30,cubesmart,3281,7835d1ea-7fed-45c9-bfb9-492cac43f5a4,10921 Bailey Rd,Cornelius,NC,28031,35.46308,-80.85178,5x10,5.0,10.0,8.0,50.0,small,68.5,137.0
2026-08-30,cubesmart,3281,7e2298a7-f231-404f-b94c-0eb50df87bf8,10921 Bailey Rd,Cornelius,NC,28031,35.46308,-80.85178,5x10,5.0,10.0,8.0,50.0,small,68.5,137.0
2026-08-30,cubesmart,3281,1861c868-9379-42ff-ad47-610eb301882d,10921 Bailey Rd,Cornelius,NC,28031,35.46308,-80.85178,5x5,5.0,5.0,8.0,25.0,small,26.5,53.0
2026-08-30,cubesmart,3281,19799cb9-3860-4e86-87b7-8258ed328bc9,10921 Bailey Rd,Cornelius,NC,28031,35.46308,-80.85178,5x5,5.0,5.0,8.0,25.0,small,32.0,64.0
2026-08-30,cubesmart,3032,74e6a7b4-44e0-41dd-93b1-d2f68cdfb780,1105 Waxhaw Indian Trail Rd,Indian Trail,NC,28079,35.06715,-80.67944,10x10,10.0,10.0,8.0,100.0,medium,51.0,102.0
2026-08-30,cubesmart,3032,74bf53eb-fad9-4fe1-9ec4-8d59d9059a9d,1105 Waxhaw Indian Trail Rd,Indian Trail,NC,28079,35.06715,-80.67944,10x15,10.0,15.0,8.0,150.0,medium,61.0,122.0
2026-08-30,cubesmart,3032,bbd01532-c511-434c-bd11-dba09d3f2f55,1105 Waxhaw Indian Trail Rd,Indian Trail,NC,28079,35.06715,-80.67944,10x15,10.0,15.0,8.0,150.0,medium,62.5,125.0
2026-08-30,cubesmart,3032,7e02efb6-b8ad-488e-9822-dda494ad9563,1105 Waxhaw Indian Trail Rd,Indian Trail,NC,28079,35.06715,-80.67944,10x20,10.0,20.0,8.0,200.0,large,103.0,206.0
2026-08-30,cubesmart,3032,e3dc5ee2-7ef6-4cfe-8d3b-530d0adacbe4,1105 Waxhaw Indian Trail Rd,Indian Trail,NC,28079,35.06715,-80.67944,10x20,10.0,20.0,10.0,200.0,large,80.5,161.0
2026-08-30,cubesmart,3032,6263013a-9531-4f5e-8031-99dee9f61168,1105 Waxhaw Indian Trail Rd,Indian Trail,NC,28079,35.06715,-80.67944,10x20,10.0,20.0,8.0,200.0,large,82.0,164.0
2026-08-30,cubesmart,3032,db9faada-3155-4e2a-a9be-e920c992a4eb,1105 Waxhaw Indian Trail Rd,Indian Trail,NC,28079,35.06715,-80.67944,10x30,10.0,30.0,8.0,300.0,large,151.5,303.0
2026-08-30,cubesmart,3032,a6ab561f-e789-4dea-ad94-5877e516069e,1105 Waxhaw Indian Trail Rd,Indian Trail,NC,28079,35.06715,-80.67944,10x35,10.0,35.0,8.0,350.0,large,212.5,425.0
2026-08-30,cubesmart,3032,f9560802-c771-4a09-a136-16da059f2f7d,1105 Waxhaw Indian Trail Rd,Indian Trail,NC,28079,35.06715,-80.67944,20 ft,,20.0,,,parking,132.6,221.0
2026-08-30,cubesmart,3032,cbf28230-ce8f-42d4-8af2-ac90af6a9306,1105 Waxhaw Indian Trail Rd,Indian Trail,NC,28079,35.06715,-80.67944,20x20,20.0,20.0,8.0,400.0,large,236.0,472.0
2026-08-30,cubesmart,3032,38e635c7-fbc1-4442-b205-76d036b86b3b,1105 Waxhaw Indian Trail Rd,Indian Trail,NC,28079,35.06715,-80.67944,25 ft,,25.0,,,parking,129.6,216.0
2026-08-30,cubesmart,3032,b0dd66c6-9a1c-4aa9-bdda-63606420af25,1105 Waxhaw Indian Trail Rd,Indian Trail,NC,28079,35.06715,-80.67944,30 ft,,30.0,,,parking,131.4,219.0
2026-08-30,cubesmart,3032,170ddad7-2fab-4e74-9189-b2bbb0fca51a,1105 Waxhaw Indian Trail Rd,Indian Trail,NC,28079,35.06715,-80.67944,40 ft,,40.0,,,parking,163.2,272.0
2026-08-30,cubesmart,3032,6f4d20f1-d08c-4d45-b5f6-2c21a41cb5cd,1105 Waxhaw Indian Trail Rd,Indian Trail,NC,28079,35.06715,-80.67944,5x10,5.0,10.0,8.0,50.0,small,27.0,54.0
2026-08-30,cubesmart,3032,f6f8f3b9-260f-482f-b93b-e812ac91bd77,1105 Waxhaw Indian Trail Rd,Indian Trail,NC,28079,35.06715,-80.67944,5x10,5.0,10.0,8.0,50.0,small,27.0,54.0
2026-08-30,cubesmart,3032,1d9f74ff-22be-4b88-bd2d-39069f73fa40,1105 Waxhaw Indian Trail Rd,Indian Trail,NC,28079,35.06715,-80.67944,5x10,5.0,10.0,8.0,50.0,small,33.0,66.0
2026-08-30,cubesmart,3032,253d2140-8475-4e9d-a4af-f18283eff955,1105 Waxhaw Indian Trail Rd,Indian Trail,NC,28079,35.06715,-80.67944,5x15,5.0,15.0,8.0,75.0,small,34.5,69.0
2026-08-30,cubesmart,3032,6efbaf75-26bd-4cd2-bf7f-84955552af81,1105 Waxhaw Indian Trail Rd,Indian Trail,NC,28079,35.06715,-80.67944,5x5,5.0,5.0,8.0,25.0,small,15.5,31.0
2026-08-30,cubesmart,3032,970c3799-9b55-4c02-8716-130d3e0a7427,1105 Waxhaw Indian Trail Rd,Indian Trail,NC,28079,35.06715,-80.67944,5x7.5,5.0,7.5,10.0,37.5,small,17.0,34.0
2026-08-30,cubesmart,3032,bce0e4a6-a657-4440-a94c-9bc97573c4bf,1105 Waxhaw Indian Trail Rd,Indian Trail,NC,28079,35.06715,-80.67944,5x7.5,5.0,7.5,10.0,37.5,small,22.0,44.0
2026-08-30,cubesmart,3032,4eb40c4a-f3f5-464f-b092-c439869f8216,1105 Waxhaw Indian Trail Rd,Indian Trail,NC,28079,35.06715,-80.67944,7.5x10,7.5,10.0,10.0,75.0,small,31.5,63.0
2026-08-30,cubesmart,3282,6b9ccc50-d9f5-4c8d-94f8-3c1c98eb3bcc,12710 Lancaster Hwy,Pineville,NC,28134,35.06947,-80.87911,10x10,10.0,10.0,8.0,100.0,medium,54.5,109.0
2026-08-30,cubesmart,3282,2d10089b-0125-45ea-b165-3157a82e9242,12710 Lancaster Hwy,Pineville,NC,28134,35.06947,-80.87911,10x15,10.0,15.0,8.0,150.0,medium,100.5,201.0
2026-08-30,cubesmart,3282,b12d342f-a784-4aa3-a4fd-65f68cab613c,12710 Lancaster Hwy,Pineville,NC,28134,35.06947,-80.87911,10x20,10.0,20.0,8.0,200.0,large,250.0,500.0
2026-08-30,cubesmart,3282,8824bfa5-1c39-4dd0-b516-345774c09ebb,12710 Lancaster Hwy,Pineville,NC,28134,35.06947,-80.87911,10x20,10.0,20.0,8.0,200.0,large,282.5,565.0
2026-08-30,cubesmart,3282,0e5f6188-cbf4-4546-81a7-8dd00020a25a,12710 Lancaster Hwy,Pineville,NC,28134,35.06947,-80.87911,10x25,10.0,25.0,8.0,250.0,large,163.5,327.0
2026-08-30,cubesmart,3282,8c64fe6a-bc29-4e4c-be19-9472eae26b27,12710 Lancaster Hwy,Pineville,NC,28134,35.06947,-80.87911,10x30,10.0,30.0,8.0,300.0,large,471.5,943.0
2026-08-30,cubesmart,3282,e4c126be-fc66-4519-8301-2dd6c42d7abb,12710 Lancaster Hwy,Pineville,NC,28134,35.06947,-80.87911,20 ft,,20.0,,,parking,91.2,152.0
2026-08-30,cubesmart,3282,5593a9f8-7be5-400f-a245-cf9e24960432,12710 Lancaster Hwy,Pineville,NC,28134,35.06947,-80.87911,30 ft,,30.0,,,parking,87.75,117.0
2026-08-30,cubesmart,3282,f773324c-cbc9-45f2-aa6d-bb0b09fa29d5,12710 Lancaster Hwy,Pineville,NC,28134,35.06947,-80.87911,40 ft,,40.0,,,parking,118.8,198.0
2026-08-30,cubesmart,3282,1e655ec7-3d8e-43c6-b420-9934362d8171,12710 Lancaster Hwy,Pineville,NC,28134,35.06947,-80.87911,5x10,5.0,10.0,8.0,50.0,small,55.0,110.0
2026-08-30,cubesmart,3282,e88544d8-eaa8-4fbe-95fb-9edc66adb572,12710 Lancaster Hwy,Pineville,NC,28134,35.06947,-80.87911,5x5,5.0,5.0,8.0,25.0,small,16.5,33.0
2026-08-30,cubesmart,4308,5a0bf2cd-fedd-4396-8e08-edb0c7be10de,13402 Lancaster Hwy,Pineville,NC,28134,35.06116,-80.87708,10x10,10.0,10.0,8.0,100.0,medium,116.4,194.0
2026-08-30,cubesmart,4308,e26e91a9-0f2a-45d4-bf15-1bc2d61a6dec,13402 Lancaster Hwy,Pineville,NC,28134,35.06116,-80.87708,10x10,10.0,10.0,8.0,100.0,medium,98.4,164.0
2026-08-30,cubesmart,4308,1e5a6fde-3640-424f-9d25-811dd6e2932b,13402 Lancaster Hwy,Pineville,NC,28134,35.06116,-80.87708,10x15,10.0,15.0,8.0,150.0,medium,130.8,218.0
2026-08-30,cubesmart,4308,80d4d15a-5f6e-4b98-a6bd-9ceaecb435cf,13402 Lancaster Hwy,Pineville,NC,28134,35.06116,-80.87708,10x15,10.0,15.0,8.0,150.0,medium,131.4,219.0
2026-08-30,cubesmart,4308,ad6eb9c9-3db7-4be8-877c-5d296b1f6785,13402 Lancaster Hwy,Pineville,NC,28134,35.06116,-80.87708,10x15,10.0,15.0,8.0,150.0,medium,139.2,232.0
2026-08-30,cubesmart,4308,73052279-68b3-4d6d-ae2b-221396435b55,13402 Lancaster Hwy,Pineville,NC,28134,35.06116,-80.87708,10x20,10.0,20.0,8.0,200.0,large,210.0,350.0
2026-08-30,cubesmart,4308,7498a3b2-2f2c-4ce3-a9e3-a2b7acc999ed,13402 Lancaster Hwy,Pineville,NC,28134,35.06116,-80.87708,10x20,10.0,20.0,8.0,200.0,large,228.0,380.0
2026-08-30,cubesmart,4308,701e9b35-3acd-4696-934f-7df772d86c49,13402 Lancaster Hwy,Pineville,NC,28134,35.06116,-80.87708,10x25,10.0,25.0,8.0,250.0,large,207.6,346.0
2026-08-30,cubesmart,4308,f636cd5c-87e4-49cb-bd5e-7e4702bd4ebd,13402 Lancaster Hwy,Pineville,NC,28134,35.06116,-80.87708,5x15,5.0,15.0,8.0,75.0,small,69.0,115.0
2026-08-30,cubesmart,4308,15cf16bb-8ca3-42c4-bb96-f04d94959f8b,13402 Lancaster Hwy,Pineville,NC,28134,35.06116,-80.87708,5x5,5.0,5.0,8.0,25.0,small,24.0,40.0
2026-08-30,cubesmart,4308,a8d80d87-66ea-491d-9962-5578305c591a,13402 Lancaster Hwy,Pineville,NC,28134,35.06116,-80.87708,5x5,5.0,5.0,8.0,25.0,small,27.75,37.0
2026-08-30,cubesmart,4308,0fd3e866-0abb-47ab-8870-5012d8e12199,13402 Lancaster Hwy,Pineville,NC,28134,35.06116,-80.87708,9x20,9.0,20.0,8.0,180.0,large,176.4,294.0
2026-08-30,cubesmart,4428,f5b9a96a-8cac-4ede-960d-9fdd924c532e,2701 S Tryon St,Charlotte,NC,28203,35.2044,-80.86998,10x10,10.0,10.0,8.0,100.0,medium,80.0,160.0
2026-08-30,cubesmart,4428,3cc2ebb0-1eab-473c-99b4-2a97ae7d0bd8,2701 S Tryon St,Charlotte,NC,28203,35.2044,-80.86998,10x15,10.0,15.0,8.0,150.0,medium,102.5,205.0
2026-08-30,cubesmart,4428,7ba0e105-130b-4e8b-8dea-53e5c92062d3,2701 S Tryon St,Charlotte,NC,28203,35.2044,-80.86998,10x20,10.0,20.0,8.0,200.0,large,154.0,308.0
2026-08-30,cubesmart,4428,3960a3d1-5ffa-4f27-8317-1be197ff9d0f,2701 S Tryon St,Charlotte,NC,28203,35.2044,-80.86998,5x5,5.0,5.0,8.0,25.0,small,29.0,58.0
2026-08-30,cubesmart,4428,3e3b6101-3790-476f-8c67-6ed42d6f6fe9,2701 S Tryon St,Charlotte,NC,28203,35.2044,-80.86998,5x7,5.0,7.0,8.0,35.0,small,38.5,77.0
2026-08-30,cubesmart,3829,c3a8de7f-d243-44b7-9a13-d99c0a27ca0f,2908 Monroe Rd,Charlotte,NC,28205,35.20391,-80.80577,10x10,10.0,10.0,8.0,100.0,medium,130.5,261.0
2026-08-30,cubesmart,3829,d14a4b14-0961-4d00-ba71-33d8104836bf,2908 Monroe Rd,Charlotte,NC,28205,35.20391,-80.80577,10x11,10.0,11.0,8.0,110.0,medium,140.0,280.0
2026-08-30,cubesmart,3829,a42425af-6f19-4326-809b-cc1676371096,2908 Monroe Rd,Charlotte,NC,28205,35.20391,-80.80577,10x15,10.0,15.0,8.0,150.0,medium,177.0,354.0
2026-08-30,cubesmart,3829,9ade5594-7b72-4dca-8cd1-a3e520c3b96f,2908 Monroe Rd,Charlotte,NC,28205,35.20391,-80.80577,10x16,10.0,16.0,8.0,160.0,large,225.0,450.0
2026-08-30,cubesmart,3829,faeb6f59-2d3e-4439-a16b-a48782ea64d2,2908 Monroe Rd,Charlotte,NC,28205,35.20391,-80.80577,10x20,10.0,20.0,8.0,200.0,large,293.15,451.0
2026-08-30,cubesmart,3829,5309e815-a7d2-4bff-bb89-62e21c5fa108,2908 Monroe Rd,Charlotte,NC,28205,35.20391,-80.80577,10x20,10.0,20.0,8.0,200.0,large,304.0,608.0
2026-08-30,cubesmart,3829,cc8a1100-6e0c-4541-8d24-75f84543d711,2908 Monroe Rd,Charlotte,NC,28205,35.20391,-80.80577,10x22,10.0,22.0,8.0,220.0,large,253.0,506.0
2026-08-30,cubesmart,3829,60888e44-b4d4-42b3-9fb9-140c95bcde71,2908 Monroe Rd,Charlotte,NC,28205,35.20391,-80.80577,10x30,10.0,30.0,8.0,300.0,large,429.0,858.0
2026-08-30,cubesmart,3829,d47571cb-5eca-4934-b0b0-32ffbe936834,2908 Monroe Rd,Charlotte,NC,28205,35.20391,-80.80577,5x10,5.0,10.0,8.0,50.0,small,75.0,150.0
2026-08-30,cubesmart,3829,b4477e7e-337b-4b6d-85a3-fff67c3f54de,2908 Monroe Rd,Charlotte,NC,28205,35.20391,-80.80577,5x15,5.0,15.0,8.0,75.0,small,86.5,173.0
2026-08-30,cubesmart,3829,7cccc7ca-1a90-4760-9c12-ba9b9231de55,2908 Monroe Rd,Charlotte,NC,28205,35.20391,-80.80577,5x5,5.0,5.0,4.0,25.0,small,29.0,58.0
2026-08-30,cubesmart,3829,b789c1aa-a31e-4a25-99e0-4d37e0f997c6,2908 Monroe Rd,Charlotte,NC,28205,35.20391,-80.80577,5x5,5.0,5.0,8.0,25.0,small,50.5,101.0
2026-08-30,cubesmart,3829,ac305b26-b521-4dce-8c2a-bbd5103988c0,2908 Monroe Rd,Charlotte,NC,28205,35.20391,-80.80577,7.5x10,7.5,10.0,8.0,75.0,small,83.85,129.0
2026-08-30,cubesmart,3829,c9b36bd5-a016-4293-b1c9-c43b05c0a123,2908 Monroe Rd,Charlotte,NC,28205,35.20391,-80.80577,7.5x10,7.5,10.0,8.0,75.0,small,85.5,171.0
2026-08-30,cubesmart,3829,35b559d1-4493-4612-ac70-6391193c3f19,2908 Monroe Rd,Charlotte,NC,28205,35.20391,-80.80577,7.5x10,7.5,10.0,8.0,75.0,small,86.5,173.0
2026-08-30,cubesmart,3829,aabda7f4-1712-4edf-8ac9-5b59bb0c014d,2908 Monroe Rd,Charlotte,NC,28205,35.20391,-80.80577,7x7,7.0,7.0,8.0,49.0,small,66.5,133.0
2026-08-30,cubesmart,4144,3460b275-5f74-4ad0-b421-741a8353d9e1,1451 Bryant St,Charlotte,NC,28208,35.22733,-80.86679,10x10,10.0,10.0,8.0,100.0,medium,81.0,135.0
2026-08-30,cubesmart,4144,35240ecd-26ec-48f1-94a4-eef506cd53de,1451 Bryant St,Charlotte,NC,28208,35.22733,-80.86679,10x15,10.0,15.0,8.0,150.0,medium,104.25,139.0
2026-08-30,cubesmart,4144,125484d1-f935-457c-b3fa-07b5e278eb1f,1451 Bryant St,Charlotte,NC,28208,35.22733,-80.86679,10x20,10.0,20.0,,200.0,parking,79.2,132.0
2026-08-30,cubesmart,4144,48611996-abba-40cd-bbb9-470652874a37,1451 Bryant St,Charlotte,NC,28208,35.22733,-80.86679,20x40,20.0,40.0,,800.0,parking,314.4,524.0
2026-08-30,cubesmart,4144,4fa1cf00-fd75-4165-bcae-50217884bc09,1451 Bryant St,Charlotte,NC,28208,35.22733,-80.86679,5x10,5.0,10.0,8.0,50.0,small,60.0,100.0
2026-08-30,cubesmart,4144,8b3b839c-3c9d-464c-bc7b-e7c037f0fc0a,1451 Bryant St,Charlotte,NC,28208,35.22733,-80.86679,5x10,5.0,10.0,8.0,50.0,small,60.0,100.0
2026-08-30,cubesmart,4144,1185e551-ce0c-4747-b8dd-bdba9d5c36da,1451 Bryant St,Charlotte,NC,28208,35.22733,-80.86679,5x5,5.0,5.0,8.0,25.0,small,28.8,48.0
2026-08-30,cubesmart,4144,e3b4ec39-5baa-4553-bd04-5ab651ee6e7e,1451 Bryant St,Charlotte,NC,28208,35.22733,-80.86679,5x7.5,5.0,7.5,8.0,37.5,small,33.0,55.0
2026-08-30,cubesmart,4144,9b18357b-0d8e-48f7-a287-5a32afbe958f,1451 Bryant St,Charlotte,NC,28208,35.22733,-80.86679,7.5x10,7.5,10.0,8.0,75.0,small,65.4,109.0
2026-08-30,cubesmart,4169,0d16dd1a-2375-4b96-be7e-37b710f288ae,2010 Rocky River Rd,Charlotte,NC,28213,35.2765,-80.72883,10x10,10.0,10.0,8.0,100.0,medium,107.25,143.0
2026-08-30,cubesmart,4169,5b26770e-602b-4c28-9f03-284548f5fc3c,2010 Rocky River Rd,Charlotte,NC,28213,35.2765,-80.72883,10x15,10.0,15.0,8.0,150.0,medium,165.0,220.0
2026-08-30,cubesmart,4169,f607d65d-ab38-4dc6-9047-022b2de02cc7,2010 Rocky River Rd,Charlotte,NC,28213,35.2765,-80.72883,10x15,10.0,15.0,8.0,150.0,medium,206.4,344.0
2026-08-30,cubesmart,4169,261a1558-3d5e-43ce-a047-822ae069a602,2010 Rocky River Rd,Charlotte,NC,28213,35.2765,-80.72883,10x20,10.0,20.0,8.0,200.0,large,196.8,328.0
2026-08-30,cubesmart,4169,aa92ef81-530c-4a0f-af80-fef30d00bd0f,2010 Rocky River Rd,Charlotte,NC,28213,35.2765,-80.72883,10x20,10.0,20.0,8.0,200.0,large,221.4,369.0
2026-08-30,cubesmart,4169,acbd198f-a30d-4dbb-8fe0-7e67ed20df87,2010 Rocky River Rd,Charlotte,NC,28213,35.2765,-80.72883,10x25,10.0,25.0,8.0,250.0,large,363.0,484.0
2026-08-30,cubesmart,4169,34dca779-8fb1-41f7-a82c-72721f840365,2010 Rocky River Rd,Charlotte,NC,28213,35.2765,-80.72883,15x20,15.0,20.0,8.0,300.0,large,334.8,558.0
2026-08-30,cubesmart,4169,bfd04579-fa68-40e3-b9d6-09c75070ffa0,2010 Rocky River Rd,Charlotte,NC,28213,35.2765,-80.72883,2x3,2.0,3.0,8.0,6.0,small,47.6,56.0
2026-08-30,cubesmart,4169,ad75b778-2be9-4bbf-9538-bdb654dfb6ce,2010 Rocky River Rd,Charlotte,NC,28213,35.2765,-80.72883,3x3,3.0,3.0,8.0,9.0,small,53.55,63.0
2026-08-30,cubesmart,4169,f3fd6897-472e-41f5-8008-6a909ff1af66,2010 Rocky River Rd,Charlotte,NC,28213,35.2765,-80.72883,3x6,3.0,6.0,8.0,18.0,small,109.65,129.0
2026-08-30,cubesmart,4169,f04c550c-b5a0-4026-9df8-74067757e10a,2010 Rocky River Rd,Charlotte,NC,28213,35.2765,-80.72883,4x10,4.0,10.0,8.0,40.0,small,65.4,109.0
2026-08-30,cubesmart,4169,46d64d95-fd4b-42df-9259-445437d37334,2010 Rocky River Rd,Charlotte,NC,28213,35.2765,-80.72883,5x5,5.0,5.0,8.0,25.0,small,37.2,62.0
2026-08-30,cubesmart,4169,452aefed-d35a-48e7-acc1-d8daa6b1c019,2010 Rocky River Rd,Charlotte,NC,28213,35.2765,-80.72883,5x5,5.0,5.0,8.0,25.0,small,43.8,73.0
2026-08-30,cubesmart,4515,b0b360ec-9a6d-4aba-8eba-1511bfd68448,10609 Johnston Rd,Charlotte,NC,28226,35.08881,-80.85304,10x10,10.0,10.0,8.0,100.0,medium,121.0,242.0
2026-08-30,cubesmart,4515,e9e9ca3f-65f8-43aa-8a6e-ee08a06426e5,10609 Johnston Rd,Charlotte,NC,28226,35.08881,-80.85304,10x12,10.0,12.0,8.0,120.0,medium,126.0,252.0
2026-08-30,cubesmart,4515,9a9ee237-c969-41e9-ab15-d36f35b08221,10609 Johnston Rd,Charlotte,NC,28226,35.08881,-80.85304,10x12,10.0,12.0,8.0,120.0,medium,137.0,274.0
2026-08-30,cubesmart,4515,6853fe03-0027-4c04-b26b-673c71b536ca,10609 Johnston Rd,Charlotte,NC,28226,35.08881,-80.85304,10x15,10.0,15.0,8.0,150.0,medium,152.0,304.0
2026-08-30,cubesmart,4515,028771ba-00b2-4919-a797-218a409ede11,10609 Johnston Rd,Charlotte,NC,28226,35.08881,-80.85304,10x15,10.0,15.0,8.0,150.0,medium,164.5,329.0
2026-08-30,cubesmart,4515,0521c2b0-046e-44d5-959f-fb8868689672,10609 Johnston Rd,Charlotte,NC,28226,35.08881,-80.85304,10x18,10.0,18.0,8.0,180.0,large,177.5,355.0
2026-08-30,cubesmart,4515,bc3d5224-717d-4fe7-b919-bf73c802c2de,10609 Johnston Rd,Charlotte,NC,28226,35.08881,-80.85304,10x20,10.0,20.0,8.0,200.0,large,173.55,267.0
2026-08-30,cubesmart,4515,a46323f4-d6fd-42f7-bfa5-056cbffec40a,10609 Johnston Rd,Charlotte,NC,28226,35.08881,-80.85304,10x25,10.0,25.0,8.0,250.0,large,180.7,278.0
2026-08-30,cubesmart,4515,bab2b7b5-0024-449a-b4ff-d5223d65a6f8,10609 Johnston Rd,Charlotte,NC,28226,35.08881,-80.85304,10x30,10.0,30.0,8.0,300.0,large,249.0,498.0
2026-08-30,cubesmart,4515,82822503-7b43-4fc8-a399-8d5014f29553,10609 Johnston Rd,Charlotte,NC,28226,35.08881,-80.85304,5x10,5.0,10.0,8.0,50.0,small,57.85,89.0
2026-08-30,cubesmart,4515,1b1c48c5-6090-4cf0-897f-94a9500e5ed6,10609 Johnston Rd,Charlotte,NC,28226,35.08881,-80.85304,5x10,5.0,10.0,8.0,50.0,small,69.5,139.0
2026-08-30,cubesmart,4515,529ff118-7ef3-40a1-8aa6-1d03c08cac31,10609 Johnston Rd,Charlotte,NC,28226,35.08881,-80.85304,5x15,5.0,15.0,8.0,75.0,small,57.0,114.0
2026-08-30,cubesmart,4515,5588b100-7a64-441a-b94e-db4d07e05c9f,10609 Johnston Rd,Charlotte,NC,28226,35.08881,-80.85304,5x5,5.0,5.0,8.0,25.0,small,28.0,56.0
2026-08-30,cubesmart,4515,d7a451d0-cf67-416f-b889-a305e13b563d,10609 Johnston Rd,Charlotte,NC,28226,35.08881,-80.85304,7x10,7.0,10.0,8.0,70.0,small,75.0,150.0
2026-08-30,cubesmart,4515,d68131fc-9714-48ee-be76-e65998e90158,10609 Johnston Rd,Charlotte,NC,28226,35.08881,-80.85304,7x8,7.0,8.0,8.0,56.0,small,72.5,145.0
2026-08-30,cubesmart,2668,79042368-c806-480e-a0f9-9122ec8b3120,7043 E Independence Blvd,Charlotte,NC,28227,35.16508,-80.74081,10x10,10.0,10.0,8.0,100.0,medium,46.2,77.0
2026-08-30,cubesmart,2668,1bb8c304-288d-4043-b323-e28134e4a513,7043 E Independence Blvd,Charlotte,NC,28227,35.16508,-80.74081,10x15,10.0,15.0,8.0,150.0,medium,108.0,180.0
2026-08-30,cubesmart,2668,e2f69298-54ba-4e33-8f20-e3e67115b033,7043 E Independence Blvd,Charlotte,NC,28227,35.16508,-80.74081,10x20,10.0,20.0,8.0,200.0,large,114.6,191.0
2026-08-30,cubesmart,2668,8726603b-d02d-4ed7-92b0-6555e87c9a42,7043 E Independence Blvd,Charlotte,NC,28227,35.16508,-80.74081,20x20,20.0,20.0,8.0,400.0,large,197.4,329.0
2026-08-30,cubesmart,2668,b62bc08d-7377-43e4-ad51-e8736142367a,7043 E Independence Blvd,Charlotte,NC,28227,35.16508,-80.74081,5x10,5.0,10.0,8.0,50.0,small,23.4,39.0
2026-08-30,cubesmart,2668,6387158b-d40f-4835-82a7-57cb4a36f19e,7043 E Independence Blvd,Charlotte,NC,28227,35.16508,-80.74081,5x15,5.0,15.0,8.0,75.0,small,35.4,59.0
2026-08-30,cubesmart,4843,643e302c-793b-443c-b277-8f0af4538f4e,2601 Ridge Rd,Charlotte,NC,28269,35.3629,-80.74593,10x10,10.0,10.0,8.0,100.0,medium,80.0,160.0
2026-08-30,cubesmart,4843,d58174dc-1511-4439-a208-c33115395e49,2601 Ridge Rd,Charlotte,NC,28269,35.3629,-80.74593,10x10,10.0,10.0,8.0,100.0,medium,81.25,125.0
2026-08-30,cubesmart,4843,0f1d53bb-6c36-4cdf-a13b-9a973722a51c,2601 Ridge Rd,Charlotte,NC,28269,35.3629,-80.74593,10x13,10.0,13.0,8.0,130.0,medium,96.0,192.0
2026-08-30,cubesmart,4843,db262c21-c3bf-4501-935c-619f00da026c,2601 Ridge Rd,Charlotte,NC,28269,35.3629,-80.74593,10x15,10.0,15.0,8.0,150.0,medium,96.85,149.0
2026-08-30,cubesmart,4843,bc040ca8-57cb-45e1-a9b7-ddd4482fd284,2601 Ridge Rd,Charlotte,NC,28269,35.3629,-80.74593,10x20,10.0,20.0,8.0,200.0,large,141.7,218.0
2026-08-30,cubesmart,4843,6cafd916-a1a6-4a00-8003-dd35d4fd5052,2601 Ridge Rd,Charlotte,NC,28269,35.3629,-80.74593,10x20,10.0,20.0,8.0,200.0,large,224.5,449.0
2026-08-30,cubesmart,4843,8c79a8f6-2b52-4e6e-9225-6d8288660d7f,2601 Ridge Rd,Charlotte,NC,28269,35.3629,-80.74593,15x20,15.0,20.0,8.0,300.0,large,253.0,506.0
2026-08-30,cubesmart,4843,e1fc2765-d20c-4d76-8452-d6e0fb69b846,2601 Ridge Rd,Charlotte,NC,28269,35.3629,-80.74593,5x10,5.0,10.0,8.0,50.0,small,51.5,103.0
2026-08-30,cubesmart,4843,d749ec54-7df2-4260-aa4d-aef09c51ce89,2601 Ridge Rd,Charlotte,NC,28269,35.3629,-80.74593,5x10,5.0,10.0,8.0,50.0,small,65.0,130.0
2026-08-30,cubesmart,4843,6d83c23a-d237-4be5-b7f8-052a38318989,2601 Ridge Rd,Charlotte,NC,28269,35.3629,-80.74593,5x5,5.0,5.0,8.0,25.0,small,36.5,73.0
2026-08-30,cubesmart,4843,fe8bc5a5-7b49-4f7e-b70b-f80736f17836,2601 Ridge Rd,Charlotte,NC,28269,35.3629,-80.74593,5x8,5.0,8.0,8.0,40.0,small,45.0,90.0
2026-08-30,cubesmart,4843,3bdab984-99f2-4808-9e2c-21cba08e06e1,2601 Ridge Rd,Charlotte,NC,28269,35.3629,-80.74593,8x10,8.0,10.0,8.0,80.0,medium,57.5,115.0
2026-08-30,cubesmart,328,46b8f2b4-9f62-485f-8dcc-add1047d74e6,5008 W W T Harris Blvd,Charlotte,NC,28269,35.33365,-80.81547,10x10,10.0,10.0,8.0,100.0,medium,124.8,208.0
2026-08-30,cubesmart,328,270dda89-0dd1-4d41-8b52-99690cf79556,5008 W W T Harris Blvd,Charlotte,NC,28269,35.33365,-80.81547,10x10,10.0,10.0,8.0,100.0,medium,99.0,165.0
2026-08-30,cubesmart,328,9627ce47-615a-4f8e-bc29-7bca62c0b615,5008 W W T Harris Blvd,Charlotte,NC,28269,35.33365,-80.81547,10x15,10.0,15.0,8.0,150.0,medium,175.8,293.0
2026-08-30,cubesmart,328,cdd67cb8-116d-44ca-b822-9043237444b5,5008 W W T Harris Blvd,Charlotte,NC,28269,35.33365,-80.81547,10x15,10.0,15.0,8.0,150.0,medium,203.4,339.0
2026-08-30,cubesmart,328,4e0a0b4f-dfe1-48af-b963-3dba36124fe7,5008 W W T Harris Blvd,Charlotte,NC,28269,35.33365,-80.81547,10x20,10.0,20.0,8.0,200.0,large,205.2,342.0
2026-08-30,cubesmart,328,a2a9c567-e2e0-46c2-8cd2-b5c94e9ed00c,5008 W W T Harris Blvd,Charlotte,NC,28269,35.33365,-80.81547,10x20,10.0,20.0,8.0,200.0,large,213.75,285.0
2026-08-30,cubesmart,328,7ac6fcdf-8e76-4653-997c-52d73039c29f,5008 W W T Harris Blvd,Charlotte,NC,28269,35.33365,-80.81547,10x20,10.0,20.0,8.0,200.0,large,228.6,381.0
2026-08-30,cubesmart,328,dc7772f3-fbd2-4704-bb2d-b3145a2d0802,5008 W W T Harris Blvd,Charlotte,NC,28269,35.33365,-80.81547,10x25,10.0,25.0,8.0,250.0,large,240.75,321.0
2026-08-30,cubesmart,328,f5d08318-57c7-48ab-9b3f-b535513634e6,5008 W W T Harris Blvd,Charlotte,NC,28269,35.33365,-80.81547,5x10,5.0,10.0,8.0,50.0,small,48.0,80.0
2026-08-30,cubesmart,328,80176cb9-1e3b-4e5d-ab3f-8e8965e1d214,5008 W W T Harris Blvd,Charlotte,NC,28269,35.33365,-80.81547,5x10,5.0,10.0,8.0,50.0,small,61.2,102.0
2026-08-30,cubesmart,328,dd9fe239-ebaf-486b-b0e8-8c0d3492f8bb,5008 W W T Harris Blvd,Charlotte,NC,28269,35.33365,-80.81547,5x20,5.0,20.0,8.0,100.0,medium,124.8,208.0
2026-08-30,cubesmart,328,f8c80f85-72f2-4ce8-aba3-15b24f8656b9,5008 W W T Harris Blvd,Charlotte,NC,28269,35.33365,-80.81547,5x5,5.0,5.0,8.0,25.0,small,33.0,55.0
2026-08-30,cubesmart,328,33c9629c-8467-46b7-af90-7b46574ec3e6,5008 W W T Harris Blvd,Charlotte,NC,28269,35.33365,-80.81547,5x5,5.0,5.0,8.0,25.0,small,46.2,77.0
2026-08-30,cubesmart,328,29cadbbb-da37-416f-962e-09bd786e8876,5008 W W T Harris Blvd,Charlotte,NC,28269,35.33365,-80.81547,5x6,5.0,6.0,8.0,30.0,small,36.0,60.0
2026-08-30,cubesmart,3439,360fa21f-bb7c-4120-9a61-c6f76da3aae2,16155 Lancaster Hwy,Charlotte,NC,28277,35.02827,-80.85031,10x10,10.0,10.0,8.0,100.0,medium,72.5,145.0
2026-08-30,cubesmart,3439,cc8f2c27-41aa-4f4c-b6d1-c821c13be944,16155 Lancaster Hwy,Charlotte,NC,28277,35.02827,-80.85031,10x10,10.0,10.0,8.0,100.0,medium,81.5,163.0
2026-08-30,cubesmart,3439,1d19aefa-6fec-4a1b-aaf1-cfee1f245fd7,16155 Lancaster Hwy,Charlotte,NC,28277,35.02827,-80.85031,10x13,10.0,13.0,8.0,130.0,medium,108.0,216.0
2026-08-30,cubesmart,3439,25ae6baa-8d9b-4fa4-acbe-cc6aa8beb4e6,16155 Lancaster Hwy,Charlotte,NC,28277,35.02827,-80.85031,10x15,10.0,15.0,8.0,150.0,medium,110.0,220.0
2026-08-30,cubesmart,3439,073d062a-1c3f-42d2-baa7-13da5e886f82,16155 Lancaster Hwy,Charlotte,NC,28277,35.02827,-80.85031,10x15,10.0,15.0,8.0,150.0,medium,110.0,220.0
2026-08-30,cubesmart,3439,d6ec1f52-5304-4bda-ada0-1d7cf454dccf,16155 Lancaster Hwy,Charlotte,NC,28277,35.02827,-80.85031,10x20,10.0,20.0,8.0,200.0,large,185.0,370.0
2026-08-30,cubesmart,3439,b65b6c7a-28a6-4564-9b9e-88acdc194a58,16155 Lancaster Hwy,Charlotte,NC,28277,35.02827,-80.85031,10x20,10.0,20.0,8.0,200.0,large,185.0,370.0
2026-08-30,cubesmart,3439,eff7f451-5dac-4fae-a229-aa6bb766655d,16155 Lancaster Hwy,Charlotte,NC,28277,35.02827,-80.85031,10x20,10.0,20.0,8.0,200.0,large,215.0,430.0
2026-08-30,cubesmart,3439,689f1e76-f612-4834-af8e-22b3562e7bd4,16155 Lancaster Hwy,Charlotte,NC,28277,35.02827,-80.85031,5x10,5.0,10.0,8.0,50.0,small,33.8,52.0
2026-08-30,cubesmart,3439,ae8104da-eb00-4460-9c17-4224999f06c8,16155 Lancaster Hwy,Charlotte,NC,28277,35.02827,-80.85031,5x5,5.0,5.0,8.0,25.0,small,27.0,54.0
2026-08-30,cubesmart,3439,bf503634-2193-4f93-86fa-b422bb9dca7b,16155 Lancaster Hwy,Charlotte,NC,28277,35.02827,-80.85031,5x5,5.0,5.0,8.0,25.0,small,31.5,63.0
2026-08-30,publicstorage,1796,V_322793,3710 Monroe Road,Charlotte,NC,28205,35.20039,-80.79774,10x10,10.0,10.0,,100.0,medium,46.0,92.0
2026-08-30,publicstorage,1796,V_649325,3710 Monroe Road,Charlotte,NC,28205,35.20039,-80.79774,10x10,10.0,10.0,,100.0,medium,65.0,130.0
2026-08-30,publicstorage,1796,V_322792,3710 Monroe Road,Charlotte,NC,28205,35.20039,-80.79774,10x15,10.0,15.0,,150.0,large,77.0,154.0
2026-08-30,publicstorage,1796,V_649220,3710 Monroe Road,Charlotte,NC,28205,35.20039,-80.79774,10x20,10.0,20.0,,200.0,large,138.0,276.0
2026-08-30,publicstorage,1796,V_1423023,3710 Monroe Road,Charlotte,NC,28205,35.20039,-80.79774,10x20,10.0,20.0,,200.0,large,97.0,194.0
2026-08-30,publicstorage,1796,V_1423025,3710 Monroe Road,Charlotte,NC,28205,35.20039,-80.79774,10x20,10.0,20.0,,200.0,large,99.0,198.0
2026-08-30,publicstorage,1796,V_1536323,3710 Monroe Road,Charlotte,NC,28205,35.20039,-80.79774,10x25,10.0,25.0,,250.0,large,175.0,292.0
2026-08-30,publicstorage,1796,V_582876,3710 Monroe Road,Charlotte,NC,28205,35.20039,-80.79774,20x30,20.0,30.0,,600.0,large,269.0,448.0
2026-08-30,publicstorage,1796,V_1536322,3710 Monroe Road,Charlotte,NC,28205,35.20039,-80.79774,20x30,20.0,30.0,,600.0,large,328.0,546.0
2026-08-30,publicstorage,1796,V_322790,3710 Monroe Road,Charlotte,NC,28205,35.20039,-80.79774,5x10,5.0,10.0,,50.0,small,34.0,68.0
2026-08-30,publicstorage,1796,V_1569099,3710 Monroe Road,Charlotte,NC,28205,35.20039,-80.79774,5x10,5.0,10.0,,50.0,small,44.0,88.0
2026-08-30,publicstorage,2334,V_613570,1001 N Tryon St,Charlotte,NC,28206,35.23509,-80.83288,10x10,10.0,10.0,,100.0,medium,71.0,118.0
2026-08-30,publicstorage,2334,V_613574,1001 N Tryon St,Charlotte,NC,28206,35.23509,-80.83288,10x15,10.0,15.0,,150.0,large,126.0,168.0
2026-08-30,publicstorage,2334,V_613573,1001 N Tryon St,Charlotte,NC,28206,35.23509,-80.83288,5x10,5.0,10.0,,50.0,small,40.0,80.0
2026-08-30,publicstorage,2334,V_613577,1001 N Tryon St,Charlotte,NC,28206,35.23509,-80.83288,5x15,5.0,15.0,,75.0,medium,56.0,94.0
2026-08-30,publicstorage,1168,V_1499875,1508 Ashley Road,Charlotte,NC,28208,35.2418,-80.89735,10x10,10.0,10.0,,100.0,medium,108.0,144.0
2026-08-30,publicstorage,1168,V_1423898,1508 Ashley Road,Charlotte,NC,28208,35.2418,-80.89735,10x20,10.0,20.0,,200.0,large,99.0,198.0
2026-08-30,publicstorage,1168,V_1566365,1508 Ashley Road,Charlotte,NC,28208,35.2418,-80.89735,5x10,5.0,10.0,,50.0,small,65.0,86.0
2026-08-30,publicstorage,1168,V_600621,1508 Ashley Road,Charlotte,NC,28208,35.2418,-80.89735,5x10,5.0,10.0,,50.0,small,81.0,108.0
2026-08-30,publicstorage,2092,V_336791,3912 Wilkinson Blvd,Charlotte,NC,28208,35.22531,-80.90635,10x10,10.0,10.0,,100.0,medium,59.0,118.0
2026-08-30,publicstorage,2092,V_336797,3912 Wilkinson Blvd,Charlotte,NC,28208,35.22531,-80.90635,10x15,10.0,15.0,,150.0,large,131.0,175.0
2026-08-30,publicstorage,2092,V_1578229,3912 Wilkinson Blvd,Charlotte,NC,28208,35.22531,-80.90635,10x20,10.0,20.0,,200.0,large,137.0,228.0
2026-08-30,publicstorage,2092,V_1518018,3912 Wilkinson Blvd,Charlotte,NC,28208,35.22531,-80.90635,10x20,10.0,20.0,,200.0,parking,74.0,98.0
2026-08-30,publicstorage,2092,V_581805,3912 Wilkinson Blvd,Charlotte,NC,28208,35.22531,-80.90635,10x30,10.0,30.0,,300.0,large,210.0,300.0
2026-08-30,publicstorage,2092,V_325164,3912 Wilkinson Blvd,Charlotte,NC,28208,35.22531,-80.90635,15x20,15.0,20.0,,300.0,large,225.0,322.0
2026-08-30,publicstorage,2092,V_580631,3912 Wilkinson Blvd,Charlotte,NC,28208,35.22531,-80.90635,20x20,20.0,20.0,,400.0,large,241.0,321.0
2026-08-30,publicstorage,2092,V_325174,3912 Wilkinson Blvd,Charlotte,NC,28208,35.22531,-80.90635,5x10,5.0,10.0,,50.0,small,54.0,90.0
2026-08-30,publicstorage,2092,V_325178,3912 Wilkinson Blvd,Charlotte,NC,28208,35.22531,-80.90635,5x5,5.0,5.0,,25.0,small,46.0,61.0
2026-08-30,publicstorage,1024,V_576911,4329 South Blvd,Charlotte,NC,28209,35.18362,-80.87503,10x10,10.0,10.0,,100.0,medium,66.0,110.0
2026-08-30,publicstorage,1024,V_566786,4329 South Blvd,Charlotte,NC,28209,35.18362,-80.87503,10x15,10.0,15.0,,150.0,large,98.0,164.0
2026-08-30,publicstorage,1024,V_1423716,4329 South Blvd,Charlotte,NC,28209,35.18362,-80.87503,10x20,10.0,20.0,,200.0,large,117.0,234.0
2026-08-30,publicstorage,1024,V_1423715,4329 South Blvd,Charlotte,NC,28209,35.18362,-80.87503,10x30,10.0,30.0,,300.0,large,172.0,246.0
2026-08-30,publicstorage,1024,V_576913,4329 South Blvd,Charlotte,NC,28209,35.18362,-80.87503,5x10,5.0,10.0,,50.0,small,43.0,72.0
2026-08-30,publicstorage,1024,V_576914,4329 South Blvd,Charlotte,NC,28209,35.18362,-80.87503,5x15,5.0,15.0,,75.0,medium,45.0,90.0
2026-08-30,publicstorage,1024,V_587870,4329 South Blvd,Charlotte,NC,28209,35.18362,-80.87503,5x20,5.0,20.0,,100.0,medium,62.0,104.0
2026-08-30,publicstorage,2072,V_1493663,4555 South Blvd,Charlotte,NC,28209,35.17976,-80.87452,10x10,10.0,10.0,,100.0,medium,64.0,106.0
2026-08-30,publicstorage,2072,V_1567801,4555 South Blvd,Charlotte,NC,28209,35.17976,-80.87452,10x10,10.0,10.0,,100.0,medium,64.0,106.0
2026-08-30,publicstorage,2072,V_571004,4555 South Blvd,Charlotte,NC,28209,35.17976,-80.87452,10x12,10.0,12.0,,120.0,medium,79.0,132.0
2026-08-30,publicstorage,2072,V_321941,4555 South Blvd,Charlotte,NC,28209,35.17976,-80.87452,10x15,10.0,15.0,,150.0,large,86.0,144.0
2026-08-30,publicstorage,2072,V_1505497,4555 South Blvd,Charlotte,NC,28209,35.17976,-80.87452,10x15,10.0,15.0,,150.0,large,89.0,148.0
2026-08-30,publicstorage,2072,V_1493666,4555 South Blvd,Charlotte,NC,28209,35.17976,-80.87452,10x15,10.0,15.0,,150.0,large,91.0,152.0
2026-08-30,publicstorage,2072,V_1530050,4555 South Blvd,Charlotte,NC,28209,35.17976,-80.87452,10x20,10.0,20.0,,200.0,large,144.0,206.0
2026-08-30,publicstorage,2072,V_570998,4555 South Blvd,Charlotte,NC,28209,35.17976,-80.87452,10x20,10.0,20.0,,200.0,large,144.0,206.0
2026-08-30,publicstorage,2072,V_1506663,4555 South Blvd,Charlotte,NC,28209,35.17976,-80.87452,10x20,10.0,20.0,,200.0,large,167.0,238.0
2026-08-30,publicstorage,2072,V_571003,4555 South Blvd,Charlotte,NC,28209,35.17976,-80.87452,10x25,10.0,25.0,,250.0,large,155.0,207.0
2026-08-30,publicstorage,2072,V_1335971,4555 South Blvd,Charlotte,NC,28209,35.17976,-80.87452,14x20,14.0,20.0,,280.0,large,108.0,144.0
2026-08-30,publicstorage,2072,V_1493672,4555 South Blvd,Charlotte,NC,28209,35.17976,-80.87452,5x10,5.0,10.0,,50.0,small,40.0,66.0
2026-08-30,publicstorage,2072,V_1493674,4555 South Blvd,Charlotte,NC,28209,35.17976,-80.87452,5x10,5.0,10.0,,50.0,small,44.0,74.0
2026-08-30,publicstorage,2072,V_1567802,4555 South Blvd,Charlotte,NC,28209,35.17976,-80.87452,5x10,5.0,10.0,,50.0,small,56.0,94.0
2026-08-30,publicstorage,2072,V_1567806,4555 South Blvd,Charlotte,NC,28209,35.17976,-80.87452,5x15,5.0,15.0,,75.0,medium,71.0,95.0
2026-08-30,publicstorage,2072,V_571120,4555 South Blvd,Charlotte,NC,28209,35.17976,-80.87452,5x5,5.0,5.0,,25.0,small,34.0,56.0
2026-08-30,publicstorage,2072,V_1493673,4555 South Blvd,Charlotte,NC,28209,35.17976,-80.87452,5x5,5.0,5.0,,25.0,small,34.0,56.0
2026-08-30,publicstorage,2072,V_1456063,4555 South Blvd,Charlotte,NC,28209,35.17976,-80.87452,5x5,5.0,5.0,,25.0,small,36.0,60.0
2026-08-30,publicstorage,2072,V_1506665,4555 South Blvd,Charlotte,NC,28209,35.17976,-80.87452,5x5,5.0,5.0,,25.0,small,38.0,64.0
2026-08-30,publicstorage,2072,V_1567808,4555 South Blvd,Charlotte,NC,28209,35.17976,-80.87452,6x15,6.0,15.0,,90.0,medium,65.0,108.0
2026-08-30,publicstorage,2120,V_1500467,4715 Park Road,Charlotte,NC,28209,35.16605,-80.84994,10x10,10.0,10.0,,100.0,medium,119.0,159.0
2026-08-30,publicstorage,2120,V_331707,4715 Park Road,Charlotte,NC,28209,35.16605,-80.84994,10x11,10.0,11.0,,110.0,medium,119.0,159.0
2026-08-30,publicstorage,2120,V_1456045,4715 Park Road,Charlotte,NC,28209,35.16605,-80.84994,10x15,10.0,15.0,,150.0,large,162.0,216.0
2026-08-30,publicstorage,2120,V_1456057,4715 Park Road,Charlotte,NC,28209,35.16605,-80.84994,10x20,10.0,20.0,,200.0,large,209.0,279.0
2026-08-30,publicstorage,2120,V_331717,4715 Park Road,Charlotte,NC,28209,35.16605,-80.84994,11x11.5,11.0,11.5,,126.5,large,131.0,175.0
2026-08-30,publicstorage,2441,V_625328,4730 N Tryon St,Charlotte,NC,28213,35.25684,-80.78595,10x10,10.0,10.0,,100.0,medium,50.0,100.0
2026-08-30,publicstorage,2441,V_625327,4730 N Tryon St,Charlotte,NC,28213,35.25684,-80.78595,10x15,10.0,15.0,,150.0,large,84.0,140.0
2026-08-30,publicstorage,2441,V_1423960,4730 N Tryon St,Charlotte,NC,28213,35.25684,-80.78595,10x20,10.0,20.0,,200.0,large,112.0,186.0
2026-08-30,publicstorage,2441,V_1539863,4730 N Tryon St,Charlotte,NC,28213,35.25684,-80.78595,12x28,12.0,28.0,,336.0,large,227.0,303.0
2026-08-30,publicstorage,2441,V_625338,4730 N Tryon St,Charlotte,NC,28213,35.25684,-80.78595,12x28,12.0,28.0,,336.0,large,232.0,309.0
2026-08-30,publicstorage,2441,V_1577807,4730 N Tryon St,Charlotte,NC,28213,35.25684,-80.78595,3x3,3.0,3.0,,9.0,small,18.0,36.0
2026-08-30,publicstorage,2441,V_625326,4730 N Tryon St,Charlotte,NC,28213,35.25684,-80.78595,5x10,5.0,10.0,,50.0,small,40.0,66.0
2026-08-30,publicstorage,2441,V_625332,4730 N Tryon St,Charlotte,NC,28213,35.25684,-80.78595,5x15,5.0,15.0,,75.0,medium,60.0,80.0
2026-08-30,publicstorage,2441,V_625333,4730 N Tryon St,Charlotte,NC,28213,35.25684,-80.78595,5x5,5.0,5.0,,25.0,small,26.0,52.0
2026-08-30,publicstorage,1164,V_586454,5748 N Tryon Street,Charlotte,NC,28213,35.26468,-80.76825,10x10,10.0,10.0,,100.0,medium,56.0,112.0
2026-08-30,publicstorage,1164,V_389390,5748 N Tryon Street,Charlotte,NC,28213,35.26468,-80.76825,10x15,10.0,15.0,,150.0,large,76.0,126.0
2026-08-30,publicstorage,1164,V_1423111,5748 N Tryon Street,Charlotte,NC,28213,35.26468,-80.76825,10x20,10.0,20.0,,200.0,large,127.0,212.0
2026-08-30,publicstorage,1164,V_1518027,5748 N Tryon Street,Charlotte,NC,28213,35.26468,-80.76825,10x20,10.0,20.0,,200.0,parking,70.0,116.0
2026-08-30,publicstorage,1164,V_579483,5748 N Tryon Street,Charlotte,NC,28213,35.26468,-80.76825,10x30,10.0,30.0,,300.0,large,132.0,220.0
2026-08-30,publicstorage,1164,V_583663,5748 N Tryon Street,Charlotte,NC,28213,35.26468,-80.76825,30x30,30.0,30.0,,900.0,large,419.0,559.0
2026-08-30,publicstorage,1164,V_586455,5748 N Tryon Street,Charlotte,NC,28213,35.26468,-80.76825,5x10,5.0,10.0,,50.0,small,32.0,64.0
2026-08-30,publicstorage,1164,V_188108,5748 N Tryon Street,Charlotte,NC,28213,35.26468,-80.76825,5x15,5.0,15.0,,75.0,medium,67.0,89.0
2026-08-30,publicstorage,1164,V_356673,5748 N Tryon Street,Charlotte,NC,28213,35.26468,-80.76825,5x20,5.0,20.0,,100.0,medium,61.0,122.0
2026-08-30,publicstorage,1164,V_1577824,5748 N Tryon Street,Charlotte,NC,28213,35.26468,-80.76825,5x5,5.0,5.0,,25.0,small,22.0,36.0
2026-08-30,publicstorage,2333,V_1575648,5607 S Tryon St,Charlotte,NC,28217,35.16988,-80.90249,10x10,10.0,10.0,,100.0,medium,53.0,88.0
2026-08-30,publicstorage,2333,V_1575647,5607 S Tryon St,Charlotte,NC,28217,35.16988,-80.90249,10x12,10.0,12.0,,120.0,medium,68.0,114.0
2026-08-30,publicstorage,2333,V_1575684,5607 S Tryon St,Charlotte,NC,28217,35.16988,-80.90249,10x12,10.0,12.0,,120.0,medium,70.0,116.0
2026-08-30,publicstorage,2333,V_1575651,5607 S Tryon St,Charlotte,NC,28217,35.16988,-80.90249,10x15,10.0,15.0,,150.0,large,78.0,130.0
2026-08-30,publicstorage,2333,V_1575650,5607 S Tryon St,Charlotte,NC,28217,35.16988,-80.90249,10x20,10.0,20.0,,200.0,large,162.0,216.0
2026-08-30,publicstorage,2333,V_1538112,5607 S Tryon St,Charlotte,NC,28217,35.16988,-80.90249,10x25,10.0,25.0,,250.0,large,232.0,309.0
2026-08-30,publicstorage,2333,V_1538107,5607 S Tryon St,Charlotte,NC,28217,35.16988,-80.90249,10x30,10.0,30.0,,300.0,large,231.0,308.0
2026-08-30,publicstorage,2333,V_1538110,5607 S Tryon St,Charlotte,NC,28217,35.16988,-80.90249,4x5,4.0,5.0,,20.0,small,39.0,52.0
2026-08-30,publicstorage,2333,V_1575649,5607 S Tryon St,Charlotte,NC,28217,35.16988,-80.90249,5x10,5.0,10.0,,50.0,small,37.0,62.0
2026-08-30,publicstorage,2333,V_1500411,5607 S Tryon St,Charlotte,NC,28217,35.16988,-80.90249,5x10,5.0,10.0,,50.0,small,41.0,68.0
2026-08-30,publicstorage,2333,V_1575644,5607 S Tryon St,Charlotte,NC,28217,35.16988,-80.90249,5x10,5.0,10.0,,50.0,small,44.0,74.0
2026-08-30,publicstorage,2333,V_1575652,5607 S Tryon St,Charlotte,NC,28217,35.16988,-80.90249,5x12,5.0,12.0,,60.0,small,42.0,70.0
2026-08-30,publicstorage,2333,V_1575654,5607 S Tryon St,Charlotte,NC,28217,35.16988,-80.90249,5x5,5.0,5.0,,25.0,small,35.0,47.0
2026-08-30,publicstorage,2333,V_1533797,5607 S Tryon St,Charlotte,NC,28217,35.16988,-80.90249,5x5,5.0,5.0,,25.0,small,41.0,54.0
2026-08-30,publicstorage,2333,V_1500423,5607 S Tryon St,Charlotte,NC,28217,35.16988,-80.90249,7x10,7.0,10.0,,70.0,medium,76.0,101.0
2026-08-30,publicstorage,2333,V_1588554,5607 S Tryon St,Charlotte,NC,28217,35.16988,-80.90249,7x10,7.0,10.0,,70.0,medium,85.0,113.0
2026-08-30,publicstorage,2333,V_1588555,5607 S Tryon St,Charlotte,NC,28217,35.16988,-80.90249,7x15,7.0,15.0,,105.0,medium,72.0,120.0
2026-08-31,cubesmart,4962,9fdfd8ed-9da5-46e0-8319-711cd54f01d6,2324 S Point Rd,Belmont,NC,28012,35.18484,-81.02258,10x10,10.0,10.0,8.0,100.0,medium,50.4,84.0
2026-08-31,cubesmart,4962,db5666c9-c91f-4783-ba83-9c4f965682bf,2324 S Point Rd,Belmont,NC,28012,35.18484,-81.02258,10x10,10.0,10.0,8.0,100.0,medium,88.8,148.0
2026-08-31,cubesmart,4962,8fba6f1d-d2d9-4d11-806d-c93f4bc657c4,2324 S Point Rd,Belmont,NC,28012,35.18484,-81.02258,10x15,10.0,15.0,8.0,150.0,medium,113.4,189.0
2026-08-31,cubesmart,4962,e33cacbd-988e-457e-99ba-36f5226f56ba,2324 S Point Rd,Belmont,NC,28012,35.18484,-81.02258,10x15,10.0,15.0,8.0,150.0,medium,79.2,132.0
2026-08-31,cubesmart,4962,ac91ffcc-4d22-48fa-afd0-616657165403,2324 S Point Rd,Belmont,NC,28012,35.18484,-81.02258,10x20,10.0,20.0,8.0,200.0,large,114.6,191.0
2026-08-31,cubesmart,4962,421e4d28-6f6f-41f0-b1f8-11caab3581bd,2324 S Point Rd,Belmont,NC,28012,35.18484,-81.02258,10x20,10.0,20.0,8.0,200.0,large,142.2,237.0
2026-08-31,cubesmart,4962,c20a2124-f4e0-4975-addf-e2bc27fffb46,2324 S Point Rd,Belmont,NC,28012,35.18484,-81.02258,10x30,10.0,30.0,8.0,300.0,large,161.4,269.0
2026-08-31,cubesmart,4962,b49f9c9e-17bb-4d50-a1f5-63973dad7d42,2324 S Point Rd,Belmont,NC,28012,35.18484,-81.02258,15x20,15.0,20.0,8.0,300.0,large,175.8,293.0
2026-08-31,cubesmart,4962,8fd1711a-5060-4813-bf43-69536a016879,2324 S Point Rd,Belmont,NC,28012,35.18484,-81.02258,20 ft,,20.0,,,parking,80.4,134.0
2026-08-31,cubesmart,4962,d1921364-cdf5-4398-bb86-c5d2e7ee6693,2324 S Point Rd,Belmont,NC,28012,35.18484,-81.02258,5x10,5.0,10.0,8.0,50.0,small,27.6,46.0
2026-08-31,cubesmart,4962,056bbbf3-f590-478e-b66b-7d9991295d5b,2324 S Point Rd,Belmont,NC,28012,35.18484,-81.02258,5x10,5.0,10.0,8.0,50.0,small,50.4,84.0
2026-08-31,cubesmart,4962,27305387-0cc0-4d10-a29f-b1286944b917,2324 S Point Rd,Belmont,NC,28012,35.18484,-81.02258,5x5,5.0,5.0,8.0,25.0,small,25.8,43.0
2026-08-31,cubesmart,4962,d24f7c7a-2341-4378-82b7-e4dde8008016,2324 S Point Rd,Belmont,NC,28012,35.18484,-81.02258,7x10,7.0,10.0,8.0,70.0,small,27.0,36.0
2026-08-31,cubesmart,4962,a81b7e9c-ea9e-48bf-8270-c9cafb01b05b,2324 S Point Rd,Belmont,NC,28012,35.18484,-81.02258,7x10,7.0,10.0,8.0,70.0,small,55.8,93.0
2026-08-31,cubesmart,4962,6495987b-04a4-4b63-97cb-1dfd8bf60548,2324 S Point Rd,Belmont,NC,28012,35.18484,-81.02258,7x10,7.0,10.0,8.0,70.0,small,64.2,107.0
2026-08-31,cubesmart,4962,745f1de6-1ae6-4f38-95ce-7ab1e362ea3f,2324 S Point Rd,Belmont,NC,28012,35.18484,-81.02258,8x10,8.0,10.0,8.0,80.0,medium,35.4,59.0
2026-08-31,cubesmart,400,6c5c05c4-16e3-4276-bb5f-12f0a8c0be1c,5921 Wilkinson Blvd,Belmont,NC,28012,35.24889,-81.0611,10x10,10.0,10.0,8.0,100.0,medium,60.0,80.0
2026-08-31,cubesmart,400,75e2790f-0f12-4f25-b761-dd6ef5bf9fd8,5921 Wilkinson Blvd,Belmont,NC,28012,35.24889,-81.0611,10x10,10.0,10.0,8.0,100.0,medium,84.6,141.0
2026-08-31,cubesmart,400,48a8e1fd-eb77-4e51-a1f1-4440d66dcf35,5921 Wilkinson Blvd,Belmont,NC,28012,35.24889,-81.0611,10x15,10.0,15.0,8.0,150.0,medium,132.6,221.0
2026-08-31,cubesmart,400,941206b2-ef5b-4cd4-9bf3-2ae8cf818509,5921 Wilkinson Blvd,Belmont,NC,28012,35.24889,-81.0611,10x15,10.0,15.0,8.0,150.0,medium,98.4,164.0
2026-08-31,cubesmart,400,5908f2c9-781e-4877-90b5-2250234ba31d,5921 Wilkinson Blvd,Belmont,NC,28012,35.24889,-81.0611,10x20,10.0,20.0,8.0,200.0,large,106.5,142.0
2026-08-31,cubesmart,400,2740755f-f646-42ac-9e82-f4f0c97dc1bd,5921 Wilkinson Blvd,Belmont,NC,28012,35.24889,-81.0611,10x20,10.0,20.0,8.0,200.0,large,172.2,287.0
2026-08-31,cubesmart,400,737b59cc-1c06-4a52-8d60-e14e08cc5271,5921 Wilkinson Blvd,Belmont,NC,28012,35.24889,-81.0611,15x20,15.0,20.0,8.0,300.0,large,145.8,243.0
2026-08-31,cubesmart,400,e325f94b-27a2-4894-ba8c-b5f4f041d32d,5921 Wilkinson Blvd,Belmont,NC,28012,35.24889,-81.0611,15x20,15.0,20.0,8.0,300.0,large,189.0,315.0
2026-08-31,cubesmart,400,c9a60b0d-775a-4ef4-9869-1e2da8a2cf58,5921 Wilkinson Blvd,Belmont,NC,28012,35.24889,-81.0611,15x20,15.0,20.0,8.0,300.0,large,189.0,315.0
2026-08-31,cubesmart,400,91d0962b-eba6-479b-8857-ebb323500e76,5921 Wilkinson Blvd,Belmont,NC,28012,35.24889,-81.0611,20 ft,,20.0,,,parking,61.2,102.0
2026-08-31,cubesmart,400,9910976c-bbfd-4e5a-9c22-de2bb0bbf93b,5921 Wilkinson Blvd,Belmont,NC,28012,35.24889,-81.0611,20x20,20.0,20.0,8.0,400.0,large,227.4,379.0
2026-08-31,cubesmart,400,004acb28-2fcc-4008-9aff-6bc3d22e5ed4,5921 Wilkinson Blvd,Belmont,NC,28012,35.24889,-81.0611,5x10,5.0,10.0,8.0,50.0,small,45.0,75.0
2026-08-31,cubesmart,400,b5d765a3-ec5b-45b0-846d-d70e36f01591,5921 Wilkinson Blvd,Belmont,NC,28012,35.24889,-81.0611,5x10,5.0,10.0,8.0,50.0,small,67.2,112.0
2026-08-31,cubesmart,400,4c7626b3-b8dc-4789-a802-cf9fd5a83f2f,5921 Wilkinson Blvd,Belmont,NC,28012,35.24889,-81.0611,5x5,5.0,5.0,8.0,25.0,small,31.2,52.0
2026-08-31,cubesmart,400,db00b50a-74c4-4e2a-8879-55a5b96aacb6,5921 Wilkinson Blvd,Belmont,NC,28012,35.24889,-81.0611,5x5,5.0,5.0,8.0,25.0,small,54.6,91.0
2026-08-31,cubesmart,5263,43ab79bf-2da5-4486-8672-43a98315a810,620 Webb Rd,Concord,NC,28025,35.37815,-80.58394,10x10,10.0,10.0,8.0,100.0,medium,57.0,114.0
2026-08-31,cubesmart,5263,01504710-7237-4466-92c0-c6101565447d,620 Webb Rd,Concord,NC,28025,35.37815,-80.58394,10x10,10.0,10.0,8.0,100.0,medium,91.0,182.0
2026-08-31,cubesmart,5263,c2e2b634-01fb-4b13-8cec-63dbd7c53c8a,620 Webb Rd,Concord,NC,28025,35.37815,-80.58394,10x13,10.0,13.0,8.0,130.0,medium,112.5,225.0
2026-08-31,cubesmart,5263,2a908fac-de6d-4de2-91d4-e9017320f60a,620 Webb Rd,Concord,NC,28025,35.37815,-80.58394,10x15,10.0,15.0,8.0,150.0,medium,123.0,246.0
2026-08-31,cubesmart,5263,6e0222cf-15ba-416a-b2c3-04d8e3423cd6,620 Webb Rd,Concord,NC,28025,35.37815,-80.58394,10x15,10.0,15.0,8.0,150.0,medium,80.5,161.0
2026-08-31,cubesmart,5263,7e740b8f-7b9f-49f5-bc4f-705cd760445a,620 Webb Rd,Concord,NC,28025,35.37815,-80.58394,10x20,10.0,20.0,8.0,200.0,large,102.5,205.0
2026-08-31,cubesmart,5263,e5cc71ac-c517-446b-acff-d15790ff9ff5,620 Webb Rd,Concord,NC,28025,35.37815,-80.58394,10x20,10.0,20.0,8.0,200.0,large,155.5,311.0
2026-08-31,cubesmart,5263,73893dd1-c3f2-4119-99a9-0f0321cc6438,620 Webb Rd,Concord,NC,28025,35.37815,-80.58394,10x20,10.0,20.0,8.0,200.0,large,155.5,311.0
2026-08-31,cubesmart,5263,95626ab1-e704-4722-87d0-2bb61668e749,620 Webb Rd,Concord,NC,28025,35.37815,-80.58394,10x25,10.0,25.0,8.0,250.0,large,187.5,375.0
2026-08-31,cubesmart,5263,2a3f02cd-1b24-4a23-b584-b19df481f2ca,620 Webb Rd,Concord,NC,28025,35.37815,-80.58394,10x30,10.0,30.0,8.0,300.0,large,214.5,429.0
2026-08-31,cubesmart,5263,6176d1d8-f5b6-48ad-b121-7305de784a46,620 Webb Rd,Concord,NC,28025,35.37815,-80.58394,40 ft,,40.0,,,parking,69.6,116.0
2026-08-31,cubesmart,5263,ed2b9b5c-60af-4e87-855f-e5bbfa13ea0c,620 Webb Rd,Concord,NC,28025,35.37815,-80.58394,5x10,5.0,10.0,8.0,50.0,small,51.0,102.0
2026-08-31,cubesmart,5263,84c69aee-a7b4-4e06-a7da-68bd9f8365ea,620 Webb Rd,Concord,NC,28025,35.37815,-80.58394,5x10,5.0,10.0,8.0,50.0,small,51.0,102.0
2026-08-31,cubesmart,5263,7db45bb5-0a3f-464e-8fe0-71f4917f1351,620 Webb Rd,Concord,NC,28025,35.37815,-80.58394,5x5,5.0,5.0,8.0,25.0,small,30.5,61.0
2026-08-31,cubesmart,5263,e8aed165-0a3c-431d-a617-36f8036dc4c2,620 Webb Rd,Concord,NC,28025,35.37815,-80.58394,8x10,8.0,10.0,8.0,80.0,medium,76.0,152.0
2026-08-31,cubesmart,3281,c7b045d9-fb1b-4f24-a647-0ac3e12499dd,10921 Bailey Rd,Cornelius,NC,28031,35.46308,-80.85178,10x10,10.0,10.0,8.0,100.0,medium,100.1,154.0
2026-08-31,cubesmart,3281,ad1b709d-e08e-4548-9f4d-20b1fb6c8895,10921 Bailey Rd,Cornelius,NC,28031,35.46308,-80.85178,10x10,10.0,10.0,8.0,100.0,medium,101.5,203.0
2026-08-31,cubesmart,3281,15af0feb-d116-4893-b557-171ce9afc24c,10921 Bailey Rd,Cornelius,NC,28031,35.46308,-80.85178,10x15,10.0,15.0,8.0,150.0,medium,118.95,183.0
2026-08-31,cubesmart,3281,795ef59d-1aee-48ef-890c-805aadb54e7f,10921 Bailey Rd,Cornelius,NC,28031,35.46308,-80.85178,10x15,10.0,15.0,8.0,150.0,medium,121.0,242.0
2026-08-31,cubesmart,3281,0cdea52c-29ce-4313-af67-b72f178a043a,10921 Bailey Rd,Cornelius,NC,28031,35.46308,-80.85178,10x17,10.0,17.0,8.0,170.0,large,130.0,260.0
2026-08-31,cubesmart,3281,301074c7-98d9-4104-b714-a46e782176a4,10921 Bailey Rd,Cornelius,NC,28031,35.46308,-80.85178,10x20,10.0,20.0,8.0,200.0,large,133.5,267.0
2026-08-31,cubesmart,3281,72d38cc1-9671-4714-abdb-a72f6fe9ede0,10921 Bailey Rd,Cornelius,NC,28031,35.46308,-80.85178,10x30,10.0,30.0,8.0,300.0,large,165.1,254.0
2026-08-31,cubesmart,3281,333255a9-aaf8-4a01-9da4-e7aca4a18780,10921 Bailey Rd,Cornelius,NC,28031,35.46308,-80.85178,20 ft,,20.0,,,parking,55.8,93.0
2026-08-31,cubesmart,3281,3059e7c0-610d-4917-9bac-b035b4a76ea3,10921 Bailey Rd,Cornelius,NC,28031,35.46308,-80.85178,25 ft,,25.0,,,parking,61.8,103.0
2026-08-31,cubesmart,3281,3a1ca56d-6b8a-4d4d-8050-57b1bc0fedb3,10921 Bailey Rd,Cornelius,NC,28031,35.46308,-80.85178,30 ft,,30.0,,,parking,50.4,84.0
2026-08-31,cubesmart,3281,693a59d2-ffb3-4148-8ff1-cf044e4b4cc8,10921 Bailey Rd,Cornelius,NC,28031,35.46308,-80.85178,40 ft,,40.0,,,parking,76.8,128.0
2026-08-31,cubesmart,3281,bfd000ff-530f-4861-b3cc-416b119f9726,10921 Bailey Rd,Cornelius,NC,28031,35.46308,-80.85178,5x10,5.0,10.0,8.0,50.0,small,41.0,82.0
2026-08-31,cubesmart,3281,bb320edb-2e6c-43d0-82ca-34f08d3dc1b7,10921 Bailey Rd,Cornelius,NC,28031,35.46308,-80.85178,5x10,5.0,10.0,8.0,50.0,small,41.0,82.0
2026-08-31,cubesmart,3281,7835d1ea-7fed-45c9-bfb9-492cac43f5a4,10921 Bailey Rd,Cornelius,NC,28031,35.46308,-80.85178,5x10,5.0,10.0,8.0,50.0,small,68.5,137.0
2026-08-31,cubesmart,3281,7e2298a7-f231-404f-b94c-0eb50df87bf8,10921 Bailey Rd,Cornelius,NC,28031,35.46308,-80.85178,5x10,5.0,10.0,8.0,50.0,small,68.5,137.0
2026-08-31,cubesmart,3281,1861c868-9379-42ff-ad47-610eb301882d,10921 Bailey Rd,Cornelius,NC,28031,35.46308,-80.85178,5x5,5.0,5.0,8.0,25.0,small,26.5,53.0
2026-08-31,cubesmart,3281,19799cb9-3860-4e86-87b7-8258ed328bc9,10921 Bailey Rd,Cornelius,NC,28031,35.46308,-80.85178,5x5,5.0,5.0,8.0,25.0,small,32.0,64.0
2026-08-31,cubesmart,3032,74e6a7b4-44e0-41dd-93b1-d2f68cdfb780,1105 Waxhaw Indian Trail Rd,Indian Trail,NC,28079,35.06715,-80.67944,10x10,10.0,10.0,8.0,100.0,medium,51.0,102.0
2026-08-31,cubesmart,3032,bbd01532-c511-434c-bd11-dba09d3f2f55,1105 Waxhaw Indian Trail Rd,Indian Trail,NC,28079,35.06715,-80.67944,10x15,10.0,15.0,8.0,150.0,medium,62.5,125.0
2026-08-31,cubesmart,3032,7e02efb6-b8ad-488e-9822-dda494ad9563,1105 Waxhaw Indian Trail Rd,Indian Trail,NC,28079,35.06715,-80.67944,10x20,10.0,20.0,8.0,200.0,large,103.0,206.0
2026-08-31,cubesmart,3032,e3dc5ee2-7ef6-4cfe-8d3b-530d0adacbe4,1105 Waxhaw Indian Trail Rd,Indian Trail,NC,28079,35.06715,-80.67944,10x20,10.0,20.0,10.0,200.0,large,80.5,161.0
2026-08-31,cubesmart,3032,3082e108-8908-467a-a839-e48e98379212,1105 Waxhaw Indian Trail Rd,Indian Trail,NC,28079,35.06715,-80.67944,10x20,10.0,20.0,8.0,200.0,large,88.5,177.0
2026-08-31,cubesmart,3032,db9faada-3155-4e2a-a9be-e920c992a4eb,1105 Waxhaw Indian Trail Rd,Indian Trail,NC,28079,35.06715,-80.67944,10x30,10.0,30.0,8.0,300.0,large,151.5,303.0
2026-08-31,cubesmart,3032,a6ab561f-e789-4dea-ad94-5877e516069e,1105 Waxhaw Indian Trail Rd,Indian Trail,NC,28079,35.06715,-80.67944,10x35,10.0,35.0,8.0,350.0,large,212.5,425.0
2026-08-31,cubesmart,3032,f9560802-c771-4a09-a136-16da059f2f7d,1105 Waxhaw Indian Trail Rd,Indian Trail,NC,28079,35.06715,-80.67944,20 ft,,20.0,,,parking,132.6,221.0
2026-08-31,cubesmart,3032,cbf28230-ce8f-42d4-8af2-ac90af6a9306,1105 Waxhaw Indian Trail Rd,Indian Trail,NC,28079,35.06715,-80.67944,20x20,20.0,20.0,8.0,400.0,large,236.0,472.0
2026-08-31,cubesmart,3032,38e635c7-fbc1-4442-b205-76d036b86b3b,1105 Waxhaw Indian Trail Rd,Indian Trail,NC,28079,35.06715,-80.67944,25 ft,,25.0,,,parking,129.6,216.0
2026-08-31,cubesmart,3032,b0dd66c6-9a1c-4aa9-bdda-63606420af25,1105 Waxhaw Indian Trail Rd,Indian Trail,NC,28079,35.06715,-80.67944,30 ft,,30.0,,,parking,131.4,219.0
2026-08-31,cubesmart,3032,170ddad7-2fab-4e74-9189-b2bbb0fca51a,1105 Waxhaw Indian Trail Rd,Indian Trail,NC,28079,35.06715,-80.67944,40 ft,,40.0,,,parking,163.2,272.0
2026-08-31,cubesmart,3032,6f4d20f1-d08c-4d45-b5f6-2c21a41cb5cd,1105 Waxhaw Indian Trail Rd,Indian Trail,NC,28079,35.06715,-80.67944,5x10,5.0,10.0,8.0,50.0,small,27.0,54.0
2026-08-31,cubesmart,3032,f6f8f3b9-260f-482f-b93b-e812ac91bd77,1105 Waxhaw Indian Trail Rd,Indian Trail,NC,28079,35.06715,-80.67944,5x10,5.0,10.0,8.0,50.0,small,27.0,54.0
2026-08-31,cubesmart,3032,1d9f74ff-22be-4b88-bd2d-39069f73fa40,1105 Waxhaw Indian Trail Rd,Indian Trail,NC,28079,35.06715,-80.67944,5x10,5.0,10.0,8.0,50.0,small,33.0,66.0
2026-08-31,cubesmart,3032,253d2140-8475-4e9d-a4af-f18283eff955,1105 Waxhaw Indian Trail Rd,Indian Trail,NC,28079,35.06715,-80.67944,5x15,5.0,15.0,8.0,75.0,small,34.5,69.0
2026-08-31,cubesmart,3032,6efbaf75-26bd-4cd2-bf7f-84955552af81,1105 Waxhaw Indian Trail Rd,Indian Trail,NC,28079,35.06715,-80.67944,5x5,5.0,5.0,8.0,25.0,small,15.5,31.0
2026-08-31,cubesmart,3032,970c3799-9b55-4c02-8716-130d3e0a7427,1105 Waxhaw Indian Trail Rd,Indian Trail,NC,28079,35.06715,-80.67944,5x7.5,5.0,7.5,10.0,37.5,small,17.0,34.0
2026-08-31,cubesmart,3032,bce0e4a6-a657-4440-a94c-9bc97573c4bf,1105 Waxhaw Indian Trail Rd,Indian Trail,NC,28079,35.06715,-80.67944,5x7.5,5.0,7.5,10.0,37.5,small,22.0,44.0
2026-08-31,cubesmart,3032,4eb40c4a-f3f5-464f-b092-c439869f8216,1105 Waxhaw Indian Trail Rd,Indian Trail,NC,28079,35.06715,-80.67944,7.5x10,7.5,10.0,10.0,75.0,small,31.5,63.0
2026-08-31,cubesmart,3282,a4b52217-b979-441a-a10c-23fe5a2b1463,12710 Lancaster Hwy,Pineville,NC,28134,35.06947,-80.87911,10x10,10.0,10.0,8.0,100.0,medium,59.0,118.0
2026-08-31,cubesmart,3282,2d10089b-0125-45ea-b165-3157a82e9242,12710 Lancaster Hwy,Pineville,NC,28134,35.06947,-80.87911,10x15,10.0,15.0,8.0,150.0,medium,100.5,201.0
2026-08-31,cubesmart,3282,b12d342f-a784-4aa3-a4fd-65f68cab613c,12710 Lancaster Hwy,Pineville,NC,28134,35.06947,-80.87911,10x20,10.0,20.0,8.0,200.0,large,250.0,500.0
2026-08-31,cubesmart,3282,8824bfa5-1c39-4dd0-b516-345774c09ebb,12710 Lancaster Hwy,Pineville,NC,28134,35.06947,-80.87911,10x20,10.0,20.0,8.0,200.0,large,282.5,565.0
2026-08-31,cubesmart,3282,0e5f6188-cbf4-4546-81a7-8dd00020a25a,12710 Lancaster Hwy,Pineville,NC,28134,35.06947,-80.87911,10x25,10.0,25.0,8.0,250.0,large,163.5,327.0
2026-08-31,cubesmart,3282,8c64fe6a-bc29-4e4c-be19-9472eae26b27,12710 Lancaster Hwy,Pineville,NC,28134,35.06947,-80.87911,10x30,10.0,30.0,8.0,300.0,large,471.5,943.0
2026-08-31,cubesmart,3282,e4c126be-fc66-4519-8301-2dd6c42d7abb,12710 Lancaster Hwy,Pineville,NC,28134,35.06947,-80.87911,20 ft,,20.0,,,parking,91.2,152.0
2026-08-31,cubesmart,3282,5593a9f8-7be5-400f-a245-cf9e24960432,12710 Lancaster Hwy,Pineville,NC,28134,35.06947,-80.87911,30 ft,,30.0,,,parking,87.75,117.0
2026-08-31,cubesmart,3282,f773324c-cbc9-45f2-aa6d-bb0b09fa29d5,12710 Lancaster Hwy,Pineville,NC,28134,35.06947,-80.87911,40 ft,,40.0,,,parking,118.8,198.0
2026-08-31,cubesmart,3282,9bfbadb1-8a7e-4e99-afbe-c2e1e616e58a,12710 Lancaster Hwy,Pineville,NC,28134,35.06947,-80.87911,5x10,5.0,10.0,8.0,50.0,small,26.5,53.0
2026-08-31,cubesmart,3282,5e8c84d6-eae3-448b-8804-beaf4ef05166,12710 Lancaster Hwy,Pineville,NC,28134,35.06947,-80.87911,5x10,5.0,10.0,8.0,50.0,small,77.35,119.0
2026-08-31,cubesmart,3282,d5ffb3ff-054d-42e7-b8b7-e56c7001e4db,12710 Lancaster Hwy,Pineville,NC,28134,35.06947,-80.87911,5x5,5.0,5.0,8.0,25.0,small,18.0,36.0
2026-08-31,cubesmart,4308,cbcf9401-203b-45de-a10d-92b1ce94ba88,13402 Lancaster Hwy,Pineville,NC,28134,35.06116,-80.87708,1.5x2,1.5,2.0,8.0,3.0,small,26.0,
2026-08-31,cubesmart,4308,b55681af-9846-43f6-82c9-aeb0ebbb4665,13402 Lancaster Hwy,Pineville,NC,28134,35.06116,-80.87708,1.5x2.5,1.5,2.5,8.0,3.8,small,30.0,
2026-08-31,cubesmart,4308,5a0bf2cd-fedd-4396-8e08-edb0c7be10de,13402 Lancaster Hwy,Pineville,NC,28134,35.06116,-80.87708,10x10,10.0,10.0,8.0,100.0,medium,116.4,194.0
2026-08-31,cubesmart,4308,e26e91a9-0f2a-45d4-bf15-1bc2d61a6dec,13402 Lancaster Hwy,Pineville,NC,28134,35.06116,-80.87708,10x10,10.0,10.0,8.0,100.0,medium,98.4,164.0
2026-08-31,cubesmart,4308,1e5a6fde-3640-424f-9d25-811dd6e2932b,13402 Lancaster Hwy,Pineville,NC,28134,35.06116,-80.87708,10x15,10.0,15.0,8.0,150.0,medium,130.8,218.0
2026-08-31,cubesmart,4308,9b2f8d0c-7552-4dfa-939f-48557febd204,13402 Lancaster Hwy,Pineville,NC,28134,35.06116,-80.87708,10x15,10.0,15.0,8.0,150.0,medium,131.4,219.0
2026-08-31,cubesmart,4308,ad6eb9c9-3db7-4be8-877c-5d296b1f6785,13402 Lancaster Hwy,Pineville,NC,28134,35.06116,-80.87708,10x15,10.0,15.0,8.0,150.0,medium,139.2,232.0
2026-08-31,cubesmart,4308,73052279-68b3-4d6d-ae2b-221396435b55,13402 Lancaster Hwy,Pineville,NC,28134,35.06116,-80.87708,10x20,10.0,20.0,8.0,200.0,large,210.0,350.0
2026-08-31,cubesmart,4308,701e9b35-3acd-4696-934f-7df772d86c49,13402 Lancaster Hwy,Pineville,NC,28134,35.06116,-80.87708,10x25,10.0,25.0,8.0,250.0,large,207.6,346.0
2026-08-31,cubesmart,4308,9a78cf1d-ae31-415b-aeeb-a917e62feb4c,13402 Lancaster Hwy,Pineville,NC,28134,35.06116,-80.87708,10x25,10.0,25.0,8.0,250.0,large,300.0,500.0
2026-08-31,cubesmart,4308,0e44ea64-3e8d-45bb-af57-6b9b71d4fdd9,13402 Lancaster Hwy,Pineville,NC,28134,35.06116,-80.87708,5x15,5.0,15.0,8.0,75.0,small,75.0,125.0
2026-08-31,cubesmart,4308,5158fe14-eaae-42ec-ba73-145884b363d0,13402 Lancaster Hwy,Pineville,NC,28134,35.06116,-80.87708,5x5,5.0,5.0,8.0,25.0,small,24.0,40.0
2026-08-31,cubesmart,4308,0fd3e866-0abb-47ab-8870-5012d8e12199,13402 Lancaster Hwy,Pineville,NC,28134,35.06116,-80.87708,9x20,9.0,20.0,8.0,180.0,large,176.4,294.0
2026-08-31,cubesmart,4428,f5b9a96a-8cac-4ede-960d-9fdd924c532e,2701 S Tryon St,Charlotte,NC,28203,35.2044,-80.86998,10x10,10.0,10.0,8.0,100.0,medium,80.0,160.0
2026-08-31,cubesmart,4428,3cc2ebb0-1eab-473c-99b4-2a97ae7d0bd8,2701 S Tryon St,Charlotte,NC,28203,35.2044,-80.86998,10x15,10.0,15.0,8.0,150.0,medium,102.5,205.0
2026-08-31,cubesmart,4428,7ba0e105-130b-4e8b-8dea-53e5c92062d3,2701 S Tryon St,Charlotte,NC,28203,35.2044,-80.86998,10x20,10.0,20.0,8.0,200.0,large,154.0,308.0
2026-08-31,cubesmart,4428,483456fc-b2c6-4ed6-83cd-5eb29b472426,2701 S Tryon St,Charlotte,NC,28203,35.2044,-80.86998,1x2,1.0,2.0,4.0,2.0,small,23.0,
2026-08-31,cubesmart,4428,461a8ad6-8bd9-45e7-90c1-dc192711868d,2701 S Tryon St,Charlotte,NC,28203,35.2044,-80.86998,2x2,2.0,2.0,4.0,4.0,small,34.0,
2026-08-31,cubesmart,4428,2f0031a9-5213-47fc-a23d-0b0bf8ad863b,2701 S Tryon St,Charlotte,NC,28203,35.2044,-80.86998,2x3,2.0,3.0,4.0,6.0,small,43.0,
2026-08-31,cubesmart,4428,e03604e9-f76d-44ee-b8e8-4355d5167d58,2701 S Tryon St,Charlotte,NC,28203,35.2044,-80.86998,3x3,3.0,3.0,4.0,9.0,small,50.0,
2026-08-31,cubesmart,4428,3960a3d1-5ffa-4f27-8317-1be197ff9d0f,2701 S Tryon St,Charlotte,NC,28203,35.2044,-80.86998,5x5,5.0,5.0,8.0,25.0,small,29.0,58.0
2026-08-31,cubesmart,3829,c3a8de7f-d243-44b7-9a13-d99c0a27ca0f,2908 Monroe Rd,Charlotte,NC,28205,35.20391,-80.80577,10x10,10.0,10.0,8.0,100.0,medium,130.5,261.0
2026-08-31,cubesmart,3829,d14a4b14-0961-4d00-ba71-33d8104836bf,2908 Monroe Rd,Charlotte,NC,28205,35.20391,-80.80577,10x11,10.0,11.0,8.0,110.0,medium,140.0,280.0
2026-08-31,cubesmart,3829,a42425af-6f19-4326-809b-cc1676371096,2908 Monroe Rd,Charlotte,NC,28205,35.20391,-80.80577,10x15,10.0,15.0,8.0,150.0,medium,177.0,354.0
2026-08-31,cubesmart,3829,3245ac03-8737-44a1-9e4a-5e40f1763efe,2908 Monroe Rd,Charlotte,NC,28205,35.20391,-80.80577,10x15,10.0,15.0,8.0,150.0,medium,205.4,316.0
2026-08-31,cubesmart,3829,9ade5594-7b72-4dca-8cd1-a3e520c3b96f,2908 Monroe Rd,Charlotte,NC,28205,35.20391,-80.80577,10x16,10.0,16.0,8.0,160.0,large,225.0,450.0
2026-08-31,cubesmart,3829,faeb6f59-2d3e-4439-a16b-a48782ea64d2,2908 Monroe Rd,Charlotte,NC,28205,35.20391,-80.80577,10x20,10.0,20.0,8.0,200.0,large,293.15,451.0
2026-08-31,cubesmart,3829,5309e815-a7d2-4bff-bb89-62e21c5fa108,2908 Monroe Rd,Charlotte,NC,28205,35.20391,-80.80577,10x20,10.0,20.0,8.0,200.0,large,304.0,608.0
2026-08-31,cubesmart,3829,60888e44-b4d4-42b3-9fb9-140c95bcde71,2908 Monroe Rd,Charlotte,NC,28205,35.20391,-80.80577,10x30,10.0,30.0,8.0,300.0,large,429.0,858.0
2026-08-31,cubesmart,3829,76513af2-077f-45db-a52e-afa26980d180,2908 Monroe Rd,Charlotte,NC,28205,35.20391,-80.80577,5x10,5.0,10.0,8.0,50.0,small,59.0,118.0
2026-08-31,cubesmart,3829,d47571cb-5eca-4934-b0b0-32ffbe936834,2908 Monroe Rd,Charlotte,NC,28205,35.20391,-80.80577,5x10,5.0,10.0,8.0,50.0,small,75.0,150.0
2026-08-31,cubesmart,3829,b4477e7e-337b-4b6d-85a3-fff67c3f54de,2908 Monroe Rd,Charlotte,NC,28205,35.20391,-80.80577,5x15,5.0,15.0,8.0,75.0,small,86.5,173.0
2026-08-31,cubesmart,3829,7cccc7ca-1a90-4760-9c12-ba9b9231de55,2908 Monroe Rd,Charlotte,NC,28205,35.20391,-80.80577,5x5,5.0,5.0,4.0,25.0,small,29.0,58.0
2026-08-31,cubesmart,3829,b789c1aa-a31e-4a25-99e0-4d37e0f997c6,2908 Monroe Rd,Charlotte,NC,28205,35.20391,-80.80577,5x5,5.0,5.0,8.0,25.0,small,50.5,101.0
2026-08-31,cubesmart,3829,ac305b26-b521-4dce-8c2a-bbd5103988c0,2908 Monroe Rd,Charlotte,NC,28205,35.20391,-80.80577,7.5x10,7.5,10.0,8.0,75.0,small,83.85,129.0
2026-08-31,cubesmart,3829,c9b36bd5-a016-4293-b1c9-c43b05c0a123,2908 Monroe Rd,Charlotte,NC,28205,35.20391,-80.80577,7.5x10,7.5,10.0,8.0,75.0,small,85.5,171.0
2026-08-31,cubesmart,3829,c3c5b0b5-85d4-48de-bb7e-7559725a2cc1,2908 Monroe Rd,Charlotte,NC,28205,35.20391,-80.80577,7.5x10,7.5,10.0,8.0,75.0,small,93.5,187.0
2026-08-31,cubesmart,3829,aabda7f4-1712-4edf-8ac9-5b59bb0c014d,2908 Monroe Rd,Charlotte,NC,28205,35.20391,-80.80577,7x7,7.0,7.0,8.0,49.0,small,66.5,133.0
2026-08-31,cubesmart,4144,3460b275-5f74-4ad0-b421-741a8353d9e1,1451 Bryant St,Charlotte,NC,28208,35.22733,-80.86679,10x10,10.0,10.0,8.0,100.0,medium,81.0,135.0
2026-08-31,cubesmart,4144,35240ecd-26ec-48f1-94a4-eef506cd53de,1451 Bryant St,Charlotte,NC,28208,35.22733,-80.86679,10x15,10.0,15.0,8.0,150.0,medium,104.25,139.0
2026-08-31,cubesmart,4144,125484d1-f935-457c-b3fa-07b5e278eb1f,1451 Bryant St,Charlotte,NC,28208,35.22733,-80.86679,10x20,10.0,20.0,,200.0,parking,79.2,132.0
2026-08-31,cubesmart,4144,74f88d2c-ae3c-4695-a791-d04f0919778f,1451 Bryant St,Charlotte,NC,28208,35.22733,-80.86679,10x40,10.0,40.0,,400.0,parking,154.8,258.0
2026-08-31,cubesmart,4144,48611996-abba-40cd-bbb9-470652874a37,1451 Bryant St,Charlotte,NC,28208,35.22733,-80.86679,20x40,20.0,40.0,,800.0,parking,314.4,524.0
2026-08-31,cubesmart,4144,4fa1cf00-fd75-4165-bcae-50217884bc09,1451 Bryant St,Charlotte,NC,28208,35.22733,-80.86679,5x10,5.0,10.0,8.0,50.0,small,60.0,100.0
2026-08-31,cubesmart,4144,8b3b839c-3c9d-464c-bc7b-e7c037f0fc0a,1451 Bryant St,Charlotte,NC,28208,35.22733,-80.86679,5x10,5.0,10.0,8.0,50.0,small,60.0,100.0
2026-08-31,cubesmart,4144,a1fb82bf-2a83-496a-ac6e-53f8596ba6ab,1451 Bryant St,Charlotte,NC,28208,35.22733,-80.86679,5x5,5.0,5.0,8.0,25.0,small,28.8,48.0
2026-08-31,cubesmart,4144,52299df8-c1c2-456a-ae4c-911d8dd1b4d9,1451 Bryant St,Charlotte,NC,28208,35.22733,-80.86679,5x7.5,5.0,7.5,8.0,37.5,small,33.0,55.0
2026-08-31,cubesmart,4144,9b18357b-0d8e-48f7-a287-5a32afbe958f,1451 Bryant St,Charlotte,NC,28208,35.22733,-80.86679,7.5x10,7.5,10.0,8.0,75.0,small,65.4,109.0
2026-08-31,cubesmart,4169,0d16dd1a-2375-4b96-be7e-37b710f288ae,2010 Rocky River Rd,Charlotte,NC,28213,35.2765,-80.72883,10x10,10.0,10.0,8.0,100.0,medium,107.25,143.0
2026-08-31,cubesmart,4169,5b26770e-602b-4c28-9f03-284548f5fc3c,2010 Rocky River Rd,Charlotte,NC,28213,35.2765,-80.72883,10x15,10.0,15.0,8.0,150.0,medium,165.0,220.0
2026-08-31,cubesmart,4169,f607d65d-ab38-4dc6-9047-022b2de02cc7,2010 Rocky River Rd,Charlotte,NC,28213,35.2765,-80.72883,10x15,10.0,15.0,8.0,150.0,medium,206.4,344.0
2026-08-31,cubesmart,4169,261a1558-3d5e-43ce-a047-822ae069a602,2010 Rocky River Rd,Charlotte,NC,28213,35.2765,-80.72883,10x20,10.0,20.0,8.0,200.0,large,196.8,328.0
2026-08-31,cubesmart,4169,aa92ef81-530c-4a0f-af80-fef30d00bd0f,2010 Rocky River Rd,Charlotte,NC,28213,35.2765,-80.72883,10x20,10.0,20.0,8.0,200.0,large,221.4,369.0
2026-08-31,cubesmart,4169,acbd198f-a30d-4dbb-8fe0-7e67ed20df87,2010 Rocky River Rd,Charlotte,NC,28213,35.2765,-80.72883,10x25,10.0,25.0,8.0,250.0,large,363.0,484.0
2026-08-31,cubesmart,4169,34dca779-8fb1-41f7-a82c-72721f840365,2010 Rocky River Rd,Charlotte,NC,28213,35.2765,-80.72883,15x20,15.0,20.0,8.0,300.0,large,334.8,558.0
2026-08-31,cubesmart,4169,bfd04579-fa68-40e3-b9d6-09c75070ffa0,2010 Rocky River Rd,Charlotte,NC,28213,35.2765,-80.72883,2x3,2.0,3.0,8.0,6.0,small,47.6,56.0
2026-08-31,cubesmart,4169,ad75b778-2be9-4bbf-9538-bdb654dfb6ce,2010 Rocky River Rd,Charlotte,NC,28213,35.2765,-80.72883,3x3,3.0,3.0,8.0,9.0,small,53.55,63.0
2026-08-31,cubesmart,4169,f3fd6897-472e-41f5-8008-6a909ff1af66,2010 Rocky River Rd,Charlotte,NC,28213,35.2765,-80.72883,3x6,3.0,6.0,8.0,18.0,small,109.65,129.0
2026-08-31,cubesmart,4169,f04c550c-b5a0-4026-9df8-74067757e10a,2010 Rocky River Rd,Charlotte,NC,28213,35.2765,-80.72883,4x10,4.0,10.0,8.0,40.0,small,65.4,109.0
2026-08-31,cubesmart,4169,46d64d95-fd4b-42df-9259-445437d37334,2010 Rocky River Rd,Charlotte,NC,28213,35.2765,-80.72883,5x5,5.0,5.0,8.0,25.0,small,37.2,62.0
2026-08-31,cubesmart,4169,452aefed-d35a-48e7-acc1-d8daa6b1c019,2010 Rocky River Rd,Charlotte,NC,28213,35.2765,-80.72883,5x5,5.0,5.0,8.0,25.0,small,43.8,73.0
2026-08-31,cubesmart,4515,b0b360ec-9a6d-4aba-8eba-1511bfd68448,10609 Johnston Rd,Charlotte,NC,28226,35.08881,-80.85304,10x10,10.0,10.0,8.0,100.0,medium,121.0,242.0
2026-08-31,cubesmart,4515,e9e9ca3f-65f8-43aa-8a6e-ee08a06426e5,10609 Johnston Rd,Charlotte,NC,28226,35.08881,-80.85304,10x12,10.0,12.0,8.0,120.0,medium,126.0,252.0
2026-08-31,cubesmart,4515,9a9ee237-c969-41e9-ab15-d36f35b08221,10609 Johnston Rd,Charlotte,NC,28226,35.08881,-80.85304,10x12,10.0,12.0,8.0,120.0,medium,137.0,274.0
2026-08-31,cubesmart,4515,6853fe03-0027-4c04-b26b-673c71b536ca,10609 Johnston Rd,Charlotte,NC,28226,35.08881,-80.85304,10x15,10.0,15.0,8.0,150.0,medium,152.0,304.0
2026-08-31,cubesmart,4515,028771ba-00b2-4919-a797-218a409ede11,10609 Johnston Rd,Charlotte,NC,28226,35.08881,-80.85304,10x15,10.0,15.0,8.0,150.0,medium,164.5,329.0
2026-08-31,cubesmart,4515,0521c2b0-046e-44d5-959f-fb8868689672,10609 Johnston Rd,Charlotte,NC,28226,35.08881,-80.85304,10x18,10.0,18.0,8.0,180.0,large,177.5,355.0
2026-08-31,cubesmart,4515,bc3d5224-717d-4fe7-b919-bf73c802c2de,10609 Johnston Rd,Charlotte,NC,28226,35.08881,-80.85304,10x20,10.0,20.0,8.0,200.0,large,173.55,267.0
2026-08-31,cubesmart,4515,a46323f4-d6fd-42f7-bfa5-056cbffec40a,10609 Johnston Rd,Charlotte,NC,28226,35.08881,-80.85304,10x25,10.0,25.0,8.0,250.0,large,180.7,278.0
2026-08-31,cubesmart,4515,bab2b7b5-0024-449a-b4ff-d5223d65a6f8,10609 Johnston Rd,Charlotte,NC,28226,35.08881,-80.85304,10x30,10.0,30.0,8.0,300.0,large,249.0,498.0
2026-08-31,cubesmart,4515,82822503-7b43-4fc8-a399-8d5014f29553,10609 Johnston Rd,Charlotte,NC,28226,35.08881,-80.85304,5x10,5.0,10.0,8.0,50.0,small,57.85,89.0
2026-08-31,cubesmart,4515,1b1c48c5-6090-4cf0-897f-94a9500e5ed6,10609 Johnston Rd,Charlotte,NC,28226,35.08881,-80.85304,5x10,5.0,10.0,8.0,50.0,small,69.5,139.0
2026-08-31,cubesmart,4515,529ff118-7ef3-40a1-8aa6-1d03c08cac31,10609 Johnston Rd,Charlotte,NC,28226,35.08881,-80.85304,5x15,5.0,15.0,8.0,75.0,small,57.0,114.0
2026-08-31,cubesmart,4515,5588b100-7a64-441a-b94e-db4d07e05c9f,10609 Johnston Rd,Charlotte,NC,28226,35.08881,-80.85304,5x5,5.0,5.0,8.0,25.0,small,28.0,56.0
2026-08-31,cubesmart,4515,d7a451d0-cf67-416f-b889-a305e13b563d,10609 Johnston Rd,Charlotte,NC,28226,35.08881,-80.85304,7x10,7.0,10.0,8.0,70.0,small,75.0,150.0
2026-08-31,cubesmart,4515,d68131fc-9714-48ee-be76-e65998e90158,10609 Johnston Rd,Charlotte,NC,28226,35.08881,-80.85304,7x8,7.0,8.0,8.0,56.0,small,72.5,145.0
2026-08-31,cubesmart,2668,79042368-c806-480e-a0f9-9122ec8b3120,7043 E Independence Blvd,Charlotte,NC,28227,35.16508,-80.74081,10x10,10.0,10.0,8.0,100.0,medium,46.2,77.0
2026-08-31,cubesmart,2668,1bb8c304-288d-4043-b323-e28134e4a513,7043 E Independence Blvd,Charlotte,NC,28227,35.16508,-80.74081,10x15,10.0,15.0,8.0,150.0,medium,108.0,180.0
2026-08-31,cubesmart,2668,e2f69298-54ba-4e33-8f20-e3e67115b033,7043 E Independence Blvd,Charlotte,NC,28227,35.16508,-80.74081,10x20,10.0,20.0,8.0,200.0,large,114.6,191.0
2026-08-31,cubesmart,2668,4ea49c54-bfdd-4cc7-b846-5856f730689f,7043 E Independence Blvd,Charlotte,NC,28227,35.16508,-80.74081,10x25,10.0,25.0,8.0,250.0,large,154.2,257.0
2026-08-31,cubesmart,2668,8726603b-d02d-4ed7-92b0-6555e87c9a42,7043 E Independence Blvd,Charlotte,NC,28227,35.16508,-80.74081,20x20,20.0,20.0,8.0,400.0,large,197.4,329.0
2026-08-31,cubesmart,2668,b62bc08d-7377-43e4-ad51-e8736142367a,7043 E Independence Blvd,Charlotte,NC,28227,35.16508,-80.74081,5x10,5.0,10.0,8.0,50.0,small,23.4,39.0
2026-08-31,cubesmart,2668,6387158b-d40f-4835-82a7-57cb4a36f19e,7043 E Independence Blvd,Charlotte,NC,28227,35.16508,-80.74081,5x15,5.0,15.0,8.0,75.0,small,35.4,59.0
2026-08-31,cubesmart,4843,240456b0-53b7-4abb-a0c7-5161b505dc8c,2601 Ridge Rd,Charlotte,NC,28269,35.3629,-80.74593,10x10,10.0,10.0,8.0,100.0,medium,80.0,160.0
2026-08-31,cubesmart,4843,b6a81141-ebda-4efa-b6c1-e6a9aa9c8e6c,2601 Ridge Rd,Charlotte,NC,28269,35.3629,-80.74593,10x13,10.0,13.0,8.0,130.0,medium,128.05,197.0
2026-08-31,cubesmart,4843,0f1d53bb-6c36-4cdf-a13b-9a973722a51c,2601 Ridge Rd,Charlotte,NC,28269,35.3629,-80.74593,10x13,10.0,13.0,8.0,130.0,medium,96.0,192.0
2026-08-31,cubesmart,4843,db262c21-c3bf-4501-935c-619f00da026c,2601 Ridge Rd,Charlotte,NC,28269,35.3629,-80.74593,10x15,10.0,15.0,8.0,150.0,medium,74.5,149.0
2026-08-31,cubesmart,4843,bc040ca8-57cb-45e1-a9b7-ddd4482fd284,2601 Ridge Rd,Charlotte,NC,28269,35.3629,-80.74593,10x20,10.0,20.0,8.0,200.0,large,141.7,218.0
2026-08-31,cubesmart,4843,6cafd916-a1a6-4a00-8003-dd35d4fd5052,2601 Ridge Rd,Charlotte,NC,28269,35.3629,-80.74593,10x20,10.0,20.0,8.0,200.0,large,224.5,449.0
2026-08-31,cubesmart,4843,8c79a8f6-2b52-4e6e-9225-6d8288660d7f,2601 Ridge Rd,Charlotte,NC,28269,35.3629,-80.74593,15x20,15.0,20.0,8.0,300.0,large,253.0,506.0
2026-08-31,cubesmart,4843,e1fc2765-d20c-4d76-8452-d6e0fb69b846,2601 Ridge Rd,Charlotte,NC,28269,35.3629,-80.74593,5x10,5.0,10.0,8.0,50.0,small,51.5,103.0
2026-08-31,cubesmart,4843,d749ec54-7df2-4260-aa4d-aef09c51ce89,2601 Ridge Rd,Charlotte,NC,28269,35.3629,-80.74593,5x10,5.0,10.0,8.0,50.0,small,65.0,130.0
2026-08-31,cubesmart,4843,6d83c23a-d237-4be5-b7f8-052a38318989,2601 Ridge Rd,Charlotte,NC,28269,35.3629,-80.74593,5x5,5.0,5.0,8.0,25.0,small,36.5,73.0
2026-08-31,cubesmart,4843,fe8bc5a5-7b49-4f7e-b70b-f80736f17836,2601 Ridge Rd,Charlotte,NC,28269,35.3629,-80.74593,5x8,5.0,8.0,8.0,40.0,small,45.0,90.0
2026-08-31,cubesmart,4843,b0d77377-ab43-48c8-9609-d3fc95711985,2601 Ridge Rd,Charlotte,NC,28269,35.3629,-80.74593,8x10,8.0,10.0,8.0,80.0,medium,62.5,125.0
2026-08-31,cubesmart,328,85e8f7fb-0a72-4c67-93fd-d5d05f1e752c,5008 W W T Harris Blvd,Charlotte,NC,28269,35.33365,-80.81547,10x10,10.0,10.0,8.0,100.0,medium,134.4,224.0
2026-08-31,cubesmart,328,270dda89-0dd1-4d41-8b52-99690cf79556,5008 W W T Harris Blvd,Charlotte,NC,28269,35.33365,-80.81547,10x10,10.0,10.0,8.0,100.0,medium,99.0,165.0
2026-08-31,cubesmart,328,9627ce47-615a-4f8e-bc29-7bca62c0b615,5008 W W T Harris Blvd,Charlotte,NC,28269,35.33365,-80.81547,10x15,10.0,15.0,8.0,150.0,medium,175.8,293.0
2026-08-31,cubesmart,328,cdd67cb8-116d-44ca-b822-9043237444b5,5008 W W T Harris Blvd,Charlotte,NC,28269,35.33365,-80.81547,10x15,10.0,15.0,8.0,150.0,medium,203.4,339.0
2026-08-31,cubesmart,328,4e0a0b4f-dfe1-48af-b963-3dba36124fe7,5008 W W T Harris Blvd,Charlotte,NC,28269,35.33365,-80.81547,10x20,10.0,20.0,8.0,200.0,large,205.2,342.0
2026-08-31,cubesmart,328,a2a9c567-e2e0-46c2-8cd2-b5c94e9ed00c,5008 W W T Harris Blvd,Charlotte,NC,28269,35.33365,-80.81547,10x20,10.0,20.0,8.0,200.0,large,213.75,285.0
2026-08-31,cubesmart,328,7ac6fcdf-8e76-4653-997c-52d73039c29f,5008 W W T Harris Blvd,Charlotte,NC,28269,35.33365,-80.81547,10x20,10.0,20.0,8.0,200.0,large,228.6,381.0
2026-08-31,cubesmart,328,dc7772f3-fbd2-4704-bb2d-b3145a2d0802,5008 W W T Harris Blvd,Charlotte,NC,28269,35.33365,-80.81547,10x25,10.0,25.0,8.0,250.0,large,240.75,321.0
2026-08-31,cubesmart,328,f5d08318-57c7-48ab-9b3f-b535513634e6,5008 W W T Harris Blvd,Charlotte,NC,28269,35.33365,-80.81547,5x10,5.0,10.0,8.0,50.0,small,48.0,80.0
2026-08-31,cubesmart,328,80176cb9-1e3b-4e5d-ab3f-8e8965e1d214,5008 W W T Harris Blvd,Charlotte,NC,28269,35.33365,-80.81547,5x10,5.0,10.0,8.0,50.0,small,61.2,102.0
2026-08-31,cubesmart,328,dd9fe239-ebaf-486b-b0e8-8c0d3492f8bb,5008 W W T Harris Blvd,Charlotte,NC,28269,35.33365,-80.81547,5x20,5.0,20.0,8.0,100.0,medium,124.8,208.0
2026-08-31,cubesmart,328,1acbeaff-7405-4af1-a926-f60b2bf80852,5008 W W T Harris Blvd,Charlotte,NC,28269,35.33365,-80.81547,5x5,5.0,5.0,8.0,25.0,small,36.0,60.0
2026-08-31,cubesmart,328,33c9629c-8467-46b7-af90-7b46574ec3e6,5008 W W T Harris Blvd,Charlotte,NC,28269,35.33365,-80.81547,5x5,5.0,5.0,8.0,25.0,small,46.2,77.0
2026-08-31,cubesmart,328,29cadbbb-da37-416f-962e-09bd786e8876,5008 W W T Harris Blvd,Charlotte,NC,28269,35.33365,-80.81547,5x6,5.0,6.0,8.0,30.0,small,36.0,60.0
2026-08-31,cubesmart,3439,360fa21f-bb7c-4120-9a61-c6f76da3aae2,16155 Lancaster Hwy,Charlotte,NC,28277,35.02827,-80.85031,10x10,10.0,10.0,8.0,100.0,medium,72.5,145.0
2026-08-31,cubesmart,3439,cc8f2c27-41aa-4f4c-b6d1-c821c13be944,16155 Lancaster Hwy,Charlotte,NC,28277,35.02827,-80.85031,10x10,10.0,10.0,8.0,100.0,medium,81.5,163.0
2026-08-31,cubesmart,3439,1d19aefa-6fec-4a1b-aaf1-cfee1f245fd7,16155 Lancaster Hwy,Charlotte,NC,28277,35.02827,-80.85031,10x13,10.0,13.0,8.0,130.0,medium,108.0,216.0
2026-08-31,cubesmart,3439,25ae6baa-8d9b-4fa4-acbe-cc6aa8beb4e6,16155 Lancaster Hwy,Charlotte,NC,28277,35.02827,-80.85031,10x15,10.0,15.0,8.0,150.0,medium,110.0,220.0
2026-08-31,cubesmart,3439,073d062a-1c3f-42d2-baa7-13da5e886f82,16155 Lancaster Hwy,Charlotte,NC,28277,35.02827,-80.85031,10x15,10.0,15.0,8.0,150.0,medium,110.0,220.0
2026-08-31,cubesmart,3439,d6ec1f52-5304-4bda-ada0-1d7cf454dccf,16155 Lancaster Hwy,Charlotte,NC,28277,35.02827,-80.85031,10x20,10.0,20.0,8.0,200.0,large,185.0,370.0
2026-08-31,cubesmart,3439,b65b6c7a-28a6-4564-9b9e-88acdc194a58,16155 Lancaster Hwy,Charlotte,NC,28277,35.02827,-80.85031,10x20,10.0,20.0,8.0,200.0,large,185.0,370.0
2026-08-31,cubesmart,3439,689f1e76-f612-4834-af8e-22b3562e7bd4,16155 Lancaster Hwy,Charlotte,NC,28277,35.02827,-80.85031,5x10,5.0,10.0,8.0,50.0,small,33.8,52.0
2026-08-31,cubesmart,3439,ae8104da-eb00-4460-9c17-4224999f06c8,16155 Lancaster Hwy,Charlotte,NC,28277,35.02827,-80.85031,5x5,5.0,5.0,8.0,25.0,small,27.0,54.0
2026-08-31,cubesmart,3439,bf503634-2193-4f93-86fa-b422bb9dca7b,16155 Lancaster Hwy,Charlotte,NC,28277,35.02827,-80.85031,5x5,5.0,5.0,8.0,25.0,small,31.5,63.0
2026-08-31,publicstorage,1796,V_322793,3710 Monroe Road,Charlotte,NC,28205,35.20039,-80.79774,10x10,10.0,10.0,,100.0,medium,46.0,92.0
2026-08-31,publicstorage,1796,V_322792,3710 Monroe Road,Charlotte,NC,28205,35.20039,-80.79774,10x15,10.0,15.0,,150.0,large,77.0,154.0
2026-08-31,publicstorage,1796,V_649220,3710 Monroe Road,Charlotte,NC,28205,35.20039,-80.79774,10x20,10.0,20.0,,200.0,large,138.0,276.0
2026-08-31,publicstorage,1796,V_1423023,3710 Monroe Road,Charlotte,NC,28205,35.20039,-80.79774,10x20,10.0,20.0,,200.0,large,97.0,194.0
2026-08-31,publicstorage,1796,V_1423025,3710 Monroe Road,Charlotte,NC,28205,35.20039,-80.79774,10x20,10.0,20.0,,200.0,large,99.0,198.0
2026-08-31,publicstorage,1796,V_1536323,3710 Monroe Road,Charlotte,NC,28205,35.20039,-80.79774,10x25,10.0,25.0,,250.0,large,175.0,292.0
2026-08-31,publicstorage,1796,V_1554294,3710 Monroe Road,Charlotte,NC,28205,35.20039,-80.79774,12x30,12.0,30.0,,360.0,parking,210.0,280.0
2026-08-31,publicstorage,1796,V_582876,3710 Monroe Road,Charlotte,NC,28205,35.20039,-80.79774,20x30,20.0,30.0,,600.0,large,269.0,448.0
2026-08-31,publicstorage,1796,V_1536322,3710 Monroe Road,Charlotte,NC,28205,35.20039,-80.79774,20x30,20.0,30.0,,600.0,large,328.0,546.0
2026-08-31,publicstorage,1796,V_322790,3710 Monroe Road,Charlotte,NC,28205,35.20039,-80.79774,5x10,5.0,10.0,,50.0,small,34.0,68.0
2026-08-31,publicstorage,1796,V_1569099,3710 Monroe Road,Charlotte,NC,28205,35.20039,-80.79774,5x10,5.0,10.0,,50.0,small,44.0,88.0
2026-08-31,publicstorage,2334,V_613570,1001 N Tryon St,Charlotte,NC,28206,35.23509,-80.83288,10x10,10.0,10.0,,100.0,medium,71.0,118.0
2026-08-31,publicstorage,2334,V_613574,1001 N Tryon St,Charlotte,NC,28206,35.23509,-80.83288,10x15,10.0,15.0,,150.0,large,126.0,168.0
2026-08-31,publicstorage,2334,V_613573,1001 N Tryon St,Charlotte,NC,28206,35.23509,-80.83288,5x10,5.0,10.0,,50.0,small,40.0,80.0
2026-08-31,publicstorage,2334,V_613577,1001 N Tryon St,Charlotte,NC,28206,35.23509,-80.83288,5x15,5.0,15.0,,75.0,medium,56.0,94.0
2026-08-31,publicstorage,1168,V_1423898,1508 Ashley Road,Charlotte,NC,28208,35.2418,-80.89735,10x20,10.0,20.0,,200.0,large,99.0,198.0
2026-08-31,publicstorage,1168,V_1566365,1508 Ashley Road,Charlotte,NC,28208,35.2418,-80.89735,5x10,5.0,10.0,,50.0,small,65.0,86.0
2026-08-31,publicstorage,1168,V_600621,1508 Ashley Road,Charlotte,NC,28208,35.2418,-80.89735,5x10,5.0,10.0,,50.0,small,81.0,108.0
2026-08-31,publicstorage,2092,V_336791,3912 Wilkinson Blvd,Charlotte,NC,28208,35.22531,-80.90635,10x10,10.0,10.0,,100.0,medium,59.0,118.0
2026-08-31,publicstorage,2092,V_336797,3912 Wilkinson Blvd,Charlotte,NC,28208,35.22531,-80.90635,10x15,10.0,15.0,,150.0,large,131.0,175.0
2026-08-31,publicstorage,2092,V_1529990,3912 Wilkinson Blvd,Charlotte,NC,28208,35.22531,-80.90635,10x20,10.0,20.0,,200.0,large,128.0,214.0
2026-08-31,publicstorage,2092,V_1578229,3912 Wilkinson Blvd,Charlotte,NC,28208,35.22531,-80.90635,10x20,10.0,20.0,,200.0,large,137.0,228.0
2026-08-31,publicstorage,2092,V_1518018,3912 Wilkinson Blvd,Charlotte,NC,28208,35.22531,-80.90635,10x20,10.0,20.0,,200.0,parking,74.0,98.0
2026-08-31,publicstorage,2092,V_581805,3912 Wilkinson Blvd,Charlotte,NC,28208,35.22531,-80.90635,10x30,10.0,30.0,,300.0,large,210.0,300.0
2026-08-31,publicstorage,2092,V_325164,3912 Wilkinson Blvd,Charlotte,NC,28208,35.22531,-80.90635,15x20,15.0,20.0,,300.0,large,225.0,322.0
2026-08-31,publicstorage,2092,V_325174,3912 Wilkinson Blvd,Charlotte,NC,28208,35.22531,-80.90635,5x10,5.0,10.0,,50.0,small,54.0,90.0
2026-08-31,publicstorage,1024,V_566786,4329 South Blvd,Charlotte,NC,28209,35.18362,-80.87503,10x15,10.0,15.0,,150.0,large,98.0,164.0
2026-08-31,publicstorage,1024,V_1423716,4329 South Blvd,Charlotte,NC,28209,35.18362,-80.87503,10x20,10.0,20.0,,200.0,large,117.0,234.0
2026-08-31,publicstorage,1024,V_1423715,4329 South Blvd,Charlotte,NC,28209,35.18362,-80.87503,10x30,10.0,30.0,,300.0,large,172.0,246.0
2026-08-31,publicstorage,1024,V_576913,4329 South Blvd,Charlotte,NC,28209,35.18362,-80.87503,5x10,5.0,10.0,,50.0,small,43.0,72.0
2026-08-31,publicstorage,1024,V_576914,4329 South Blvd,Charlotte,NC,28209,35.18362,-80.87503,5x15,5.0,15.0,,75.0,medium,45.0,90.0
2026-08-31,publicstorage,1024,V_587870,4329 South Blvd,Charlotte,NC,28209,35.18362,-80.87503,5x20,5.0,20.0,,100.0,medium,62.0,104.0
2026-08-31,publicstorage,2072,V_1493657,4555 South Blvd,Charlotte,NC,28209,35.17976,-80.87452,10x10,10.0,10.0,,100.0,medium,60.0,100.0
2026-08-31,publicstorage,2072,V_1493663,4555 South Blvd,Charlotte,NC,28209,35.17976,-80.87452,10x10,10.0,10.0,,100.0,medium,64.0,106.0
2026-08-31,publicstorage,2072,V_1493659,4555 South Blvd,Charlotte,NC,28209,35.17976,-80.87452,10x10,10.0,10.0,,100.0,medium,67.0,112.0
2026-08-31,publicstorage,2072,V_571004,4555 South Blvd,Charlotte,NC,28209,35.17976,-80.87452,10x12,10.0,12.0,,120.0,medium,79.0,132.0
2026-08-31,publicstorage,2072,V_321941,4555 South Blvd,Charlotte,NC,28209,35.17976,-80.87452,10x15,10.0,15.0,,150.0,large,86.0,144.0
2026-08-31,publicstorage,2072,V_1505497,4555 South Blvd,Charlotte,NC,28209,35.17976,-80.87452,10x15,10.0,15.0,,150.0,large,89.0,148.0
2026-08-31,publicstorage,2072,V_1493666,4555 South Blvd,Charlotte,NC,28209,35.17976,-80.87452,10x15,10.0,15.0,,150.0,large,91.0,152.0
2026-08-31,publicstorage,2072,V_570998,4555 South Blvd,Charlotte,NC,28209,35.17976,-80.87452,10x20,10.0,20.0,,200.0,large,144.0,206.0
2026-08-31,publicstorage,2072,V_1530050,4555 South Blvd,Charlotte,NC,28209,35.17976,-80.87452,10x20,10.0,20.0,,200.0,large,144.0,206.0
2026-08-31,publicstorage,2072,V_1506663,4555 South Blvd,Charlotte,NC,28209,35.17976,-80.87452,10x20,10.0,20.0,,200.0,large,167.0,238.0
2026-08-31,publicstorage,2072,V_571003,4555 South Blvd,Charlotte,NC,28209,35.17976,-80.87452,10x25,10.0,25.0,,250.0,large,155.0,207.0
2026-08-31,publicstorage,2072,V_1493672,4555 South Blvd,Charlotte,NC,28209,35.17976,-80.87452,5x10,5.0,10.0,,50.0,small,40.0,66.0
2026-08-31,publicstorage,2072,V_1493674,4555 South Blvd,Charlotte,NC,28209,35.17976,-80.87452,5x10,5.0,10.0,,50.0,small,44.0,74.0
2026-08-31,publicstorage,2072,V_1567802,4555 South Blvd,Charlotte,NC,28209,35.17976,-80.87452,5x10,5.0,10.0,,50.0,small,56.0,94.0
2026-08-31,publicstorage,2072,V_571120,4555 South Blvd,Charlotte,NC,28209,35.17976,-80.87452,5x5,5.0,5.0,,25.0,small,34.0,56.0
2026-08-31,publicstorage,2072,V_1493673,4555 South Blvd,Charlotte,NC,28209,35.17976,-80.87452,5x5,5.0,5.0,,25.0,small,34.0,56.0
2026-08-31,publicstorage,2072,V_1506665,4555 South Blvd,Charlotte,NC,28209,35.17976,-80.87452,5x5,5.0,5.0,,25.0,small,38.0,64.0
2026-08-31,publicstorage,2072,V_1567808,4555 South Blvd,Charlotte,NC,28209,35.17976,-80.87452,6x15,6.0,15.0,,90.0,medium,65.0,108.0
2026-08-31,publicstorage,2120,V_1500467,4715 Park Road,Charlotte,NC,28209,35.16605,-80.84994,10x10,10.0,10.0,,100.0,medium,119.0,159.0
2026-08-31,publicstorage,2120,V_331707,4715 Park Road,Charlotte,NC,28209,35.16605,-80.84994,10x11,10.0,11.0,,110.0,medium,119.0,159.0
2026-08-31,publicstorage,2120,V_1525768,4715 Park Road,Charlotte,NC,28209,35.16605,-80.84994,10x20,10.0,20.0,,200.0,large,254.0,338.0
2026-08-31,publicstorage,2120,V_331717,4715 Park Road,Charlotte,NC,28209,35.16605,-80.84994,11x11.5,11.0,11.5,,126.5,large,131.0,175.0
2026-08-31,publicstorage,2120,V_331726,4715 Park Road,Charlotte,NC,28209,35.16605,-80.84994,7x11,7.0,11.0,,77.0,medium,110.0,146.0
2026-08-31,publicstorage,2441,V_625328,4730 N Tryon St,Charlotte,NC,28213,35.25684,-80.78595,10x10,10.0,10.0,,100.0,medium,50.0,100.0
2026-08-31,publicstorage,2441,V_625327,4730 N Tryon St,Charlotte,NC,28213,35.25684,-80.78595,10x15,10.0,15.0,,150.0,large,84.0,140.0
2026-08-31,publicstorage,2441,V_1423960,4730 N Tryon St,Charlotte,NC,28213,35.25684,-80.78595,10x20,10.0,20.0,,200.0,large,112.0,186.0
2026-08-31,publicstorage,2441,V_625329,4730 N Tryon St,Charlotte,NC,28213,35.25684,-80.78595,10x20,10.0,20.0,,200.0,large,98.0,164.0
2026-08-31,publicstorage,2441,V_1539863,4730 N Tryon St,Charlotte,NC,28213,35.25684,-80.78595,12x28,12.0,28.0,,336.0,large,227.0,303.0
2026-08-31,publicstorage,2441,V_625338,4730 N Tryon St,Charlotte,NC,28213,35.25684,-80.78595,12x28,12.0,28.0,,336.0,large,232.0,309.0
2026-08-31,publicstorage,2441,V_1577807,4730 N Tryon St,Charlotte,NC,28213,35.25684,-80.78595,3x3,3.0,3.0,,9.0,small,18.0,36.0
2026-08-31,publicstorage,2441,V_625326,4730 N Tryon St,Charlotte,NC,28213,35.25684,-80.78595,5x10,5.0,10.0,,50.0,small,40.0,66.0
2026-08-31,publicstorage,2441,V_625332,4730 N Tryon St,Charlotte,NC,28213,35.25684,-80.78595,5x15,5.0,15.0,,75.0,medium,60.0,80.0
2026-08-31,publicstorage,2441,V_625333,4730 N Tryon St,Charlotte,NC,28213,35.25684,-80.78595,5x5,5.0,5.0,,25.0,small,26.0,52.0
2026-08-31,publicstorage,1164,V_586454,5748 N Tryon Street,Charlotte,NC,28213,35.26468,-80.76825,10x10,10.0,10.0,,100.0,medium,56.0,112.0
2026-08-31,publicstorage,1164,V_389390,5748 N Tryon Street,Charlotte,NC,28213,35.26468,-80.76825,10x15,10.0,15.0,,150.0,large,76.0,126.0
2026-08-31,publicstorage,1164,V_1423111,5748 N Tryon Street,Charlotte,NC,28213,35.26468,-80.76825,10x20,10.0,20.0,,200.0,large,127.0,212.0
2026-08-31,publicstorage,1164,V_1518027,5748 N Tryon Street,Charlotte,NC,28213,35.26468,-80.76825,10x20,10.0,20.0,,200.0,parking,70.0,116.0
2026-08-31,publicstorage,1164,V_579483,5748 N Tryon Street,Charlotte,NC,28213,35.26468,-80.76825,10x30,10.0,30.0,,300.0,large,132.0,220.0
2026-08-31,publicstorage,1164,V_583663,5748 N Tryon Street,Charlotte,NC,28213,35.26468,-80.76825,30x30,30.0,30.0,,900.0,large,419.0,559.0
2026-08-31,publicstorage,1164,V_586455,5748 N Tryon Street,Charlotte,NC,28213,35.26468,-80.76825,5x10,5.0,10.0,,50.0,small,32.0,64.0
2026-08-31,publicstorage,1164,V_356673,5748 N Tryon Street,Charlotte,NC,28213,35.26468,-80.76825,5x20,5.0,20.0,,100.0,medium,61.0,122.0
2026-08-31,publicstorage,1164,V_1577824,5748 N Tryon Street,Charlotte,NC,28213,35.26468,-80.76825,5x5,5.0,5.0,,25.0,small,22.0,36.0
2026-08-31,publicstorage,1164,V_188111,5748 N Tryon Street,Charlotte,NC,28213,35.26468,-80.76825,5x5,5.0,5.0,,25.0,small,23.0,38.0
2026-08-31,publicstorage,2333,V_1575648,5607 S Tryon St,Charlotte,NC,28217,35.16988,-80.90249,10x10,10.0,10.0,,100.0,medium,53.0,88.0
2026-08-31,publicstorage,2333,V_613536,5607 S Tryon St,Charlotte,NC,28217,35.16988,-80.90249,10x12,10.0,12.0,,120.0,medium,67.0,112.0
2026-08-31,publicstorage,2333,V_1575684,5607 S Tryon St,Charlotte,NC,28217,35.16988,-80.90249,10x12,10.0,12.0,,120.0,medium,70.0,116.0
2026-08-31,publicstorage,2333,V_1575651,5607 S Tryon St,Charlotte,NC,28217,35.16988,-80.90249,10x15,10.0,15.0,,150.0,large,78.0,130.0
2026-08-31,publicstorage,2333,V_1575650,5607 S Tryon St,Charlotte,NC,28217,35.16988,-80.90249,10x20,10.0,20.0,,200.0,large,162.0,216.0
2026-08-31,publicstorage,2333,V_1538112,5607 S Tryon St,Charlotte,NC,28217,35.16988,-80.90249,10x25,10.0,25.0,,250.0,large,232.0,309.0
2026-08-31,publicstorage,2333,V_1538107,5607 S Tryon St,Charlotte,NC,28217,35.16988,-80.90249,10x30,10.0,30.0,,300.0,large,231.0,308.0
2026-08-31,publicstorage,2333,V_1538110,5607 S Tryon St,Charlotte,NC,28217,35.16988,-80.90249,4x5,4.0,5.0,,20.0,small,39.0,52.0
2026-08-31,publicstorage,2333,V_1500411,5607 S Tryon St,Charlotte,NC,28217,35.16988,-80.90249,5x10,5.0,10.0,,50.0,small,41.0,68.0
2026-08-31,publicstorage,2333,V_1533794,5607 S Tryon St,Charlotte,NC,28217,35.16988,-80.90249,5x10,5.0,10.0,,50.0,small,43.0,72.0
2026-08-31,publicstorage,2333,V_1575644,5607 S Tryon St,Charlotte,NC,28217,35.16988,-80.90249,5x10,5.0,10.0,,50.0,small,44.0,74.0
2026-08-31,publicstorage,2333,V_1575652,5607 S Tryon St,Charlotte,NC,28217,35.16988,-80.90249,5x12,5.0,12.0,,60.0,small,42.0,70.0
2026-08-31,publicstorage,2333,V_1533797,5607 S Tryon St,Charlotte,NC,28217,35.16988,-80.90249,5x5,5.0,5.0,,25.0,small,41.0,54.0
2026-08-31,publicstorage,2333,V_1500423,5607 S Tryon St,Charlotte,NC,28217,35.16988,-80.90249,7x10,7.0,10.0,,70.0,medium,76.0,101.0
2026-08-31,publicstorage,2333,V_1588554,5607 S Tryon St,Charlotte,NC,28217,35.16988,-80.90249,7x10,7.0,10.0,,70.0,medium,85.0,113.0
2026-08-31,publicstorage,2333,V_1588555,5607 S Tryon St,Charlotte,NC,28217,35.16988,-80.90249,7x15,7.0,15.0,,105.0,medium,72.0,120.0
2026-09-01,cubesmart,4962,9fdfd8ed-9da5-46e0-8319-711cd54f01d6,2324 S Point Rd,Belmont,NC,28012,35.18484,-81.02258,10x10,10.0,10.0,8.0,100.0,medium,50.4,84.0
2026-09-01,cubesmart,4962,db5666c9-c91f-4783-ba83-9c4f965682bf,2324 S Point Rd,Belmont,NC,28012,35.18484,-81.02258,10x10,10.0,10.0,8.0,100.0,medium,88.8,148.0
2026-09-01,cubesmart,4962,8fba6f1d-d2d9-4d11-806d-c93f4bc657c4,2324 S Point Rd,Belmont,NC,28012,35.18484,-81.02258,10x15,10.0,15.0,8.0,150.0,medium,113.4,189.0
2026-09-01,cubesmart,4962,e33cacbd-988e-457e-99ba-36f5226f56ba,2324 S Point Rd,Belmont,NC,28012,35.18484,-81.02258,10x15,10.0,15.0,8.0,150.0,medium,79.2,132.0
2026-09-01,cubesmart,4962,ac91ffcc-4d22-48fa-afd0-616657165403,2324 S Point Rd,Belmont,NC,28012,35.18484,-81.02258,10x20,10.0,20.0,8.0,200.0,large,114.6,191.0
2026-09-01,cubesmart,4962,421e4d28-6f6f-41f0-b1f8-11caab3581bd,2324 S Point Rd,Belmont,NC,28012,35.18484,-81.02258,10x20,10.0,20.0,8.0,200.0,large,142.2,237.0
2026-09-01,cubesmart,4962,c20a2124-f4e0-4975-addf-e2bc27fffb46,2324 S Point Rd,Belmont,NC,28012,35.18484,-81.02258,10x30,10.0,30.0,8.0,300.0,large,161.4,269.0
2026-09-01,cubesmart,4962,b49f9c9e-17bb-4d50-a1f5-63973dad7d42,2324 S Point Rd,Belmont,NC,28012,35.18484,-81.02258,15x20,15.0,20.0,8.0,300.0,large,175.8,293.0
2026-09-01,cubesmart,4962,8fd1711a-5060-4813-bf43-69536a016879,2324 S Point Rd,Belmont,NC,28012,35.18484,-81.02258,20 ft,,20.0,,,parking,80.4,134.0
2026-09-01,cubesmart,4962,d1921364-cdf5-4398-bb86-c5d2e7ee6693,2324 S Point Rd,Belmont,NC,28012,35.18484,-81.02258,5x10,5.0,10.0,8.0,50.0,small,27.6,46.0
2026-09-01,cubesmart,4962,056bbbf3-f590-478e-b66b-7d9991295d5b,2324 S Point Rd,Belmont,NC,28012,35.18484,-81.02258,5x10,5.0,10.0,8.0,50.0,small,50.4,84.0
2026-09-01,cubesmart,4962,27305387-0cc0-4d10-a29f-b1286944b917,2324 S Point Rd,Belmont,NC,28012,35.18484,-81.02258,5x5,5.0,5.0,8.0,25.0,small,25.8,43.0
2026-09-01,cubesmart,4962,d24f7c7a-2341-4378-82b7-e4dde8008016,2324 S Point Rd,Belmont,NC,28012,35.18484,-81.02258,7x10,7.0,10.0,8.0,70.0,small,27.0,36.0
2026-09-01,cubesmart,4962,a81b7e9c-ea9e-48bf-8270-c9cafb01b05b,2324 S Point Rd,Belmont,NC,28012,35.18484,-81.02258,7x10,7.0,10.0,8.0,70.0,small,55.8,93.0
2026-09-01,cubesmart,4962,6495987b-04a4-4b63-97cb-1dfd8bf60548,2324 S Point Rd,Belmont,NC,28012,35.18484,-81.02258,7x10,7.0,10.0,8.0,70.0,small,64.2,107.0
2026-09-01,cubesmart,4962,745f1de6-1ae6-4f38-95ce-7ab1e362ea3f,2324 S Point Rd,Belmont,NC,28012,35.18484,-81.02258,8x10,8.0,10.0,8.0,80.0,medium,35.4,59.0
2026-09-01,cubesmart,400,6c5c05c4-16e3-4276-bb5f-12f0a8c0be1c,5921 Wilkinson Blvd,Belmont,NC,28012,35.24889,-81.0611,10x10,10.0,10.0,8.0,100.0,medium,60.0,80.0
2026-09-01,cubesmart,400,75e2790f-0f12-4f25-b761-dd6ef5bf9fd8,5921 Wilkinson Blvd,Belmont,NC,28012,35.24889,-81.0611,10x10,10.0,10.0,8.0,100.0,medium,84.6,141.0
2026-09-01,cubesmart,400,48a8e1fd-eb77-4e51-a1f1-4440d66dcf35,5921 Wilkinson Blvd,Belmont,NC,28012,35.24889,-81.0611,10x15,10.0,15.0,8.0,150.0,medium,132.6,221.0
2026-09-01,cubesmart,400,941206b2-ef5b-4cd4-9bf3-2ae8cf818509,5921 Wilkinson Blvd,Belmont,NC,28012,35.24889,-81.0611,10x15,10.0,15.0,8.0,150.0,medium,98.4,164.0
2026-09-01,cubesmart,400,5908f2c9-781e-4877-90b5-2250234ba31d,5921 Wilkinson Blvd,Belmont,NC,28012,35.24889,-81.0611,10x20,10.0,20.0,8.0,200.0,large,106.5,142.0
2026-09-01,cubesmart,400,2740755f-f646-42ac-9e82-f4f0c97dc1bd,5921 Wilkinson Blvd,Belmont,NC,28012,35.24889,-81.0611,10x20,10.0,20.0,8.0,200.0,large,172.2,287.0
2026-09-01,cubesmart,400,737b59cc-1c06-4a52-8d60-e14e08cc5271,5921 Wilkinson Blvd,Belmont,NC,28012,35.24889,-81.0611,15x20,15.0,20.0,8.0,300.0,large,145.8,243.0
2026-09-01,cubesmart,400,e325f94b-27a2-4894-ba8c-b5f4f041d32d,5921 Wilkinson Blvd,Belmont,NC,28012,35.24889,-81.0611,15x20,15.0,20.0,8.0,300.0,large,189.0,315.0
2026-09-01,cubesmart,400,c9a60b0d-775a-4ef4-9869-1e2da8a2cf58,5921 Wilkinson Blvd,Belmont,NC,28012,35.24889,-81.0611,15x20,15.0,20.0,8.0,300.0,large,189.0,315.0
2026-09-01,cubesmart,400,91d0962b-eba6-479b-8857-ebb323500e76,5921 Wilkinson Blvd,Belmont,NC,28012,35.24889,-81.0611,20 ft,,20.0,,,parking,61.2,102.0
2026-09-01,cubesmart,400,9910976c-bbfd-4e5a-9c22-de2bb0bbf93b,5921 Wilkinson Blvd,Belmont,NC,28012,35.24889,-81.0611,20x20,20.0,20.0,8.0,400.0,large,227.4,379.0
2026-09-01,cubesmart,400,004acb28-2fcc-4008-9aff-6bc3d22e5ed4,5921 Wilkinson Blvd,Belmont,NC,28012,35.24889,-81.0611,5x10,5.0,10.0,8.0,50.0,small,45.0,75.0
2026-09-01,cubesmart,400,b5d765a3-ec5b-45b0-846d-d70e36f01591,5921 Wilkinson Blvd,Belmont,NC,28012,35.24889,-81.0611,5x10,5.0,10.0,8.0,50.0,small,67.2,112.0
2026-09-01,cubesmart,400,4c7626b3-b8dc-4789-a802-cf9fd5a83f2f,5921 Wilkinson Blvd,Belmont,NC,28012,35.24889,-81.0611,5x5,5.0,5.0,8.0,25.0,small,31.2,52.0
2026-09-01,cubesmart,400,db00b50a-74c4-4e2a-8879-55a5b96aacb6,5921 Wilkinson Blvd,Belmont,NC,28012,35.24889,-81.0611,5x5,5.0,5.0,8.0,25.0,small,54.6,91.0
2026-09-01,cubesmart,5263,43ab79bf-2da5-4486-8672-43a98315a810,620 Webb Rd,Concord,NC,28025,35.37815,-80.58394,10x10,10.0,10.0,8.0,100.0,medium,57.0,114.0
2026-09-01,cubesmart,5263,01504710-7237-4466-92c0-c6101565447d,620 Webb Rd,Concord,NC,28025,35.37815,-80.58394,10x10,10.0,10.0,8.0,100.0,medium,91.0,182.0
2026-09-01,cubesmart,5263,c2e2b634-01fb-4b13-8cec-63dbd7c53c8a,620 Webb Rd,Concord,NC,28025,35.37815,-80.58394,10x13,10.0,13.0,8.0,130.0,medium,112.5,225.0
2026-09-01,cubesmart,5263,2a908fac-de6d-4de2-91d4-e9017320f60a,620 Webb Rd,Concord,NC,28025,35.37815,-80.58394,10x15,10.0,15.0,8.0,150.0,medium,123.0,246.0
2026-09-01,cubesmart,5263,6e0222cf-15ba-416a-b2c3-04d8e3423cd6,620 Webb Rd,Concord,NC,28025,35.37815,-80.58394,10x15,10.0,15.0,8.0,150.0,medium,80.5,161.0
2026-09-01,cubesmart,5263,7e740b8f-7b9f-49f5-bc4f-705cd760445a,620 Webb Rd,Concord,NC,28025,35.37815,-80.58394,10x20,10.0,20.0,8.0,200.0,large,102.5,205.0
2026-09-01,cubesmart,5263,e5cc71ac-c517-446b-acff-d15790ff9ff5,620 Webb Rd,Concord,NC,28025,35.37815,-80.58394,10x20,10.0,20.0,8.0,200.0,large,155.5,311.0
2026-09-01,cubesmart,5263,73893dd1-c3f2-4119-99a9-0f0321cc6438,620 Webb Rd,Concord,NC,28025,35.37815,-80.58394,10x20,10.0,20.0,8.0,200.0,large,155.5,311.0
2026-09-01,cubesmart,5263,95626ab1-e704-4722-87d0-2bb61668e749,620 Webb Rd,Concord,NC,28025,35.37815,-80.58394,10x25,10.0,25.0,8.0,250.0,large,187.5,375.0
2026-09-01,cubesmart,5263,2a3f02cd-1b24-4a23-b584-b19df481f2ca,620 Webb Rd,Concord,NC,28025,35.37815,-80.58394,10x30,10.0,30.0,8.0,300.0,large,214.5,429.0
2026-09-01,cubesmart,5263,6176d1d8-f5b6-48ad-b121-7305de784a46,620 Webb Rd,Concord,NC,28025,35.37815,-80.58394,40 ft,,40.0,,,parking,69.6,116.0
2026-09-01,cubesmart,5263,ed2b9b5c-60af-4e87-855f-e5bbfa13ea0c,620 Webb Rd,Concord,NC,28025,35.37815,-80.58394,5x10,5.0,10.0,8.0,50.0,small,51.0,102.0
2026-09-01,cubesmart,5263,84c69aee-a7b4-4e06-a7da-68bd9f8365ea,620 Webb Rd,Concord,NC,28025,35.37815,-80.58394,5x10,5.0,10.0,8.0,50.0,small,51.0,102.0
2026-09-01,cubesmart,5263,7db45bb5-0a3f-464e-8fe0-71f4917f1351,620 Webb Rd,Concord,NC,28025,35.37815,-80.58394,5x5,5.0,5.0,8.0,25.0,small,30.5,61.0
2026-09-01,cubesmart,5263,e8aed165-0a3c-431d-a617-36f8036dc4c2,620 Webb Rd,Concord,NC,28025,35.37815,-80.58394,8x10,8.0,10.0,8.0,80.0,medium,76.0,152.0
2026-09-01,cubesmart,3281,c7b045d9-fb1b-4f24-a647-0ac3e12499dd,10921 Bailey Rd,Cornelius,NC,28031,35.46308,-80.85178,10x10,10.0,10.0,8.0,100.0,medium,100.1,154.0
2026-09-01,cubesmart,3281,ad1b709d-e08e-4548-9f4d-20b1fb6c8895,10921 Bailey Rd,Cornelius,NC,28031,35.46308,-80.85178,10x10,10.0,10.0,8.0,100.0,medium,101.5,203.0
2026-09-01,cubesmart,3281,15af0feb-d116-4893-b557-171ce9afc24c,10921 Bailey Rd,Cornelius,NC,28031,35.46308,-80.85178,10x15,10.0,15.0,8.0,150.0,medium,118.95,183.0
2026-09-01,cubesmart,3281,795ef59d-1aee-48ef-890c-805aadb54e7f,10921 Bailey Rd,Cornelius,NC,28031,35.46308,-80.85178,10x15,10.0,15.0,8.0,150.0,medium,121.0,242.0
2026-09-01,cubesmart,3281,0cdea52c-29ce-4313-af67-b72f178a043a,10921 Bailey Rd,Cornelius,NC,28031,35.46308,-80.85178,10x17,10.0,17.0,8.0,170.0,large,130.0,260.0
2026-09-01,cubesmart,3281,301074c7-98d9-4104-b714-a46e782176a4,10921 Bailey Rd,Cornelius,NC,28031,35.46308,-80.85178,10x20,10.0,20.0,8.0,200.0,large,133.5,267.0
2026-09-01,cubesmart,3281,72d38cc1-9671-4714-abdb-a72f6fe9ede0,10921 Bailey Rd,Cornelius,NC,28031,35.46308,-80.85178,10x30,10.0,30.0,8.0,300.0,large,165.1,254.0
2026-09-01,cubesmart,3281,333255a9-aaf8-4a01-9da4-e7aca4a18780,10921 Bailey Rd,Cornelius,NC,28031,35.46308,-80.85178,20 ft,,20.0,,,parking,55.8,93.0
2026-09-01,cubesmart,3281,3059e7c0-610d-4917-9bac-b035b4a76ea3,10921 Bailey Rd,Cornelius,NC,28031,35.46308,-80.85178,25 ft,,25.0,,,parking,61.8,103.0
2026-09-01,cubesmart,3281,3a1ca56d-6b8a-4d4d-8050-57b1bc0fedb3,10921 Bailey Rd,Cornelius,NC,28031,35.46308,-80.85178,30 ft,,30.0,,,parking,50.4,84.0
2026-09-01,cubesmart,3281,693a59d2-ffb3-4148-8ff1-cf044e4b4cc8,10921 Bailey Rd,Cornelius,NC,28031,35.46308,-80.85178,40 ft,,40.0,,,parking,76.8,128.0
2026-09-01,cubesmart,3281,bfd000ff-530f-4861-b3cc-416b119f9726,10921 Bailey Rd,Cornelius,NC,28031,35.46308,-80.85178,5x10,5.0,10.0,8.0,50.0,small,41.0,82.0
2026-09-01,cubesmart,3281,bb320edb-2e6c-43d0-82ca-34f08d3dc1b7,10921 Bailey Rd,Cornelius,NC,28031,35.46308,-80.85178,5x10,5.0,10.0,8.0,50.0,small,41.0,82.0
2026-09-01,cubesmart,3281,7835d1ea-7fed-45c9-bfb9-492cac43f5a4,10921 Bailey Rd,Cornelius,NC,28031,35.46308,-80.85178,5x10,5.0,10.0,8.0,50.0,small,68.5,137.0
2026-09-01,cubesmart,3281,7e2298a7-f231-404f-b94c-0eb50df87bf8,10921 Bailey Rd,Cornelius,NC,28031,35.46308,-80.85178,5x10,5.0,10.0,8.0,50.0,small,68.5,137.0
2026-09-01,cubesmart,3281,1861c868-9379-42ff-ad47-610eb301882d,10921 Bailey Rd,Cornelius,NC,28031,35.46308,-80.85178,5x5,5.0,5.0,8.0,25.0,small,26.5,53.0
2026-09-01,cubesmart,3281,19799cb9-3860-4e86-87b7-8258ed328bc9,10921 Bailey Rd,Cornelius,NC,28031,35.46308,-80.85178,5x5,5.0,5.0,8.0,25.0,small,32.0,64.0
2026-09-01,cubesmart,3032,74e6a7b4-44e0-41dd-93b1-d2f68cdfb780,1105 Waxhaw Indian Trail Rd,Indian Trail,NC,28079,35.06715,-80.67944,10x10,10.0,10.0,8.0,100.0,medium,51.0,102.0
2026-09-01,cubesmart,3032,bbd01532-c511-434c-bd11-dba09d3f2f55,1105 Waxhaw Indian Trail Rd,Indian Trail,NC,28079,35.06715,-80.67944,10x15,10.0,15.0,8.0,150.0,medium,62.5,125.0
2026-09-01,cubesmart,3032,7e02efb6-b8ad-488e-9822-dda494ad9563,1105 Waxhaw Indian Trail Rd,Indian Trail,NC,28079,35.06715,-80.67944,10x20,10.0,20.0,8.0,200.0,large,103.0,206.0
2026-09-01,cubesmart,3032,e3dc5ee2-7ef6-4cfe-8d3b-530d0adacbe4,1105 Waxhaw Indian Trail Rd,Indian Trail,NC,28079,35.06715,-80.67944,10x20,10.0,20.0,10.0,200.0,large,80.5,161.0
2026-09-01,cubesmart,3032,3082e108-8908-467a-a839-e48e98379212,1105 Waxhaw Indian Trail Rd,Indian Trail,NC,28079,35.06715,-80.67944,10x20,10.0,20.0,8.0,200.0,large,82.0,164.0
2026-09-01,cubesmart,3032,db9faada-3155-4e2a-a9be-e920c992a4eb,1105 Waxhaw Indian Trail Rd,Indian Trail,NC,28079,35.06715,-80.67944,10x30,10.0,30.0,8.0,300.0,large,151.5,303.0
2026-09-01,cubesmart,3032,a6ab561f-e789-4dea-ad94-5877e516069e,1105 Waxhaw Indian Trail Rd,Indian Trail,NC,28079,35.06715,-80.67944,10x35,10.0,35.0,8.0,350.0,large,212.5,425.0
2026-09-01,cubesmart,3032,f9560802-c771-4a09-a136-16da059f2f7d,1105 Waxhaw Indian Trail Rd,Indian Trail,NC,28079,35.06715,-80.67944,20 ft,,20.0,,,parking,132.6,221.0
2026-09-01,cubesmart,3032,cbf28230-ce8f-42d4-8af2-ac90af6a9306,1105 Waxhaw Indian Trail Rd,Indian Trail,NC,28079,35.06715,-80.67944,20x20,20.0,20.0,8.0,400.0,large,236.0,472.0
2026-09-01,cubesmart,3032,38e635c7-fbc1-4442-b205-76d036b86b3b,1105 Waxhaw Indian Trail Rd,Indian Trail,NC,28079,35.06715,-80.67944,25 ft,,25.0,,,parking,129.6,216.0
2026-09-01,cubesmart,3032,b0dd66c6-9a1c-4aa9-bdda-63606420af25,1105 Waxhaw Indian Trail Rd,Indian Trail,NC,28079,35.06715,-80.67944,30 ft,,30.0,,,parking,136.8,228.0
2026-09-01,cubesmart,3032,170ddad7-2fab-4e74-9189-b2bbb0fca51a,1105 Waxhaw Indian Trail Rd,Indian Trail,NC,28079,35.06715,-80.67944,40 ft,,40.0,,,parking,163.2,272.0
2026-09-01,cubesmart,3032,6f4d20f1-d08c-4d45-b5f6-2c21a41cb5cd,1105 Waxhaw Indian Trail Rd,Indian Trail,NC,28079,35.06715,-80.67944,5x10,5.0,10.0,8.0,50.0,small,27.0,54.0
2026-09-01,cubesmart,3032,f6f8f3b9-260f-482f-b93b-e812ac91bd77,1105 Waxhaw Indian Trail Rd,Indian Trail,NC,28079,35.06715,-80.67944,5x10,5.0,10.0,8.0,50.0,small,27.0,54.0
2026-09-01,cubesmart,3032,1d9f74ff-22be-4b88-bd2d-39069f73fa40,1105 Waxhaw Indian Trail Rd,Indian Trail,NC,28079,35.06715,-80.67944,5x10,5.0,10.0,8.0,50.0,small,33.0,66.0
2026-09-01,cubesmart,3032,253d2140-8475-4e9d-a4af-f18283eff955,1105 Waxhaw Indian Trail Rd,Indian Trail,NC,28079,35.06715,-80.67944,5x15,5.0,15.0,8.0,75.0,small,34.5,69.0
2026-09-01,cubesmart,3032,6efbaf75-26bd-4cd2-bf7f-84955552af81,1105 Waxhaw Indian Trail Rd,Indian Trail,NC,28079,35.06715,-80.67944,5x5,5.0,5.0,8.0,25.0,small,15.5,31.0
2026-09-01,cubesmart,3032,970c3799-9b55-4c02-8716-130d3e0a7427,1105 Waxhaw Indian Trail Rd,Indian Trail,NC,28079,35.06715,-80.67944,5x7.5,5.0,7.5,10.0,37.5,small,17.0,34.0
2026-09-01,cubesmart,3032,bce0e4a6-a657-4440-a94c-9bc97573c4bf,1105 Waxhaw Indian Trail Rd,Indian Trail,NC,28079,35.06715,-80.67944,5x7.5,5.0,7.5,10.0,37.5,small,22.0,44.0
2026-09-01,cubesmart,3032,4eb40c4a-f3f5-464f-b092-c439869f8216,1105 Waxhaw Indian Trail Rd,Indian Trail,NC,28079,35.06715,-80.67944,7.5x10,7.5,10.0,10.0,75.0,small,31.5,63.0
2026-09-01,cubesmart,3282,a4b52217-b979-441a-a10c-23fe5a2b1463,12710 Lancaster Hwy,Pineville,NC,28134,35.06947,-80.87911,10x10,10.0,10.0,8.0,100.0,medium,59.0,118.0
2026-09-01,cubesmart,3282,2d10089b-0125-45ea-b165-3157a82e9242,12710 Lancaster Hwy,Pineville,NC,28134,35.06947,-80.87911,10x15,10.0,15.0,8.0,150.0,medium,100.5,201.0
2026-09-01,cubesmart,3282,b12d342f-a784-4aa3-a4fd-65f68cab613c,12710 Lancaster Hwy,Pineville,NC,28134,35.06947,-80.87911,10x20,10.0,20.0,8.0,200.0,large,250.0,500.0
2026-09-01,cubesmart,3282,8824bfa5-1c39-4dd0-b516-345774c09ebb,12710 Lancaster Hwy,Pineville,NC,28134,35.06947,-80.87911,10x20,10.0,20.0,8.0,200.0,large,282.5,565.0
2026-09-01,cubesmart,3282,0e5f6188-cbf4-4546-81a7-8dd00020a25a,12710 Lancaster Hwy,Pineville,NC,28134,35.06947,-80.87911,10x25,10.0,25.0,8.0,250.0,large,163.5,327.0
2026-09-01,cubesmart,3282,8c64fe6a-bc29-4e4c-be19-9472eae26b27,12710 Lancaster Hwy,Pineville,NC,28134,35.06947,-80.87911,10x30,10.0,30.0,8.0,300.0,large,471.5,943.0
2026-09-01,cubesmart,3282,e4c126be-fc66-4519-8301-2dd6c42d7abb,12710 Lancaster Hwy,Pineville,NC,28134,35.06947,-80.87911,20 ft,,20.0,,,parking,91.2,152.0
2026-09-01,cubesmart,3282,5593a9f8-7be5-400f-a245-cf9e24960432,12710 Lancaster Hwy,Pineville,NC,28134,35.06947,-80.87911,30 ft,,30.0,,,parking,87.75,117.0
2026-09-01,cubesmart,3282,f773324c-cbc9-45f2-aa6d-bb0b09fa29d5,12710 Lancaster Hwy,Pineville,NC,28134,35.06947,-80.87911,40 ft,,40.0,,,parking,118.8,198.0
2026-09-01,cubesmart,3282,9bfbadb1-8a7e-4e99-afbe-c2e1e616e58a,12710 Lancaster Hwy,Pineville,NC,28134,35.06947,-80.87911,5x10,5.0,10.0,8.0,50.0,small,26.5,53.0
2026-09-01,cubesmart,3282,5e8c84d6-eae3-448b-8804-beaf4ef05166,12710 Lancaster Hwy,Pineville,NC,28134,35.06947,-80.87911,5x10,5.0,10.0,8.0,50.0,small,77.35,119.0
2026-09-01,cubesmart,3282,d5ffb3ff-054d-42e7-b8b7-e56c7001e4db,12710 Lancaster Hwy,Pineville,NC,28134,35.06947,-80.87911,5x5,5.0,5.0,8.0,25.0,small,18.0,36.0
2026-09-01,cubesmart,4308,cbcf9401-203b-45de-a10d-92b1ce94ba88,13402 Lancaster Hwy,Pineville,NC,28134,35.06116,-80.87708,1.5x2,1.5,2.0,8.0,3.0,small,26.0,
2026-09-01,cubesmart,4308,b55681af-9846-43f6-82c9-aeb0ebbb4665,13402 Lancaster Hwy,Pineville,NC,28134,35.06116,-80.87708,1.5x2.5,1.5,2.5,8.0,3.8,small,30.0,
2026-09-01,cubesmart,4308,5a0bf2cd-fedd-4396-8e08-edb0c7be10de,13402 Lancaster Hwy,Pineville,NC,28134,35.06116,-80.87708,10x10,10.0,10.0,8.0,100.0,medium,116.4,194.0
2026-09-01,cubesmart,4308,e26e91a9-0f2a-45d4-bf15-1bc2d61a6dec,13402 Lancaster Hwy,Pineville,NC,28134,35.06116,-80.87708,10x10,10.0,10.0,8.0,100.0,medium,98.4,164.0
2026-09-01,cubesmart,4308,1e5a6fde-3640-424f-9d25-811dd6e2932b,13402 Lancaster Hwy,Pineville,NC,28134,35.06116,-80.87708,10x15,10.0,15.0,8.0,150.0,medium,130.8,218.0
2026-09-01,cubesmart,4308,9b2f8d0c-7552-4dfa-939f-48557febd204,13402 Lancaster Hwy,Pineville,NC,28134,35.06116,-80.87708,10x15,10.0,15.0,8.0,150.0,medium,131.4,219.0
2026-09-01,cubesmart,4308,ad6eb9c9-3db7-4be8-877c-5d296b1f6785,13402 Lancaster Hwy,Pineville,NC,28134,35.06116,-80.87708,10x15,10.0,15.0,8.0,150.0,medium,139.2,232.0
2026-09-01,cubesmart,4308,73052279-68b3-4d6d-ae2b-221396435b55,13402 Lancaster Hwy,Pineville,NC,28134,35.06116,-80.87708,10x20,10.0,20.0,8.0,200.0,large,210.0,350.0
2026-09-01,cubesmart,4308,701e9b35-3acd-4696-934f-7df772d86c49,13402 Lancaster Hwy,Pineville,NC,28134,35.06116,-80.87708,10x25,10.0,25.0,8.0,250.0,large,207.6,346.0
2026-09-01,cubesmart,4308,9a78cf1d-ae31-415b-aeeb-a917e62feb4c,13402 Lancaster Hwy,Pineville,NC,28134,35.06116,-80.87708,10x25,10.0,25.0,8.0,250.0,large,300.0,500.0
2026-09-01,cubesmart,4308,0e44ea64-3e8d-45bb-af57-6b9b71d4fdd9,13402 Lancaster Hwy,Pineville,NC,28134,35.06116,-80.87708,5x15,5.0,15.0,8.0,75.0,small,75.0,125.0
2026-09-01,cubesmart,4308,5158fe14-eaae-42ec-ba73-145884b363d0,13402 Lancaster Hwy,Pineville,NC,28134,35.06116,-80.87708,5x5,5.0,5.0,8.0,25.0,small,24.0,40.0
2026-09-01,cubesmart,4308,0fd3e866-0abb-47ab-8870-5012d8e12199,13402 Lancaster Hwy,Pineville,NC,28134,35.06116,-80.87708,9x20,9.0,20.0,8.0,180.0,large,176.4,294.0
2026-09-01,cubesmart,4428,f5b9a96a-8cac-4ede-960d-9fdd924c532e,2701 S Tryon St,Charlotte,NC,28203,35.2044,-80.86998,10x10,10.0,10.0,8.0,100.0,medium,80.0,160.0
2026-09-01,cubesmart,4428,3cc2ebb0-1eab-473c-99b4-2a97ae7d0bd8,2701 S Tryon St,Charlotte,NC,28203,35.2044,-80.86998,10x15,10.0,15.0,8.0,150.0,medium,102.5,205.0
2026-09-01,cubesmart,4428,7ba0e105-130b-4e8b-8dea-53e5c92062d3,2701 S Tryon St,Charlotte,NC,28203,35.2044,-80.86998,10x20,10.0,20.0,8.0,200.0,large,154.0,308.0
2026-09-01,cubesmart,4428,483456fc-b2c6-4ed6-83cd-5eb29b472426,2701 S Tryon St,Charlotte,NC,28203,35.2044,-80.86998,1x2,1.0,2.0,4.0,2.0,small,23.0,
2026-09-01,cubesmart,4428,461a8ad6-8bd9-45e7-90c1-dc192711868d,2701 S Tryon St,Charlotte,NC,28203,35.2044,-80.86998,2x2,2.0,2.0,4.0,4.0,small,34.0,
2026-09-01,cubesmart,4428,2f0031a9-5213-47fc-a23d-0b0bf8ad863b,2701 S Tryon St,Charlotte,NC,28203,35.2044,-80.86998,2x3,2.0,3.0,4.0,6.0,small,43.0,
2026-09-01,cubesmart,4428,e03604e9-f76d-44ee-b8e8-4355d5167d58,2701 S Tryon St,Charlotte,NC,28203,35.2044,-80.86998,3x3,3.0,3.0,4.0,9.0,small,50.0,
2026-09-01,cubesmart,4428,3960a3d1-5ffa-4f27-8317-1be197ff9d0f,2701 S Tryon St,Charlotte,NC,28203,35.2044,-80.86998,5x5,5.0,5.0,8.0,25.0,small,29.0,58.0
2026-09-01,cubesmart,3829,c3a8de7f-d243-44b7-9a13-d99c0a27ca0f,2908 Monroe Rd,Charlotte,NC,28205,35.20391,-80.80577,10x10,10.0,10.0,8.0,100.0,medium,130.5,261.0
2026-09-01,cubesmart,3829,d14a4b14-0961-4d00-ba71-33d8104836bf,2908 Monroe Rd,Charlotte,NC,28205,35.20391,-80.80577,10x11,10.0,11.0,8.0,110.0,medium,140.0,280.0
2026-09-01,cubesmart,3829,a42425af-6f19-4326-809b-cc1676371096,2908 Monroe Rd,Charlotte,NC,28205,35.20391,-80.80577,10x15,10.0,15.0,8.0,150.0,medium,177.0,354.0
2026-09-01,cubesmart,3829,3245ac03-8737-44a1-9e4a-5e40f1763efe,2908 Monroe Rd,Charlotte,NC,28205,35.20391,-80.80577,10x15,10.0,15.0,8.0,150.0,medium,205.4,316.0
2026-09-01,cubesmart,3829,9ade5594-7b72-4dca-8cd1-a3e520c3b96f,2908 Monroe Rd,Charlotte,NC,28205,35.20391,-80.80577,10x16,10.0,16.0,8.0,160.0,large,225.0,450.0
2026-09-01,cubesmart,3829,faeb6f59-2d3e-4439-a16b-a48782ea64d2,2908 Monroe Rd,Charlotte,NC,28205,35.20391,-80.80577,10x20,10.0,20.0,8.0,200.0,large,293.15,451.0
2026-09-01,cubesmart,3829,5309e815-a7d2-4bff-bb89-62e21c5fa108,2908 Monroe Rd,Charlotte,NC,28205,35.20391,-80.80577,10x20,10.0,20.0,8.0,200.0,large,304.0,608.0
2026-09-01,cubesmart,3829,60888e44-b4d4-42b3-9fb9-140c95bcde71,2908 Monroe Rd,Charlotte,NC,28205,35.20391,-80.80577,10x30,10.0,30.0,8.0,300.0,large,429.0,858.0
2026-09-01,cubesmart,3829,76513af2-077f-45db-a52e-afa26980d180,2908 Monroe Rd,Charlotte,NC,28205,35.20391,-80.80577,5x10,5.0,10.0,8.0,50.0,small,59.0,118.0
2026-09-01,cubesmart,3829,d47571cb-5eca-4934-b0b0-32ffbe936834,2908 Monroe Rd,Charlotte,NC,28205,35.20391,-80.80577,5x10,5.0,10.0,8.0,50.0,small,75.0,150.0
2026-09-01,cubesmart,3829,b4477e7e-337b-4b6d-85a3-fff67c3f54de,2908 Monroe Rd,Charlotte,NC,28205,35.20391,-80.80577,5x15,5.0,15.0,8.0,75.0,small,86.5,173.0
2026-09-01,cubesmart,3829,7cccc7ca-1a90-4760-9c12-ba9b9231de55,2908 Monroe Rd,Charlotte,NC,28205,35.20391,-80.80577,5x5,5.0,5.0,4.0,25.0,small,29.0,58.0
2026-09-01,cubesmart,3829,98163075-5271-4580-bbe4-a1e10582d95c,2908 Monroe Rd,Charlotte,NC,28205,35.20391,-80.80577,5x5,5.0,5.0,8.0,25.0,small,50.5,101.0
2026-09-01,cubesmart,3829,ac305b26-b521-4dce-8c2a-bbd5103988c0,2908 Monroe Rd,Charlotte,NC,28205,35.20391,-80.80577,7.5x10,7.5,10.0,8.0,75.0,small,83.85,129.0
2026-09-01,cubesmart,3829,c9b36bd5-a016-4293-b1c9-c43b05c0a123,2908 Monroe Rd,Charlotte,NC,28205,35.20391,-80.80577,7.5x10,7.5,10.0,8.0,75.0,small,85.5,171.0
2026-09-01,cubesmart,3829,c3c5b0b5-85d4-48de-bb7e-7559725a2cc1,2908 Monroe Rd,Charlotte,NC,28205,35.20391,-80.80577,7.5x10,7.5,10.0,8.0,75.0,small,86.5,173.0
2026-09-01,cubesmart,3829,aabda7f4-1712-4edf-8ac9-5b59bb0c014d,2908 Monroe Rd,Charlotte,NC,28205,35.20391,-80.80577,7x7,7.0,7.0,8.0,49.0,small,66.5,133.0
2026-09-01,cubesmart,4144,3460b275-5f74-4ad0-b421-741a8353d9e1,1451 Bryant St,Charlotte,NC,28208,35.22733,-80.86679,10x10,10.0,10.0,8.0,100.0,medium,81.0,135.0
2026-09-01,cubesmart,4144,35240ecd-26ec-48f1-94a4-eef506cd53de,1451 Bryant St,Charlotte,NC,28208,35.22733,-80.86679,10x15,10.0,15.0,8.0,150.0,medium,104.25,139.0
2026-09-01,cubesmart,4144,125484d1-f935-457c-b3fa-07b5e278eb1f,1451 Bryant St,Charlotte,NC,28208,35.22733,-80.86679,10x20,10.0,20.0,,200.0,parking,79.2,132.0
2026-09-01,cubesmart,4144,74f88d2c-ae3c-4695-a791-d04f0919778f,1451 Bryant St,Charlotte,NC,28208,35.22733,-80.86679,10x40,10.0,40.0,,400.0,parking,154.8,258.0
2026-09-01,cubesmart,4144,48611996-abba-40cd-bbb9-470652874a37,1451 Bryant St,Charlotte,NC,28208,35.22733,-80.86679,20x40,20.0,40.0,,800.0,parking,314.4,524.0
2026-09-01,cubesmart,4144,4fa1cf00-fd75-4165-bcae-50217884bc09,1451 Bryant St,Charlotte,NC,28208,35.22733,-80.86679,5x10,5.0,10.0,8.0,50.0,small,60.0,100.0
2026-09-01,cubesmart,4144,8b3b839c-3c9d-464c-bc7b-e7c037f0fc0a,1451 Bryant St,Charlotte,NC,28208,35.22733,-80.86679,5x10,5.0,10.0,8.0,50.0,small,60.0,100.0
2026-09-01,cubesmart,4144,a1fb82bf-2a83-496a-ac6e-53f8596ba6ab,1451 Bryant St,Charlotte,NC,28208,35.22733,-80.86679,5x5,5.0,5.0,8.0,25.0,small,28.8,48.0
2026-09-01,cubesmart,4144,52299df8-c1c2-456a-ae4c-911d8dd1b4d9,1451 Bryant St,Charlotte,NC,28208,35.22733,-80.86679,5x7.5,5.0,7.5,8.0,37.5,small,33.0,55.0
2026-09-01,cubesmart,4144,9b18357b-0d8e-48f7-a287-5a32afbe958f,1451 Bryant St,Charlotte,NC,28208,35.22733,-80.86679,7.5x10,7.5,10.0,8.0,75.0,small,65.4,109.0
2026-09-01,cubesmart,4169,0d16dd1a-2375-4b96-be7e-37b710f288ae,2010 Rocky River Rd,Charlotte,NC,28213,35.2765,-80.72883,10x10,10.0,10.0,8.0,100.0,medium,107.25,143.0
2026-09-01,cubesmart,4169,5b26770e-602b-4c28-9f03-284548f5fc3c,2010 Rocky River Rd,Charlotte,NC,28213,35.2765,-80.72883,10x15,10.0,15.0,8.0,150.0,medium,165.0,220.0
2026-09-01,cubesmart,4169,f607d65d-ab38-4dc6-9047-022b2de02cc7,2010 Rocky River Rd,Charlotte,NC,28213,35.2765,-80.72883,10x15,10.0,15.0,8.0,150.0,medium,206.4,344.0
2026-09-01,cubesmart,4169,261a1558-3d5e-43ce-a047-822ae069a602,2010 Rocky River Rd,Charlotte,NC,28213,35.2765,-80.72883,10x20,10.0,20.0,8.0,200.0,large,196.8,328.0
2026-09-01,cubesmart,4169,aa92ef81-530c-4a0f-af80-fef30d00bd0f,2010 Rocky River Rd,Charlotte,NC,28213,35.2765,-80.72883,10x20,10.0,20.0,8.0,200.0,large,221.4,369.0
2026-09-01,cubesmart,4169,acbd198f-a30d-4dbb-8fe0-7e67ed20df87,2010 Rocky River Rd,Charlotte,NC,28213,35.2765,-80.72883,10x25,10.0,25.0,8.0,250.0,large,363.0,484.0
2026-09-01,cubesmart,4169,34dca779-8fb1-41f7-a82c-72721f840365,2010 Rocky River Rd,Charlotte,NC,28213,35.2765,-80.72883,15x20,15.0,20.0,8.0,300.0,large,334.8,558.0
2026-09-01,cubesmart,4169,bfd04579-fa68-40e3-b9d6-09c75070ffa0,2010 Rocky River Rd,Charlotte,NC,28213,35.2765,-80.72883,2x3,2.0,3.0,8.0,6.0,small,47.6,56.0
2026-09-01,cubesmart,4169,ad75b778-2be9-4bbf-9538-bdb654dfb6ce,2010 Rocky River Rd,Charlotte,NC,28213,35.2765,-80.72883,3x3,3.0,3.0,8.0,9.0,small,53.55,63.0
2026-09-01,cubesmart,4169,f3fd6897-472e-41f5-8008-6a909ff1af66,2010 Rocky River Rd,Charlotte,NC,28213,35.2765,-80.72883,3x6,3.0,6.0,8.0,18.0,small,109.65,129.0
2026-09-01,cubesmart,4169,f04c550c-b5a0-4026-9df8-74067757e10a,2010 Rocky River Rd,Charlotte,NC,28213,35.2765,-80.72883,4x10,4.0,10.0,8.0,40.0,small,65.4,109.0
2026-09-01,cubesmart,4169,46d64d95-fd4b-42df-9259-445437d37334,2010 Rocky River Rd,Charlotte,NC,28213,35.2765,-80.72883,5x5,5.0,5.0,8.0,25.0,small,37.2,62.0
2026-09-01,cubesmart,4169,452aefed-d35a-48e7-acc1-d8daa6b1c019,2010 Rocky River Rd,Charlotte,NC,28213,35.2765,-80.72883,5x5,5.0,5.0,8.0,25.0,small,43.8,73.0
2026-09-01,cubesmart,4515,b0b360ec-9a6d-4aba-8eba-1511bfd68448,10609 Johnston Rd,Charlotte,NC,28226,35.08881,-80.85304,10x10,10.0,10.0,8.0,100.0,medium,121.0,242.0
2026-09-01,cubesmart,4515,e9e9ca3f-65f8-43aa-8a6e-ee08a06426e5,10609 Johnston Rd,Charlotte,NC,28226,35.08881,-80.85304,10x12,10.0,12.0,8.0,120.0,medium,126.0,252.0
2026-09-01,cubesmart,4515,9a9ee237-c969-41e9-ab15-d36f35b08221,10609 Johnston Rd,Charlotte,NC,28226,35.08881,-80.85304,10x12,10.0,12.0,8.0,120.0,medium,137.0,274.0
2026-09-01,cubesmart,4515,6853fe03-0027-4c04-b26b-673c71b536ca,10609 Johnston Rd,Charlotte,NC,28226,35.08881,-80.85304,10x15,10.0,15.0,8.0,150.0,medium,152.0,304.0
2026-09-01,cubesmart,4515,028771ba-00b2-4919-a797-218a409ede11,10609 Johnston Rd,Charlotte,NC,28226,35.08881,-80.85304,10x15,10.0,15.0,8.0,150.0,medium,164.5,329.0
2026-09-01,cubesmart,4515,0521c2b0-046e-44d5-959f-fb8868689672,10609 Johnston Rd,Charlotte,NC,28226,35.08881,-80.85304,10x18,10.0,18.0,8.0,180.0,large,177.5,355.0
2026-09-01,cubesmart,4515,bc3d5224-717d-4fe7-b919-bf73c802c2de,10609 Johnston Rd,Charlotte,NC,28226,35.08881,-80.85304,10x20,10.0,20.0,8.0,200.0,large,173.55,267.0
2026-09-01,cubesmart,4515,a46323f4-d6fd-42f7-bfa5-056cbffec40a,10609 Johnston Rd,Charlotte,NC,28226,35.08881,-80.85304,10x25,10.0,25.0,8.0,250.0,large,180.7,278.0
2026-09-01,cubesmart,4515,bab2b7b5-0024-449a-b4ff-d5223d65a6f8,10609 Johnston Rd,Charlotte,NC,28226,35.08881,-80.85304,10x30,10.0,30.0,8.0,300.0,large,249.0,498.0
2026-09-01,cubesmart,4515,82822503-7b43-4fc8-a399-8d5014f29553,10609 Johnston Rd,Charlotte,NC,28226,35.08881,-80.85304,5x10,5.0,10.0,8.0,50.0,small,57.85,89.0
2026-09-01,cubesmart,4515,1b1c48c5-6090-4cf0-897f-94a9500e5ed6,10609 Johnston Rd,Charlotte,NC,28226,35.08881,-80.85304,5x10,5.0,10.0,8.0,50.0,small,69.5,139.0
2026-09-01,cubesmart,4515,529ff118-7ef3-40a1-8aa6-1d03c08cac31,10609 Johnston Rd,Charlotte,NC,28226,35.08881,-80.85304,5x15,5.0,15.0,8.0,75.0,small,57.0,114.0
2026-09-01,cubesmart,4515,5588b100-7a64-441a-b94e-db4d07e05c9f,10609 Johnston Rd,Charlotte,NC,28226,35.08881,-80.85304,5x5,5.0,5.0,8.0,25.0,small,28.0,56.0
2026-09-01,cubesmart,4515,d7a451d0-cf67-416f-b889-a305e13b563d,10609 Johnston Rd,Charlotte,NC,28226,35.08881,-80.85304,7x10,7.0,10.0,8.0,70.0,small,75.0,150.0
2026-09-01,cubesmart,4515,d68131fc-9714-48ee-be76-e65998e90158,10609 Johnston Rd,Charlotte,NC,28226,35.08881,-80.85304,7x8,7.0,8.0,8.0,56.0,small,72.5,145.0
2026-09-01,cubesmart,2668,79042368-c806-480e-a0f9-9122ec8b3120,7043 E Independence Blvd,Charlotte,NC,28227,35.16508,-80.74081,10x10,10.0,10.0,8.0,100.0,medium,46.2,77.0
2026-09-01,cubesmart,2668,1bb8c304-288d-4043-b323-e28134e4a513,7043 E Independence Blvd,Charlotte,NC,28227,35.16508,-80.74081,10x15,10.0,15.0,8.0,150.0,medium,108.0,180.0
2026-09-01,cubesmart,2668,e2f69298-54ba-4e33-8f20-e3e67115b033,7043 E Independence Blvd,Charlotte,NC,28227,35.16508,-80.74081,10x20,10.0,20.0,8.0,200.0,large,114.6,191.0
2026-09-01,cubesmart,2668,4ea49c54-bfdd-4cc7-b846-5856f730689f,7043 E Independence Blvd,Charlotte,NC,28227,35.16508,-80.74081,10x25,10.0,25.0,8.0,250.0,large,154.2,257.0
2026-09-01,cubesmart,2668,8726603b-d02d-4ed7-92b0-6555e87c9a42,7043 E Independence Blvd,Charlotte,NC,28227,35.16508,-80.74081,20x20,20.0,20.0,8.0,400.0,large,197.4,329.0
2026-09-01,cubesmart,2668,b62bc08d-7377-43e4-ad51-e8736142367a,7043 E Independence Blvd,Charlotte,NC,28227,35.16508,-80.74081,5x10,5.0,10.0,8.0,50.0,small,23.4,39.0
2026-09-01,cubesmart,2668,6387158b-d40f-4835-82a7-57cb4a36f19e,7043 E Independence Blvd,Charlotte,NC,28227,35.16508,-80.74081,5x15,5.0,15.0,8.0,75.0,small,35.4,59.0
2026-09-01,cubesmart,4843,240456b0-53b7-4abb-a0c7-5161b505dc8c,2601 Ridge Rd,Charlotte,NC,28269,35.3629,-80.74593,10x10,10.0,10.0,8.0,100.0,medium,80.0,160.0
2026-09-01,cubesmart,4843,b6a81141-ebda-4efa-b6c1-e6a9aa9c8e6c,2601 Ridge Rd,Charlotte,NC,28269,35.3629,-80.74593,10x13,10.0,13.0,8.0,130.0,medium,128.05,197.0
2026-09-01,cubesmart,4843,0f1d53bb-6c36-4cdf-a13b-9a973722a51c,2601 Ridge Rd,Charlotte,NC,28269,35.3629,-80.74593,10x13,10.0,13.0,8.0,130.0,medium,96.0,192.0
2026-09-01,cubesmart,4843,db262c21-c3bf-4501-935c-619f00da026c,2601 Ridge Rd,Charlotte,NC,28269,35.3629,-80.74593,10x15,10.0,15.0,8.0,150.0,medium,74.5,149.0
2026-09-01,cubesmart,4843,bc040ca8-57cb-45e1-a9b7-ddd4482fd284,2601 Ridge Rd,Charlotte,NC,28269,35.3629,-80.74593,10x20,10.0,20.0,8.0,200.0,large,141.7,218.0
2026-09-01,cubesmart,4843,6cafd916-a1a6-4a00-8003-dd35d4fd5052,2601 Ridge Rd,Charlotte,NC,28269,35.3629,-80.74593,10x20,10.0,20.0,8.0,200.0,large,224.5,449.0
2026-09-01,cubesmart,4843,8c79a8f6-2b52-4e6e-9225-6d8288660d7f,2601 Ridge Rd,Charlotte,NC,28269,35.3629,-80.74593,15x20,15.0,20.0,8.0,300.0,large,253.0,506.0
2026-09-01,cubesmart,4843,e1fc2765-d20c-4d76-8452-d6e0fb69b846,2601 Ridge Rd,Charlotte,NC,28269,35.3629,-80.74593,5x10,5.0,10.0,8.0,50.0,small,51.5,103.0
2026-09-01,cubesmart,4843,d749ec54-7df2-4260-aa4d-aef09c51ce89,2601 Ridge Rd,Charlotte,NC,28269,35.3629,-80.74593,5x10,5.0,10.0,8.0,50.0,small,65.0,130.0
2026-09-01,cubesmart,4843,6d83c23a-d237-4be5-b7f8-052a38318989,2601 Ridge Rd,Charlotte,NC,28269,35.3629,-80.74593,5x5,5.0,5.0,8.0,25.0,small,36.5,73.0
2026-09-01,cubesmart,4843,b0d77377-ab43-48c8-9609-d3fc95711985,2601 Ridge Rd,Charlotte,NC,28269,35.3629,-80.74593,8x10,8.0,10.0,8.0,80.0,medium,62.5,125.0
2026-09-01,cubesmart,328,85e8f7fb-0a72-4c67-93fd-d5d05f1e752c,5008 W W T Harris Blvd,Charlotte,NC,28269,35.33365,-80.81547,10x10,10.0,10.0,8.0,100.0,medium,134.4,224.0
2026-09-01,cubesmart,328,270dda89-0dd1-4d41-8b52-99690cf79556,5008 W W T Harris Blvd,Charlotte,NC,28269,35.33365,-80.81547,10x10,10.0,10.0,8.0,100.0,medium,99.0,165.0
2026-09-01,cubesmart,328,9627ce47-615a-4f8e-bc29-7bca62c0b615,5008 W W T Harris Blvd,Charlotte,NC,28269,35.33365,-80.81547,10x15,10.0,15.0,8.0,150.0,medium,175.8,293.0
2026-09-01,cubesmart,328,cdd67cb8-116d-44ca-b822-9043237444b5,5008 W W T Harris Blvd,Charlotte,NC,28269,35.33365,-80.81547,10x15,10.0,15.0,8.0,150.0,medium,203.4,339.0
2026-09-01,cubesmart,328,4e0a0b4f-dfe1-48af-b963-3dba36124fe7,5008 W W T Harris Blvd,Charlotte,NC,28269,35.33365,-80.81547,10x20,10.0,20.0,8.0,200.0,large,205.2,342.0
2026-09-01,cubesmart,328,a2a9c567-e2e0-46c2-8cd2-b5c94e9ed00c,5008 W W T Harris Blvd,Charlotte,NC,28269,35.33365,-80.81547,10x20,10.0,20.0,8.0,200.0,large,213.75,285.0
2026-09-01,cubesmart,328,7ac6fcdf-8e76-4653-997c-52d73039c29f,5008 W W T Harris Blvd,Charlotte,NC,28269,35.33365,-80.81547,10x20,10.0,20.0,8.0,200.0,large,228.6,381.0
2026-09-01,cubesmart,328,dc7772f3-fbd2-4704-bb2d-b3145a2d0802,5008 W W T Harris Blvd,Charlotte,NC,28269,35.33365,-80.81547,10x25,10.0,25.0,8.0,250.0,large,240.75,321.0
2026-09-01,cubesmart,328,f5d08318-57c7-48ab-9b3f-b535513634e6,5008 W W T Harris Blvd,Charlotte,NC,28269,35.33365,-80.81547,5x10,5.0,10.0,8.0,50.0,small,48.0,80.0
2026-09-01,cubesmart,328,80176cb9-1e3b-4e5d-ab3f-8e8965e1d214,5008 W W T Harris Blvd,Charlotte,NC,28269,35.33365,-80.81547,5x10,5.0,10.0,8.0,50.0,small,61.2,102.0
2026-09-01,cubesmart,328,dd9fe239-ebaf-486b-b0e8-8c0d3492f8bb,5008 W W T Harris Blvd,Charlotte,NC,28269,35.33365,-80.81547,5x20,5.0,20.0,8.0,100.0,medium,124.8,208.0
2026-09-01,cubesmart,328,1acbeaff-7405-4af1-a926-f60b2bf80852,5008 W W T Harris Blvd,Charlotte,NC,28269,35.33365,-80.81547,5x5,5.0,5.0,8.0,25.0,small,36.0,60.0
2026-09-01,cubesmart,328,33c9629c-8467-46b7-af90-7b46574ec3e6,5008 W W T Harris Blvd,Charlotte,NC,28269,35.33365,-80.81547,5x5,5.0,5.0,8.0,25.0,small,46.2,77.0
2026-09-01,cubesmart,328,29cadbbb-da37-416f-962e-09bd786e8876,5008 W W T Harris Blvd,Charlotte,NC,28269,35.33365,-80.81547,5x6,5.0,6.0,8.0,30.0,small,36.0,60.0
2026-09-01,cubesmart,3439,360fa21f-bb7c-4120-9a61-c6f76da3aae2,16155 Lancaster Hwy,Charlotte,NC,28277,35.02827,-80.85031,10x10,10.0,10.0,8.0,100.0,medium,72.5,145.0
2026-09-01,cubesmart,3439,cc8f2c27-41aa-4f4c-b6d1-c821c13be944,16155 Lancaster Hwy,Charlotte,NC,28277,35.02827,-80.85031,10x10,10.0,10.0,8.0,100.0,medium,81.5,163.0
2026-09-01,cubesmart,3439,1d19aefa-6fec-4a1b-aaf1-cfee1f245fd7,16155 Lancaster Hwy,Charlotte,NC,28277,35.02827,-80.85031,10x13,10.0,13.0,8.0,130.0,medium,108.0,216.0
2026-09-01,cubesmart,3439,25ae6baa-8d9b-4fa4-acbe-cc6aa8beb4e6,16155 Lancaster Hwy,Charlotte,NC,28277,35.02827,-80.85031,10x15,10.0,15.0,8.0,150.0,medium,110.0,220.0
2026-09-01,cubesmart,3439,073d062a-1c3f-42d2-baa7-13da5e886f82,16155 Lancaster Hwy,Charlotte,NC,28277,35.02827,-80.85031,10x15,10.0,15.0,8.0,150.0,medium,110.0,220.0
2026-09-01,cubesmart,3439,d6ec1f52-5304-4bda-ada0-1d7cf454dccf,16155 Lancaster Hwy,Charlotte,NC,28277,35.02827,-80.85031,10x20,10.0,20.0,8.0,200.0,large,185.0,370.0
2026-09-01,cubesmart,3439,b65b6c7a-28a6-4564-9b9e-88acdc194a58,16155 Lancaster Hwy,Charlotte,NC,28277,35.02827,-80.85031,10x20,10.0,20.0,8.0,200.0,large,185.0,370.0
2026-09-01,cubesmart,3439,689f1e76-f612-4834-af8e-22b3562e7bd4,16155 Lancaster Hwy,Charlotte,NC,28277,35.02827,-80.85031,5x10,5.0,10.0,8.0,50.0,small,33.8,52.0
2026-09-01,cubesmart,3439,ae8104da-eb00-4460-9c17-4224999f06c8,16155 Lancaster Hwy,Charlotte,NC,28277,35.02827,-80.85031,5x5,5.0,5.0,8.0,25.0,small,27.0,54.0
2026-09-01,cubesmart,3439,bf503634-2193-4f93-86fa-b422bb9dca7b,16155 Lancaster Hwy,Charlotte,NC,28277,35.02827,-80.85031,5x5,5.0,5.0,8.0,25.0,small,31.5,63.0
2026-09-01,publicstorage,1796,V_322793,3710 Monroe Road,Charlotte,NC,28205,35.20039,-80.79774,10x10,10.0,10.0,,100.0,medium,46.0,92.0
2026-09-01,publicstorage,1796,V_322792,3710 Monroe Road,Charlotte,NC,28205,35.20039,-80.79774,10x15,10.0,15.0,,150.0,large,77.0,154.0
2026-09-01,publicstorage,1796,V_649220,3710 Monroe Road,Charlotte,NC,28205,35.20039,-80.79774,10x20,10.0,20.0,,200.0,large,138.0,276.0
2026-09-01,publicstorage,1796,V_1423023,3710 Monroe Road,Charlotte,NC,28205,35.20039,-80.79774,10x20,10.0,20.0,,200.0,large,97.0,194.0
2026-09-01,publicstorage,1796,V_1423025,3710 Monroe Road,Charlotte,NC,28205,35.20039,-80.79774,10x20,10.0,20.0,,200.0,large,99.0,198.0
2026-09-01,publicstorage,1796,V_1536323,3710 Monroe Road,Charlotte,NC,28205,35.20039,-80.79774,10x25,10.0,25.0,,250.0,large,175.0,292.0
2026-09-01,publicstorage,1796,V_1554294,3710 Monroe Road,Charlotte,NC,28205,35.20039,-80.79774,12x30,12.0,30.0,,360.0,parking,210.0,280.0
2026-09-01,publicstorage,1796,V_582876,3710 Monroe Road,Charlotte,NC,28205,35.20039,-80.79774,20x30,20.0,30.0,,600.0,large,269.0,448.0
2026-09-01,publicstorage,1796,V_1536322,3710 Monroe Road,Charlotte,NC,28205,35.20039,-80.79774,20x30,20.0,30.0,,600.0,large,328.0,546.0
2026-09-01,publicstorage,1796,V_322790,3710 Monroe Road,Charlotte,NC,28205,35.20039,-80.79774,5x10,5.0,10.0,,50.0,small,34.0,68.0
2026-09-01,publicstorage,1796,V_1569099,3710 Monroe Road,Charlotte,NC,28205,35.20039,-80.79774,5x10,5.0,10.0,,50.0,small,44.0,88.0
2026-09-01,publicstorage,2334,V_613570,1001 N Tryon St,Charlotte,NC,28206,35.23509,-80.83288,10x10,10.0,10.0,,100.0,medium,71.0,118.0
2026-09-01,publicstorage,2334,V_613574,1001 N Tryon St,Charlotte,NC,28206,35.23509,-80.83288,10x15,10.0,15.0,,150.0,large,126.0,168.0
2026-09-01,publicstorage,2334,V_1423096,1001 N Tryon St,Charlotte,NC,28206,35.23509,-80.83288,10x20,10.0,20.0,,200.0,large,147.0,196.0
2026-09-01,publicstorage,2334,V_613573,1001 N Tryon St,Charlotte,NC,28206,35.23509,-80.83288,5x10,5.0,10.0,,50.0,small,40.0,80.0
2026-09-01,publicstorage,2334,V_613577,1001 N Tryon St,Charlotte,NC,28206,35.23509,-80.83288,5x15,5.0,15.0,,75.0,medium,56.0,94.0
2026-09-01,publicstorage,2334,V_613571,1001 N Tryon St,Charlotte,NC,28206,35.23509,-80.83288,5x5,5.0,5.0,,25.0,small,56.0,74.0
2026-09-01,publicstorage,1168,V_1423898,1508 Ashley Road,Charlotte,NC,28208,35.2418,-80.89735,10x20,10.0,20.0,,200.0,large,99.0,198.0
2026-09-01,publicstorage,1168,V_1566365,1508 Ashley Road,Charlotte,NC,28208,35.2418,-80.89735,5x10,5.0,10.0,,50.0,small,65.0,86.0
2026-09-01,publicstorage,1168,V_600621,1508 Ashley Road,Charlotte,NC,28208,35.2418,-80.89735,5x10,5.0,10.0,,50.0,small,81.0,108.0
2026-09-01,publicstorage,2092,V_336791,3912 Wilkinson Blvd,Charlotte,NC,28208,35.22531,-80.90635,10x10,10.0,10.0,,100.0,medium,59.0,118.0
2026-09-01,publicstorage,2092,V_336797,3912 Wilkinson Blvd,Charlotte,NC,28208,35.22531,-80.90635,10x15,10.0,15.0,,150.0,large,131.0,175.0
2026-09-01,publicstorage,2092,V_1529990,3912 Wilkinson Blvd,Charlotte,NC,28208,35.22531,-80.90635,10x20,10.0,20.0,,200.0,large,128.0,214.0
2026-09-01,publicstorage,2092,V_1578229,3912 Wilkinson Blvd,Charlotte,NC,28208,35.22531,-80.90635,10x20,10.0,20.0,,200.0,large,137.0,228.0
2026-09-01,publicstorage,2092,V_1518018,3912 Wilkinson Blvd,Charlotte,NC,28208,35.22531,-80.90635,10x20,10.0,20.0,,200.0,parking,74.0,98.0
2026-09-01,publicstorage,2092,V_581805,3912 Wilkinson Blvd,Charlotte,NC,28208,35.22531,-80.90635,10x30,10.0,30.0,,300.0,large,210.0,300.0
2026-09-01,publicstorage,2092,V_325164,3912 Wilkinson Blvd,Charlotte,NC,28208,35.22531,-80.90635,15x20,15.0,20.0,,300.0,large,225.0,322.0
2026-09-01,publicstorage,2092,V_325174,3912 Wilkinson Blvd,Charlotte,NC,28208,35.22531,-80.90635,5x10,5.0,10.0,,50.0,small,54.0,90.0
2026-09-01,publicstorage,1024,V_566786,4329 South Blvd,Charlotte,NC,28209,35.18362,-80.87503,10x15,10.0,15.0,,150.0,large,98.0,164.0
2026-09-01,publicstorage,1024,V_1423716,4329 South Blvd,Charlotte,NC,28209,35.18362,-80.87503,10x20,10.0,20.0,,200.0,large,117.0,234.0
2026-09-01,publicstorage,1024,V_1423715,4329 South Blvd,Charlotte,NC,28209,35.18362,-80.87503,10x30,10.0,30.0,,300.0,large,172.0,246.0
2026-09-01,publicstorage,1024,V_576913,4329 South Blvd,Charlotte,NC,28209,35.18362,-80.87503,5x10,5.0,10.0,,50.0,small,43.0,72.0
2026-09-01,publicstorage,1024,V_576914,4329 South Blvd,Charlotte,NC,28209,35.18362,-80.87503,5x15,5.0,15.0,,75.0,medium,45.0,90.0
2026-09-01,publicstorage,1024,V_587870,4329 South Blvd,Charlotte,NC,28209,35.18362,-80.87503,5x20,5.0,20.0,,100.0,medium,62.0,104.0
2026-09-01,publicstorage,2072,V_1493657,4555 South Blvd,Charlotte,NC,28209,35.17976,-80.87452,10x10,10.0,10.0,,100.0,medium,60.0,100.0
2026-09-01,publicstorage,2072,V_1493663,4555 South Blvd,Charlotte,NC,28209,35.17976,-80.87452,10x10,10.0,10.0,,100.0,medium,64.0,106.0
2026-09-01,publicstorage,2072,V_1493659,4555 South Blvd,Charlotte,NC,28209,35.17976,-80.87452,10x10,10.0,10.0,,100.0,medium,67.0,112.0
2026-09-01,publicstorage,2072,V_571004,4555 South Blvd,Charlotte,NC,28209,35.17976,-80.87452,10x12,10.0,12.0,,120.0,medium,79.0,132.0
2026-09-01,publicstorage,2072,V_321941,4555 South Blvd,Charlotte,NC,28209,35.17976,-80.87452,10x15,10.0,15.0,,150.0,large,86.0,144.0
2026-09-01,publicstorage,2072,V_1505497,4555 South Blvd,Charlotte,NC,28209,35.17976,-80.87452,10x15,10.0,15.0,,150.0,large,89.0,148.0
2026-09-01,publicstorage,2072,V_1493666,4555 South Blvd,Charlotte,NC,28209,35.17976,-80.87452,10x15,10.0,15.0,,150.0,large,91.0,152.0
2026-09-01,publicstorage,2072,V_570998,4555 South Blvd,Charlotte,NC,28209,35.17976,-80.87452,10x20,10.0,20.0,,200.0,large,144.0,206.0
2026-09-01,publicstorage,2072,V_1530050,4555 South Blvd,Charlotte,NC,28209,35.17976,-80.87452,10x20,10.0,20.0,,200.0,large,144.0,206.0
2026-09-01,publicstorage,2072,V_1506663,4555 South Blvd,Charlotte,NC,28209,35.17976,-80.87452,10x20,10.0,20.0,,200.0,large,167.0,238.0
2026-09-01,publicstorage,2072,V_571003,4555 South Blvd,Charlotte,NC,28209,35.17976,-80.87452,10x25,10.0,25.0,,250.0,large,155.0,207.0
2026-09-01,publicstorage,2072,V_582631,4555 South Blvd,Charlotte,NC,28209,35.17976,-80.87452,20x20,20.0,20.0,,400.0,large,224.0,299.0
2026-09-01,publicstorage,2072,V_1493672,4555 South Blvd,Charlotte,NC,28209,35.17976,-80.87452,5x10,5.0,10.0,,50.0,small,40.0,66.0
2026-09-01,publicstorage,2072,V_1493674,4555 South Blvd,Charlotte,NC,28209,35.17976,-80.87452,5x10,5.0,10.0,,50.0,small,44.0,74.0
2026-09-01,publicstorage,2072,V_1567802,4555 South Blvd,Charlotte,NC,28209,35.17976,-80.87452,5x10,5.0,10.0,,50.0,small,56.0,94.0
2026-09-01,publicstorage,2072,V_1493673,4555 South Blvd,Charlotte,NC,28209,35.17976,-80.87452,5x5,5.0,5.0,,25.0,small,34.0,56.0
2026-09-01,publicstorage,2072,V_571120,4555 South Blvd,Charlotte,NC,28209,35.17976,-80.87452,5x5,5.0,5.0,,25.0,small,34.0,56.0
2026-09-01,publicstorage,2072,V_1506665,4555 South Blvd,Charlotte,NC,28209,35.17976,-80.87452,5x5,5.0,5.0,,25.0,small,38.0,64.0
2026-09-01,publicstorage,2072,V_1567808,4555 South Blvd,Charlotte,NC,28209,35.17976,-80.87452,6x15,6.0,15.0,,90.0,medium,65.0,108.0
2026-09-01,publicstorage,2120,V_1500467,4715 Park Road,Charlotte,NC,28209,35.16605,-80.84994,10x10,10.0,10.0,,100.0,medium,119.0,159.0
2026-09-01,publicstorage,2120,V_331707,4715 Park Road,Charlotte,NC,28209,35.16605,-80.84994,10x11,10.0,11.0,,110.0,medium,119.0,159.0
2026-09-01,publicstorage,2120,V_1675338,4715 Park Road,Charlotte,NC,28209,35.16605,-80.84994,10x20,10.0,20.0,,200.0,large,209.0,279.0
2026-09-01,publicstorage,2120,V_1525768,4715 Park Road,Charlotte,NC,28209,35.16605,-80.84994,10x20,10.0,20.0,,200.0,large,254.0,338.0
2026-09-01,publicstorage,2120,V_331717,4715 Park Road,Charlotte,NC,28209,35.16605,-80.84994,11x11.5,11.0,11.5,,126.5,large,131.0,175.0
2026-09-01,publicstorage,2120,V_331726,4715 Park Road,Charlotte,NC,28209,35.16605,-80.84994,7x11,7.0,11.0,,77.0,medium,110.0,146.0
2026-09-01,publicstorage,2441,V_625328,4730 N Tryon St,Charlotte,NC,28213,35.25684,-80.78595,10x10,10.0,10.0,,100.0,medium,50.0,100.0
2026-09-01,publicstorage,2441,V_625327,4730 N Tryon St,Charlotte,NC,28213,35.25684,-80.78595,10x15,10.0,15.0,,150.0,large,84.0,140.0
2026-09-01,publicstorage,2441,V_1423960,4730 N Tryon St,Charlotte,NC,28213,35.25684,-80.78595,10x20,10.0,20.0,,200.0,large,112.0,186.0
2026-09-01,publicstorage,2441,V_1539863,4730 N Tryon St,Charlotte,NC,28213,35.25684,-80.78595,12x28,12.0,28.0,,336.0,large,227.0,303.0
2026-09-01,publicstorage,2441,V_625338,4730 N Tryon St,Charlotte,NC,28213,35.25684,-80.78595,12x28,12.0,28.0,,336.0,large,232.0,309.0
2026-09-01,publicstorage,2441,V_1577807,4730 N Tryon St,Charlotte,NC,28213,35.25684,-80.78595,3x3,3.0,3.0,,9.0,small,18.0,36.0
2026-09-01,publicstorage,2441,V_625326,4730 N Tryon St,Charlotte,NC,28213,35.25684,-80.78595,5x10,5.0,10.0,,50.0,small,40.0,66.0
2026-09-01,publicstorage,2441,V_625332,4730 N Tryon St,Charlotte,NC,28213,35.25684,-80.78595,5x15,5.0,15.0,,75.0,medium,60.0,80.0
2026-09-01,publicstorage,2441,V_625333,4730 N Tryon St,Charlotte,NC,28213,35.25684,-80.78595,5x5,5.0,5.0,,25.0,small,26.0,52.0
2026-09-01,publicstorage,1164,V_586454,5748 N Tryon Street,Charlotte,NC,28213,35.26468,-80.76825,10x10,10.0,10.0,,100.0,medium,56.0,112.0
2026-09-01,publicstorage,1164,V_389390,5748 N Tryon Street,Charlotte,NC,28213,35.26468,-80.76825,10x15,10.0,15.0,,150.0,large,76.0,126.0
2026-09-01,publicstorage,1164,V_1423111,5748 N Tryon Street,Charlotte,NC,28213,35.26468,-80.76825,10x20,10.0,20.0,,200.0,large,127.0,212.0
2026-09-01,publicstorage,1164,V_1518027,5748 N Tryon Street,Charlotte,NC,28213,35.26468,-80.76825,10x20,10.0,20.0,,200.0,parking,70.0,116.0
2026-09-01,publicstorage,1164,V_579483,5748 N Tryon Street,Charlotte,NC,28213,35.26468,-80.76825,10x30,10.0,30.0,,300.0,large,132.0,220.0
2026-09-01,publicstorage,1164,V_583663,5748 N Tryon Street,Charlotte,NC,28213,35.26468,-80.76825,30x30,30.0,30.0,,900.0,large,419.0,559.0
2026-09-01,publicstorage,1164,V_586455,5748 N Tryon Street,Charlotte,NC,28213,35.26468,-80.76825,5x10,5.0,10.0,,50.0,small,32.0,64.0
2026-09-01,publicstorage,1164,V_356673,5748 N Tryon Street,Charlotte,NC,28213,35.26468,-80.76825,5x20,5.0,20.0,,100.0,medium,61.0,122.0
2026-09-01,publicstorage,1164,V_1577824,5748 N Tryon Street,Charlotte,NC,28213,35.26468,-80.76825,5x5,5.0,5.0,,25.0,small,22.0,36.0
2026-09-01,publicstorage,1164,V_188111,5748 N Tryon Street,Charlotte,NC,28213,35.26468,-80.76825,5x5,5.0,5.0,,25.0,small,23.0,38.0
2026-09-01,publicstorage,2333,V_1575648,5607 S Tryon St,Charlotte,NC,28217,35.16988,-80.90249,10x10,10.0,10.0,,100.0,medium,53.0,88.0
2026-09-01,publicstorage,2333,V_613536,5607 S Tryon St,Charlotte,NC,28217,35.16988,-80.90249,10x12,10.0,12.0,,120.0,medium,67.0,112.0
2026-09-01,publicstorage,2333,V_1575684,5607 S Tryon St,Charlotte,NC,28217,35.16988,-80.90249,10x12,10.0,12.0,,120.0,medium,70.0,116.0
2026-09-01,publicstorage,2333,V_1575651,5607 S Tryon St,Charlotte,NC,28217,35.16988,-80.90249,10x15,10.0,15.0,,150.0,large,78.0,130.0
2026-09-01,publicstorage,2333,V_1575650,5607 S Tryon St,Charlotte,NC,28217,35.16988,-80.90249,10x20,10.0,20.0,,200.0,large,162.0,216.0
2026-09-01,publicstorage,2333,V_1538112,5607 S Tryon St,Charlotte,NC,28217,35.16988,-80.90249,10x25,10.0,25.0,,250.0,large,232.0,309.0
2026-09-01,publicstorage,2333,V_1538107,5607 S Tryon St,Charlotte,NC,28217,35.16988,-80.90249,10x30,10.0,30.0,,300.0,large,231.0,308.0
2026-09-01,publicstorage,2333,V_1538110,5607 S Tryon St,Charlotte,NC,28217,35.16988,-80.90249,4x5,4.0,5.0,,20.0,small,39.0,52.0
2026-09-01,publicstorage,2333,V_1500411,5607 S Tryon St,Charlotte,NC,28217,35.16988,-80.90249,5x10,5.0,10.0,,50.0,small,41.0,68.0
2026-09-01,publicstorage,2333,V_1533794,5607 S Tryon St,Charlotte,NC,28217,35.16988,-80.90249,5x10,5.0,10.0,,50.0,small,43.0,72.0
2026-09-01,publicstorage,2333,V_1575644,5607 S Tryon St,Charlotte,NC,28217,35.16988,-80.90249,5x10,5.0,10.0,,50.0,small,44.0,74.0
2026-09-01,publicstorage,2333,V_1575652,5607 S Tryon St,Charlotte,NC,28217,35.16988,-80.90249,5x12,5.0,12.0,,60.0,small,42.0,70.0
2026-09-01,publicstorage,2333,V_1533797,5607 S Tryon St,Charlotte,NC,28217,35.16988,-80.90249,5x5,5.0,5.0,,25.0,small,41.0,54.0
2026-09-01,publicstorage,2333,V_1500423,5607 S Tryon St,Charlotte,NC,28217,35.16988,-80.90249,7x10,7.0,10.0,,70.0,medium,76.0,101.0
2026-09-01,publicstorage,2333,V_1588554,5607 S Tryon St,Charlotte,NC,28217,35.16988,-80.90249,7x10,7.0,10.0,,70.0,medium,85.0,113.0
2026-09-01,publicstorage,2333,V_1588555,5607 S Tryon St,Charlotte,NC,28217,35.16988,-80.90249,7x15,7.0,15.0,,105.0,medium,72.0,120.0
2026-09-02,cubesmart,4962,9fdfd8ed-9da5-46e0-8319-711cd54f01d6,2324 S Point Rd,Belmont,NC,28012,35.18484,-81.02258,10x10,10.0,10.0,8.0,100.0,medium,50.4,84.0
2026-09-02,cubesmart,4962,db5666c9-c91f-4783-ba83-9c4f965682bf,2324 S Point Rd,Belmont,NC,28012,35.18484,-81.02258,10x10,10.0,10.0,8.0,100.0,medium,88.8,148.0
2026-09-02,cubesmart,4962,8fba6f1d-d2d9-4d11-806d-c93f4bc657c4,2324 S Point Rd,Belmont,NC,28012,35.18484,-81.02258,10x15,10.0,15.0,8.0,150.0,medium,113.4,189.0
2026-09-02,cubesmart,4962,e33cacbd-988e-457e-99ba-36f5226f56ba,2324 S Point Rd,Belmont,NC,28012,35.18484,-81.02258,10x15,10.0,15.0,8.0,150.0,medium,79.2,132.0
2026-09-02,cubesmart,4962,ac91ffcc-4d22-48fa-afd0-616657165403,2324 S Point Rd,Belmont,NC,28012,35.18484,-81.02258,10x20,10.0,20.0,8.0,200.0,large,114.6,191.0
2026-09-02,cubesmart,4962,421e4d28-6f6f-41f0-b1f8-11caab3581bd,2324 S Point Rd,Belmont,NC,28012,35.18484,-81.02258,10x20,10.0,20.0,8.0,200.0,large,142.2,237.0
2026-09-02,cubesmart,4962,c20a2124-f4e0-4975-addf-e2bc27fffb46,2324 S Point Rd,Belmont,NC,28012,35.18484,-81.02258,10x30,10.0,30.0,8.0,300.0,large,161.4,269.0
2026-09-02,cubesmart,4962,b49f9c9e-17bb-4d50-a1f5-63973dad7d42,2324 S Point Rd,Belmont,NC,28012,35.18484,-81.02258,15x20,15.0,20.0,8.0,300.0,large,175.8,293.0
2026-09-02,cubesmart,4962,8fd1711a-5060-4813-bf43-69536a016879,2324 S Point Rd,Belmont,NC,28012,35.18484,-81.02258,20 ft,,20.0,,,parking,80.4,134.0
2026-09-02,cubesmart,4962,d1921364-cdf5-4398-bb86-c5d2e7ee6693,2324 S Point Rd,Belmont,NC,28012,35.18484,-81.02258,5x10,5.0,10.0,8.0,50.0,small,27.6,46.0
2026-09-02,cubesmart,4962,056bbbf3-f590-478e-b66b-7d9991295d5b,2324 S Point Rd,Belmont,NC,28012,35.18484,-81.02258,5x10,5.0,10.0,8.0,50.0,small,50.4,84.0
2026-09-02,cubesmart,4962,27305387-0cc0-4d10-a29f-b1286944b917,2324 S Point Rd,Belmont,NC,28012,35.18484,-81.02258,5x5,5.0,5.0,8.0,25.0,small,25.8,43.0
2026-09-02,cubesmart,4962,d24f7c7a-2341-4378-82b7-e4dde8008016,2324 S Point Rd,Belmont,NC,28012,35.18484,-81.02258,7x10,7.0,10.0,8.0,70.0,small,27.0,36.0
2026-09-02,cubesmart,4962,a81b7e9c-ea9e-48bf-8270-c9cafb01b05b,2324 S Point Rd,Belmont,NC,28012,35.18484,-81.02258,7x10,7.0,10.0,8.0,70.0,small,55.8,93.0
2026-09-02,cubesmart,4962,6495987b-04a4-4b63-97cb-1dfd8bf60548,2324 S Point Rd,Belmont,NC,28012,35.18484,-81.02258,7x10,7.0,10.0,8.0,70.0,small,64.2,107.0
2026-09-02,cubesmart,4962,745f1de6-1ae6-4f38-95ce-7ab1e362ea3f,2324 S Point Rd,Belmont,NC,28012,35.18484,-81.02258,8x10,8.0,10.0,8.0,80.0,medium,35.4,59.0
2026-09-02,cubesmart,400,6c5c05c4-16e3-4276-bb5f-12f0a8c0be1c,5921 Wilkinson Blvd,Belmont,NC,28012,35.24889,-81.0611,10x10,10.0,10.0,8.0,100.0,medium,60.0,80.0
2026-09-02,cubesmart,400,75e2790f-0f12-4f25-b761-dd6ef5bf9fd8,5921 Wilkinson Blvd,Belmont,NC,28012,35.24889,-81.0611,10x10,10.0,10.0,8.0,100.0,medium,84.6,141.0
2026-09-02,cubesmart,400,48a8e1fd-eb77-4e51-a1f1-4440d66dcf35,5921 Wilkinson Blvd,Belmont,NC,28012,35.24889,-81.0611,10x15,10.0,15.0,8.0,150.0,medium,132.6,221.0
2026-09-02,cubesmart,400,941206b2-ef5b-4cd4-9bf3-2ae8cf818509,5921 Wilkinson Blvd,Belmont,NC,28012,35.24889,-81.0611,10x15,10.0,15.0,8.0,150.0,medium,98.4,164.0
2026-09-02,cubesmart,400,97ec4671-9736-45bd-95c4-307848624c9c,5921 Wilkinson Blvd,Belmont,NC,28012,35.24889,-81.0611,10x20,10.0,20.0,8.0,200.0,large,114.75,153.0
2026-09-02,cubesmart,400,2740755f-f646-42ac-9e82-f4f0c97dc1bd,5921 Wilkinson Blvd,Belmont,NC,28012,35.24889,-81.0611,10x20,10.0,20.0,8.0,200.0,large,172.2,287.0
2026-09-02,cubesmart,400,737b59cc-1c06-4a52-8d60-e14e08cc5271,5921 Wilkinson Blvd,Belmont,NC,28012,35.24889,-81.0611,15x20,15.0,20.0,8.0,300.0,large,145.8,243.0
2026-09-02,cubesmart,400,e325f94b-27a2-4894-ba8c-b5f4f041d32d,5921 Wilkinson Blvd,Belmont,NC,28012,35.24889,-81.0611,15x20,15.0,20.0,8.0,300.0,large,189.0,315.0
2026-09-02,cubesmart,400,c9a60b0d-775a-4ef4-9869-1e2da8a2cf58,5921 Wilkinson Blvd,Belmont,NC,28012,35.24889,-81.0611,15x20,15.0,20.0,8.0,300.0,large,189.0,315.0
2026-09-02,cubesmart,400,91d0962b-eba6-479b-8857-ebb323500e76,5921 Wilkinson Blvd,Belmont,NC,28012,35.24889,-81.0611,20 ft,,20.0,,,parking,61.2,102.0
2026-09-02,cubesmart,400,9910976c-bbfd-4e5a-9c22-de2bb0bbf93b,5921 Wilkinson Blvd,Belmont,NC,28012,35.24889,-81.0611,20x20,20.0,20.0,8.0,400.0,large,227.4,379.0
2026-09-02,cubesmart,400,004acb28-2fcc-4008-9aff-6bc3d22e5ed4,5921 Wilkinson Blvd,Belmont,NC,28012,35.24889,-81.0611,5x10,5.0,10.0,8.0,50.0,small,45.0,75.0
2026-09-02,cubesmart,400,b5d765a3-ec5b-45b0-846d-d70e36f01591,5921 Wilkinson Blvd,Belmont,NC,28012,35.24889,-81.0611,5x10,5.0,10.0,8.0,50.0,small,67.2,112.0
2026-09-02,cubesmart,400,4c7626b3-b8dc-4789-a802-cf9fd5a83f2f,5921 Wilkinson Blvd,Belmont,NC,28012,35.24889,-81.0611,5x5,5.0,5.0,8.0,25.0,small,31.2,52.0
2026-09-02,cubesmart,5263,43ab79bf-2da5-4486-8672-43a98315a810,620 Webb Rd,Concord,NC,28025,35.37815,-80.58394,10x10,10.0,10.0,8.0,100.0,medium,57.0,114.0
2026-09-02,cubesmart,5263,01504710-7237-4466-92c0-c6101565447d,620 Webb Rd,Concord,NC,28025,35.37815,-80.58394,10x10,10.0,10.0,8.0,100.0,medium,91.0,182.0
2026-09-02,cubesmart,5263,c2e2b634-01fb-4b13-8cec-63dbd7c53c8a,620 Webb Rd,Concord,NC,28025,35.37815,-80.58394,10x13,10.0,13.0,8.0,130.0,medium,112.5,225.0
2026-09-02,cubesmart,5263,2a908fac-de6d-4de2-91d4-e9017320f60a,620 Webb Rd,Concord,NC,28025,35.37815,-80.58394,10x15,10.0,15.0,8.0,150.0,medium,123.0,246.0
2026-09-02,cubesmart,5263,78a70b0a-4c62-45c7-b5dc-9dddc4e8a99e,620 Webb Rd,Concord,NC,28025,35.37815,-80.58394,10x15,10.0,15.0,8.0,150.0,medium,123.0,246.0
2026-09-02,cubesmart,5263,6e0222cf-15ba-416a-b2c3-04d8e3423cd6,620 Webb Rd,Concord,NC,28025,35.37815,-80.58394,10x15,10.0,15.0,8.0,150.0,medium,80.5,161.0
2026-09-02,cubesmart,5263,7e740b8f-7b9f-49f5-bc4f-705cd760445a,620 Webb Rd,Concord,NC,28025,35.37815,-80.58394,10x20,10.0,20.0,8.0,200.0,large,102.5,205.0
2026-09-02,cubesmart,5263,90408c8a-bb76-4f91-8bdc-ca5f711d3a90,620 Webb Rd,Concord,NC,28025,35.37815,-80.58394,10x20,10.0,20.0,8.0,200.0,large,102.5,205.0
2026-09-02,cubesmart,5263,e5cc71ac-c517-446b-acff-d15790ff9ff5,620 Webb Rd,Concord,NC,28025,35.37815,-80.58394,10x20,10.0,20.0,8.0,200.0,large,155.5,311.0
2026-09-02,cubesmart,5263,73893dd1-c3f2-4119-99a9-0f0321cc6438,620 Webb Rd,Concord,NC,28025,35.37815,-80.58394,10x20,10.0,20.0,8.0,200.0,large,155.5,311.0
2026-09-02,cubesmart,5263,084c537b-a234-40fa-8f7b-f54e7c0115ed,620 Webb Rd,Concord,NC,28025,35.37815,-80.58394,10x25,10.0,25.0,8.0,250.0,large,187.5,375.0
2026-09-02,cubesmart,5263,2a3f02cd-1b24-4a23-b584-b19df481f2ca,620 Webb Rd,Concord,NC,28025,35.37815,-80.58394,10x30,10.0,30.0,8.0,300.0,large,214.5,429.0
2026-09-02,cubesmart,5263,6176d1d8-f5b6-48ad-b121-7305de784a46,620 Webb Rd,Concord,NC,28025,35.37815,-80.58394,40 ft,,40.0,,,parking,69.6,116.0
2026-09-02,cubesmart,5263,ed2b9b5c-60af-4e87-855f-e5bbfa13ea0c,620 Webb Rd,Concord,NC,28025,35.37815,-80.58394,5x10,5.0,10.0,8.0,50.0,small,51.0,102.0
2026-09-02,cubesmart,5263,84c69aee-a7b4-4e06-a7da-68bd9f8365ea,620 Webb Rd,Concord,NC,28025,35.37815,-80.58394,5x10,5.0,10.0,8.0,50.0,small,51.0,102.0
2026-09-02,cubesmart,5263,7db45bb5-0a3f-464e-8fe0-71f4917f1351,620 Webb Rd,Concord,NC,28025,35.37815,-80.58394,5x5,5.0,5.0,8.0,25.0,small,30.5,61.0
2026-09-02,cubesmart,5263,e8aed165-0a3c-431d-a617-36f8036dc4c2,620 Webb Rd,Concord,NC,28025,35.37815,-80.58394,8x10,8.0,10.0,8.0,80.0,medium,76.0,152.0
2026-09-02,cubesmart,3281,c7b045d9-fb1b-4f24-a647-0ac3e12499dd,10921 Bailey Rd,Cornelius,NC,28031,35.46308,-80.85178,10x10,10.0,10.0,8.0,100.0,medium,100.1,154.0
2026-09-02,cubesmart,3281,ad1b709d-e08e-4548-9f4d-20b1fb6c8895,10921 Bailey Rd,Cornelius,NC,28031,35.46308,-80.85178,10x10,10.0,10.0,8.0,100.0,medium,101.5,203.0
2026-09-02,cubesmart,3281,15af0feb-d116-4893-b557-171ce9afc24c,10921 Bailey Rd,Cornelius,NC,28031,35.46308,-80.85178,10x15,10.0,15.0,8.0,150.0,medium,118.95,183.0
2026-09-02,cubesmart,3281,795ef59d-1aee-48ef-890c-805aadb54e7f,10921 Bailey Rd,Cornelius,NC,28031,35.46308,-80.85178,10x15,10.0,15.0,8.0,150.0,medium,121.0,242.0
2026-09-02,cubesmart,3281,0cdea52c-29ce-4313-af67-b72f178a043a,10921 Bailey Rd,Cornelius,NC,28031,35.46308,-80.85178,10x17,10.0,17.0,8.0,170.0,large,130.0,260.0
2026-09-02,cubesmart,3281,b679cf8c-5f65-4644-97aa-b64bf02e2987,10921 Bailey Rd,Cornelius,NC,28031,35.46308,-80.85178,10x20,10.0,20.0,8.0,200.0,large,130.0,260.0
2026-09-02,cubesmart,3281,301074c7-98d9-4104-b714-a46e782176a4,10921 Bailey Rd,Cornelius,NC,28031,35.46308,-80.85178,10x20,10.0,20.0,8.0,200.0,large,133.5,267.0
2026-09-02,cubesmart,3281,72d38cc1-9671-4714-abdb-a72f6fe9ede0,10921 Bailey Rd,Cornelius,NC,28031,35.46308,-80.85178,10x30,10.0,30.0,8.0,300.0,large,165.1,254.0
2026-09-02,cubesmart,3281,333255a9-aaf8-4a01-9da4-e7aca4a18780,10921 Bailey Rd,Cornelius,NC,28031,35.46308,-80.85178,20 ft,,20.0,,,parking,55.8,93.0
2026-09-02,cubesmart,3281,3059e7c0-610d-4917-9bac-b035b4a76ea3,10921 Bailey Rd,Cornelius,NC,28031,35.46308,-80.85178,25 ft,,25.0,,,parking,61.8,103.0
2026-09-02,cubesmart,3281,3a1ca56d-6b8a-4d4d-8050-57b1bc0fedb3,10921 Bailey Rd,Cornelius,NC,28031,35.46308,-80.85178,30 ft,,30.0,,,parking,65.4,109.0
2026-09-02,cubesmart,3281,693a59d2-ffb3-4148-8ff1-cf044e4b4cc8,10921 Bailey Rd,Cornelius,NC,28031,35.46308,-80.85178,40 ft,,40.0,,,parking,76.8,128.0
2026-09-02,cubesmart,3281,bfd000ff-530f-4861-b3cc-416b119f9726,10921 Bailey Rd,Cornelius,NC,28031,35.46308,-80.85178,5x10,5.0,10.0,8.0,50.0,small,41.0,82.0
2026-09-02,cubesmart,3281,bb320edb-2e6c-43d0-82ca-34f08d3dc1b7,10921 Bailey Rd,Cornelius,NC,28031,35.46308,-80.85178,5x10,5.0,10.0,8.0,50.0,small,41.0,82.0
2026-09-02,cubesmart,3281,7835d1ea-7fed-45c9-bfb9-492cac43f5a4,10921 Bailey Rd,Cornelius,NC,28031,35.46308,-80.85178,5x10,5.0,10.0,8.0,50.0,small,68.5,137.0
2026-09-02,cubesmart,3281,7e2298a7-f231-404f-b94c-0eb50df87bf8,10921 Bailey Rd,Cornelius,NC,28031,35.46308,-80.85178,5x10,5.0,10.0,8.0,50.0,small,68.5,137.0
2026-09-02,cubesmart,3281,1861c868-9379-42ff-ad47-610eb301882d,10921 Bailey Rd,Cornelius,NC,28031,35.46308,-80.85178,5x5,5.0,5.0,8.0,25.0,small,26.5,53.0
2026-09-02,cubesmart,3281,19799cb9-3860-4e86-87b7-8258ed328bc9,10921 Bailey Rd,Cornelius,NC,28031,35.46308,-80.85178,5x5,5.0,5.0,8.0,25.0,small,32.0,64.0
2026-09-02,cubesmart,3032,def5e8fc-2f14-4d84-9d66-b839127f257d,1105 Waxhaw Indian Trail Rd,Indian Trail,NC,28079,35.06715,-80.67944,10x10,10.0,10.0,8.0,100.0,medium,51.0,102.0
2026-09-02,cubesmart,3032,74bf53eb-fad9-4fe1-9ec4-8d59d9059a9d,1105 Waxhaw Indian Trail Rd,Indian Trail,NC,28079,35.06715,-80.67944,10x15,10.0,15.0,8.0,150.0,medium,61.0,122.0
2026-09-02,cubesmart,3032,bbd01532-c511-434c-bd11-dba09d3f2f55,1105 Waxhaw Indian Trail Rd,Indian Trail,NC,28079,35.06715,-80.67944,10x15,10.0,15.0,8.0,150.0,medium,62.5,125.0
2026-09-02,cubesmart,3032,e3dc5ee2-7ef6-4cfe-8d3b-530d0adacbe4,1105 Waxhaw Indian Trail Rd,Indian Trail,NC,28079,35.06715,-80.67944,10x20,10.0,20.0,10.0,200.0,large,80.5,161.0
2026-09-02,cubesmart,3032,3082e108-8908-467a-a839-e48e98379212,1105 Waxhaw Indian Trail Rd,Indian Trail,NC,28079,35.06715,-80.67944,10x20,10.0,20.0,8.0,200.0,large,82.0,164.0
2026-09-02,cubesmart,3032,db9faada-3155-4e2a-a9be-e920c992a4eb,1105 Waxhaw Indian Trail Rd,Indian Trail,NC,28079,35.06715,-80.67944,10x30,10.0,30.0,8.0,300.0,large,151.5,303.0
2026-09-02,cubesmart,3032,a6ab561f-e789-4dea-ad94-5877e516069e,1105 Waxhaw Indian Trail Rd,Indian Trail,NC,28079,35.06715,-80.67944,10x35,10.0,35.0,8.0,350.0,large,212.5,425.0
2026-09-02,cubesmart,3032,74c2b94f-686c-4ea8-b9db-0a467870479e,1105 Waxhaw Indian Trail Rd,Indian Trail,NC,28079,35.06715,-80.67944,15x20,15.0,20.0,8.0,300.0,large,123.0,246.0
2026-09-02,cubesmart,3032,f9560802-c771-4a09-a136-16da059f2f7d,1105 Waxhaw Indian Trail Rd,Indian Trail,NC,28079,35.06715,-80.67944,20 ft,,20.0,,,parking,132.6,221.0
2026-09-02,cubesmart,3032,cbf28230-ce8f-42d4-8af2-ac90af6a9306,1105 Waxhaw Indian Trail Rd,Indian Trail,NC,28079,35.06715,-80.67944,20x20,20.0,20.0,8.0,400.0,large,236.0,472.0
2026-09-02,cubesmart,3032,38e635c7-fbc1-4442-b205-76d036b86b3b,1105 Waxhaw Indian Trail Rd,Indian Trail,NC,28079,35.06715,-80.67944,25 ft,,25.0,,,parking,129.6,216.0
2026-09-02,cubesmart,3032,ad7e7a7c-5635-4104-8a5f-b4b3a913b2f8,1105 Waxhaw Indian Trail Rd,Indian Trail,NC,28079,35.06715,-80.67944,30 ft,,30.0,,,parking,131.4,219.0
2026-09-02,cubesmart,3032,170ddad7-2fab-4e74-9189-b2bbb0fca51a,1105 Waxhaw Indian Trail Rd,Indian Trail,NC,28079,35.06715,-80.67944,40 ft,,40.0,,,parking,163.2,272.0
2026-09-02,cubesmart,3032,6f4d20f1-d08c-4d45-b5f6-2c21a41cb5cd,1105 Waxhaw Indian Trail Rd,Indian Trail,NC,28079,35.06715,-80.67944,5x10,5.0,10.0,8.0,50.0,small,27.0,54.0
2026-09-02,cubesmart,3032,f6f8f3b9-260f-482f-b93b-e812ac91bd77,1105 Waxhaw Indian Trail Rd,Indian Trail,NC,28079,35.06715,-80.67944,5x10,5.0,10.0,8.0,50.0,small,27.0,54.0
2026-09-02,cubesmart,3032,253d2140-8475-4e9d-a4af-f18283eff955,1105 Waxhaw Indian Trail Rd,Indian Trail,NC,28079,35.06715,-80.67944,5x15,5.0,15.0,8.0,75.0,small,34.5,69.0
2026-09-02,cubesmart,3032,de1ff91f-9859-4a2a-9138-6fa3a7ce0c50,1105 Waxhaw Indian Trail Rd,Indian Trail,NC,28079,35.06715,-80.67944,5x5,5.0,5.0,10.0,25.0,small,13.0,26.0
2026-09-02,cubesmart,3032,6efbaf75-26bd-4cd2-bf7f-84955552af81,1105 Waxhaw Indian Trail Rd,Indian Trail,NC,28079,35.06715,-80.67944,5x5,5.0,5.0,8.0,25.0,small,15.5,31.0
2026-09-02,cubesmart,3032,970c3799-9b55-4c02-8716-130d3e0a7427,1105 Waxhaw Indian Trail Rd,Indian Trail,NC,28079,35.06715,-80.67944,5x7.5,5.0,7.5,10.0,37.5,small,17.0,34.0
2026-09-02,cubesmart,3032,bce0e4a6-a657-4440-a94c-9bc97573c4bf,1105 Waxhaw Indian Trail Rd,Indian Trail,NC,28079,35.06715,-80.67944,5x7.5,5.0,7.5,10.0,37.5,small,22.0,44.0
2026-09-02,cubesmart,3032,4eb40c4a-f3f5-464f-b092-c439869f8216,1105 Waxhaw Indian Trail Rd,Indian Trail,NC,28079,35.06715,-80.67944,7.5x10,7.5,10.0,10.0,75.0,small,31.5,63.0
2026-09-02,cubesmart,3282,a4b52217-b979-441a-a10c-23fe5a2b1463,12710 Lancaster Hwy,Pineville,NC,28134,35.06947,-80.87911,10x10,10.0,10.0,8.0,100.0,medium,52.65,81.0
2026-09-02,cubesmart,3282,2d10089b-0125-45ea-b165-3157a82e9242,12710 Lancaster Hwy,Pineville,NC,28134,35.06947,-80.87911,10x15,10.0,15.0,8.0,150.0,medium,100.5,201.0
2026-09-02,cubesmart,3282,b12d342f-a784-4aa3-a4fd-65f68cab613c,12710 Lancaster Hwy,Pineville,NC,28134,35.06947,-80.87911,10x20,10.0,20.0,8.0,200.0,large,250.0,500.0
2026-09-02,cubesmart,3282,8824bfa5-1c39-4dd0-b516-345774c09ebb,12710 Lancaster Hwy,Pineville,NC,28134,35.06947,-80.87911,10x20,10.0,20.0,8.0,200.0,large,282.5,565.0
2026-09-02,cubesmart,3282,0e5f6188-cbf4-4546-81a7-8dd00020a25a,12710 Lancaster Hwy,Pineville,NC,28134,35.06947,-80.87911,10x25,10.0,25.0,8.0,250.0,large,163.5,327.0
2026-09-02,cubesmart,3282,8c64fe6a-bc29-4e4c-be19-9472eae26b27,12710 Lancaster Hwy,Pineville,NC,28134,35.06947,-80.87911,10x30,10.0,30.0,8.0,300.0,large,471.5,943.0
2026-09-02,cubesmart,3282,e4c126be-fc66-4519-8301-2dd6c42d7abb,12710 Lancaster Hwy,Pineville,NC,28134,35.06947,-80.87911,20 ft,,20.0,,,parking,91.2,152.0
2026-09-02,cubesmart,3282,5593a9f8-7be5-400f-a245-cf9e24960432,12710 Lancaster Hwy,Pineville,NC,28134,35.06947,-80.87911,30 ft,,30.0,,,parking,87.75,117.0
2026-09-02,cubesmart,3282,f773324c-cbc9-45f2-aa6d-bb0b09fa29d5,12710 Lancaster Hwy,Pineville,NC,28134,35.06947,-80.87911,40 ft,,40.0,,,parking,118.8,198.0
2026-09-02,cubesmart,3282,9bfbadb1-8a7e-4e99-afbe-c2e1e616e58a,12710 Lancaster Hwy,Pineville,NC,28134,35.06947,-80.87911,5x10,5.0,10.0,8.0,50.0,small,26.5,53.0
2026-09-02,cubesmart,3282,5e8c84d6-eae3-448b-8804-beaf4ef05166,12710 Lancaster Hwy,Pineville,NC,28134,35.06947,-80.87911,5x10,5.0,10.0,8.0,50.0,small,53.3,82.0
2026-09-02,cubesmart,3282,d5ffb3ff-054d-42e7-b8b7-e56c7001e4db,12710 Lancaster Hwy,Pineville,NC,28134,35.06947,-80.87911,5x5,5.0,5.0,8.0,25.0,small,16.5,33.0
2026-09-02,cubesmart,4308,cbcf9401-203b-45de-a10d-92b1ce94ba88,13402 Lancaster Hwy,Pineville,NC,28134,35.06116,-80.87708,1.5x2,1.5,2.0,8.0,3.0,small,26.0,
2026-09-02,cubesmart,4308,5a0bf2cd-fedd-4396-8e08-edb0c7be10de,13402 Lancaster Hwy,Pineville,NC,28134,35.06116,-80.87708,10x10,10.0,10.0,8.0,100.0,medium,116.4,194.0
2026-09-02,cubesmart,4308,e26e91a9-0f2a-45d4-bf15-1bc2d61a6dec,13402 Lancaster Hwy,Pineville,NC,28134,35.06116,-80.87708,10x10,10.0,10.0,8.0,100.0,medium,98.4,164.0
2026-09-02,cubesmart,4308,468a9f0b-09c9-426b-8773-baceef3b9eb6,13402 Lancaster Hwy,Pineville,NC,28134,35.06116,-80.87708,10x15,10.0,15.0,8.0,150.0,medium,130.8,218.0
2026-09-02,cubesmart,4308,80d4d15a-5f6e-4b98-a6bd-9ceaecb435cf,13402 Lancaster Hwy,Pineville,NC,28134,35.06116,-80.87708,10x15,10.0,15.0,8.0,150.0,medium,131.4,219.0
2026-09-02,cubesmart,4308,ad6eb9c9-3db7-4be8-877c-5d296b1f6785,13402 Lancaster Hwy,Pineville,NC,28134,35.06116,-80.87708,10x15,10.0,15.0,8.0,150.0,medium,139.2,232.0
2026-09-02,cubesmart,4308,73052279-68b3-4d6d-ae2b-221396435b55,13402 Lancaster Hwy,Pineville,NC,28134,35.06116,-80.87708,10x20,10.0,20.0,8.0,200.0,large,210.0,350.0
2026-09-02,cubesmart,4308,9a78cf1d-ae31-415b-aeeb-a917e62feb4c,13402 Lancaster Hwy,Pineville,NC,28134,35.06116,-80.87708,10x25,10.0,25.0,8.0,250.0,large,300.0,500.0
2026-09-02,cubesmart,4308,0e44ea64-3e8d-45bb-af57-6b9b71d4fdd9,13402 Lancaster Hwy,Pineville,NC,28134,35.06116,-80.87708,5x15,5.0,15.0,8.0,75.0,small,69.0,115.0
2026-09-02,cubesmart,4308,0fd3e866-0abb-47ab-8870-5012d8e12199,13402 Lancaster Hwy,Pineville,NC,28134,35.06116,-80.87708,9x20,9.0,20.0,8.0,180.0,large,176.4,294.0
2026-09-02,cubesmart,4308,f05448ff-6ddc-486c-bbd7-fcd67458160b,13402 Lancaster Hwy,Pineville,NC,28134,35.06116,-80.87708,9x20,9.0,20.0,8.0,180.0,large,206.4,344.0
2026-09-02,cubesmart,4428,977a8b19-95d1-438d-9f47-fc2b45398428,2701 S Tryon St,Charlotte,NC,28203,35.2044,-80.86998,10x10,10.0,10.0,8.0,100.0,medium,86.5,173.0
2026-09-02,cubesmart,4428,3cc2ebb0-1eab-473c-99b4-2a97ae7d0bd8,2701 S Tryon St,Charlotte,NC,28203,35.2044,-80.86998,10x15,10.0,15.0,8.0,150.0,medium,102.5,205.0
2026-09-02,cubesmart,4428,7ba0e105-130b-4e8b-8dea-53e5c92062d3,2701 S Tryon St,Charlotte,NC,28203,35.2044,-80.86998,10x20,10.0,20.0,8.0,200.0,large,154.0,308.0
2026-09-02,cubesmart,4428,483456fc-b2c6-4ed6-83cd-5eb29b472426,2701 S Tryon St,Charlotte,NC,28203,35.2044,-80.86998,1x2,1.0,2.0,4.0,2.0,small,23.0,
2026-09-02,cubesmart,4428,461a8ad6-8bd9-45e7-90c1-dc192711868d,2701 S Tryon St,Charlotte,NC,28203,35.2044,-80.86998,2x2,2.0,2.0,4.0,4.0,small,34.0,
2026-09-02,cubesmart,4428,2f0031a9-5213-47fc-a23d-0b0bf8ad863b,2701 S Tryon St,Charlotte,NC,28203,35.2044,-80.86998,2x3,2.0,3.0,4.0,6.0,small,43.0,
2026-09-02,cubesmart,4428,e03604e9-f76d-44ee-b8e8-4355d5167d58,2701 S Tryon St,Charlotte,NC,28203,35.2044,-80.86998,3x3,3.0,3.0,4.0,9.0,small,50.0,
2026-09-02,cubesmart,4428,3960a3d1-5ffa-4f27-8317-1be197ff9d0f,2701 S Tryon St,Charlotte,NC,28203,35.2044,-80.86998,5x5,5.0,5.0,8.0,25.0,small,29.0,58.0
2026-09-02,cubesmart,4428,51366931-178e-4068-88c1-908708d16bfe,2701 S Tryon St,Charlotte,NC,28203,35.2044,-80.86998,6x10,6.0,10.0,8.0,60.0,small,54.5,109.0
2026-09-02,cubesmart,3829,c3a8de7f-d243-44b7-9a13-d99c0a27ca0f,2908 Monroe Rd,Charlotte,NC,28205,35.20391,-80.80577,10x10,10.0,10.0,8.0,100.0,medium,130.5,261.0
2026-09-02,cubesmart,3829,d14a4b14-0961-4d00-ba71-33d8104836bf,2908 Monroe Rd,Charlotte,NC,28205,35.20391,-80.80577,10x11,10.0,11.0,8.0,110.0,medium,140.0,280.0
2026-09-02,cubesmart,3829,a42425af-6f19-4326-809b-cc1676371096,2908 Monroe Rd,Charlotte,NC,28205,35.20391,-80.80577,10x15,10.0,15.0,8.0,150.0,medium,177.0,354.0
2026-09-02,cubesmart,3829,3245ac03-8737-44a1-9e4a-5e40f1763efe,2908 Monroe Rd,Charlotte,NC,28205,35.20391,-80.80577,10x15,10.0,15.0,8.0,150.0,medium,212.5,425.0
2026-09-02,cubesmart,3829,9ade5594-7b72-4dca-8cd1-a3e520c3b96f,2908 Monroe Rd,Charlotte,NC,28205,35.20391,-80.80577,10x16,10.0,16.0,8.0,160.0,large,225.0,450.0
2026-09-02,cubesmart,3829,f6978253-9401-4ca3-9525-bb486fb22762,2908 Monroe Rd,Charlotte,NC,28205,35.20391,-80.80577,10x19,10.0,19.0,8.0,190.0,large,218.5,437.0
2026-09-02,cubesmart,3829,5309e815-a7d2-4bff-bb89-62e21c5fa108,2908 Monroe Rd,Charlotte,NC,28205,35.20391,-80.80577,10x20,10.0,20.0,8.0,200.0,large,304.0,608.0
2026-09-02,cubesmart,3829,a14fc35b-954a-496b-b8f8-e6d9da4ca0f3,2908 Monroe Rd,Charlotte,NC,28205,35.20391,-80.80577,10x20,10.0,20.0,8.0,200.0,large,317.2,488.0
2026-09-02,cubesmart,3829,60888e44-b4d4-42b3-9fb9-140c95bcde71,2908 Monroe Rd,Charlotte,NC,28205,35.20391,-80.80577,10x30,10.0,30.0,8.0,300.0,large,429.0,858.0
2026-09-02,cubesmart,3829,bfc7f016-e99c-4c89-abe7-665b449ef859,2908 Monroe Rd,Charlotte,NC,28205,35.20391,-80.80577,4x6,4.0,6.0,8.0,24.0,small,41.5,83.0
2026-09-02,cubesmart,3829,71285424-7876-416c-921a-db1d14efd62e,2908 Monroe Rd,Charlotte,NC,28205,35.20391,-80.80577,5x10,5.0,10.0,8.0,50.0,small,55.9,86.0
2026-09-02,cubesmart,3829,d47571cb-5eca-4934-b0b0-32ffbe936834,2908 Monroe Rd,Charlotte,NC,28205,35.20391,-80.80577,5x10,5.0,10.0,8.0,50.0,small,75.0,150.0
2026-09-02,cubesmart,3829,b4477e7e-337b-4b6d-85a3-fff67c3f54de,2908 Monroe Rd,Charlotte,NC,28205,35.20391,-80.80577,5x15,5.0,15.0,8.0,75.0,small,86.5,173.0
2026-09-02,cubesmart,3829,7cccc7ca-1a90-4760-9c12-ba9b9231de55,2908 Monroe Rd,Charlotte,NC,28205,35.20391,-80.80577,5x5,5.0,5.0,4.0,25.0,small,29.0,58.0
2026-09-02,cubesmart,3829,98163075-5271-4580-bbe4-a1e10582d95c,2908 Monroe Rd,Charlotte,NC,28205,35.20391,-80.80577,5x5,5.0,5.0,8.0,25.0,small,50.5,101.0
2026-09-02,cubesmart,3829,ac305b26-b521-4dce-8c2a-bbd5103988c0,2908 Monroe Rd,Charlotte,NC,28205,35.20391,-80.80577,7.5x10,7.5,10.0,8.0,75.0,small,83.85,129.0
2026-09-02,cubesmart,3829,c9b36bd5-a016-4293-b1c9-c43b05c0a123,2908 Monroe Rd,Charlotte,NC,28205,35.20391,-80.80577,7.5x10,7.5,10.0,8.0,75.0,small,85.5,171.0
2026-09-02,cubesmart,3829,c3c5b0b5-85d4-48de-bb7e-7559725a2cc1,2908 Monroe Rd,Charlotte,NC,28205,35.20391,-80.80577,7.5x10,7.5,10.0,8.0,75.0,small,86.5,173.0
2026-09-02,cubesmart,3829,aabda7f4-1712-4edf-8ac9-5b59bb0c014d,2908 Monroe Rd,Charlotte,NC,28205,35.20391,-80.80577,7x7,7.0,7.0,8.0,49.0,small,66.5,133.0
2026-09-02,cubesmart,4144,3460b275-5f74-4ad0-b421-741a8353d9e1,1451 Bryant St,Charlotte,NC,28208,35.22733,-80.86679,10x10,10.0,10.0,8.0,100.0,medium,81.0,135.0
2026-09-02,cubesmart,4144,35240ecd-26ec-48f1-94a4-eef506cd53de,1451 Bryant St,Charlotte,NC,28208,35.22733,-80.86679,10x15,10.0,15.0,8.0,150.0,medium,104.25,139.0
2026-09-02,cubesmart,4144,125484d1-f935-457c-b3fa-07b5e278eb1f,1451 Bryant St,Charlotte,NC,28208,35.22733,-80.86679,10x20,10.0,20.0,,200.0,parking,79.2,132.0
2026-09-02,cubesmart,4144,74f88d2c-ae3c-4695-a791-d04f0919778f,1451 Bryant St,Charlotte,NC,28208,35.22733,-80.86679,10x40,10.0,40.0,,400.0,parking,154.8,258.0
2026-09-02,cubesmart,4144,48611996-abba-40cd-bbb9-470652874a37,1451 Bryant St,Charlotte,NC,28208,35.22733,-80.86679,20x40,20.0,40.0,,800.0,parking,314.4,524.0
2026-09-02,cubesmart,4144,4fa1cf00-fd75-4165-bcae-50217884bc09,1451 Bryant St,Charlotte,NC,28208,35.22733,-80.86679,5x10,5.0,10.0,8.0,50.0,small,60.0,100.0
2026-09-02,cubesmart,4144,8b3b839c-3c9d-464c-bc7b-e7c037f0fc0a,1451 Bryant St,Charlotte,NC,28208,35.22733,-80.86679,5x10,5.0,10.0,8.0,50.0,small,60.0,100.0
2026-09-02,cubesmart,4144,1185e551-ce0c-4747-b8dd-bdba9d5c36da,1451 Bryant St,Charlotte,NC,28208,35.22733,-80.86679,5x5,5.0,5.0,8.0,25.0,small,28.8,48.0
2026-09-02,cubesmart,4144,e3b4ec39-5baa-4553-bd04-5ab651ee6e7e,1451 Bryant St,Charlotte,NC,28208,35.22733,-80.86679,5x7.5,5.0,7.5,8.0,37.5,small,33.0,55.0
2026-09-02,cubesmart,4144,9b18357b-0d8e-48f7-a287-5a32afbe958f,1451 Bryant St,Charlotte,NC,28208,35.22733,-80.86679,7.5x10,7.5,10.0,8.0,75.0,small,81.75,109.0
2026-09-02,cubesmart,4169,5ff64daa-7f73-4119-b8dd-79eb7d27babe,2010 Rocky River Rd,Charlotte,NC,28213,35.2765,-80.72883,10x10,10.0,10.0,8.0,100.0,medium,107.25,143.0
2026-09-02,cubesmart,4169,5b26770e-602b-4c28-9f03-284548f5fc3c,2010 Rocky River Rd,Charlotte,NC,28213,35.2765,-80.72883,10x15,10.0,15.0,8.0,150.0,medium,165.0,220.0
2026-09-02,cubesmart,4169,f607d65d-ab38-4dc6-9047-022b2de02cc7,2010 Rocky River Rd,Charlotte,NC,28213,35.2765,-80.72883,10x15,10.0,15.0,8.0,150.0,medium,206.4,344.0
2026-09-02,cubesmart,4169,261a1558-3d5e-43ce-a047-822ae069a602,2010 Rocky River Rd,Charlotte,NC,28213,35.2765,-80.72883,10x20,10.0,20.0,8.0,200.0,large,196.8,328.0
2026-09-02,cubesmart,4169,aa92ef81-530c-4a0f-af80-fef30d00bd0f,2010 Rocky River Rd,Charlotte,NC,28213,35.2765,-80.72883,10x20,10.0,20.0,8.0,200.0,large,221.4,369.0
2026-09-02,cubesmart,4169,acbd198f-a30d-4dbb-8fe0-7e67ed20df87,2010 Rocky River Rd,Charlotte,NC,28213,35.2765,-80.72883,10x25,10.0,25.0,8.0,250.0,large,363.0,484.0
2026-09-02,cubesmart,4169,34dca779-8fb1-41f7-a82c-72721f840365,2010 Rocky River Rd,Charlotte,NC,28213,35.2765,-80.72883,15x20,15.0,20.0,8.0,300.0,large,334.8,558.0
2026-09-02,cubesmart,4169,bfd04579-fa68-40e3-b9d6-09c75070ffa0,2010 Rocky River Rd,Charlotte,NC,28213,35.2765,-80.72883,2x3,2.0,3.0,8.0,6.0,small,47.6,56.0
2026-09-02,cubesmart,4169,ad75b778-2be9-4bbf-9538-bdb654dfb6ce,2010 Rocky River Rd,Charlotte,NC,28213,35.2765,-80.72883,3x3,3.0,3.0,8.0,9.0,small,53.55,63.0
2026-09-02,cubesmart,4169,f3fd6897-472e-41f5-8008-6a909ff1af66,2010 Rocky River Rd,Charlotte,NC,28213,35.2765,-80.72883,3x6,3.0,6.0,8.0,18.0,small,109.65,129.0
2026-09-02,cubesmart,4169,46d64d95-fd4b-42df-9259-445437d37334,2010 Rocky River Rd,Charlotte,NC,28213,35.2765,-80.72883,5x5,5.0,5.0,8.0,25.0,small,37.2,62.0
2026-09-02,cubesmart,4169,452aefed-d35a-48e7-acc1-d8daa6b1c019,2010 Rocky River Rd,Charlotte,NC,28213,35.2765,-80.72883,5x5,5.0,5.0,8.0,25.0,small,43.8,73.0
2026-09-02,cubesmart,4169,2c9aab93-b530-480f-aa65-61a1e7aa441a,2010 Rocky River Rd,Charlotte,NC,28213,35.2765,-80.72883,5x8,5.0,8.0,8.0,40.0,small,65.4,109.0
2026-09-02,cubesmart,4515,b0b360ec-9a6d-4aba-8eba-1511bfd68448,10609 Johnston Rd,Charlotte,NC,28226,35.08881,-80.85304,10x10,10.0,10.0,8.0,100.0,medium,121.0,242.0
2026-09-02,cubesmart,4515,9ab2de07-800b-4138-80fd-7c85adb683ab,10609 Johnston Rd,Charlotte,NC,28226,35.08881,-80.85304,10x10,10.0,10.0,8.0,100.0,medium,138.0,276.0
2026-09-02,cubesmart,4515,e9e9ca3f-65f8-43aa-8a6e-ee08a06426e5,10609 Johnston Rd,Charlotte,NC,28226,35.08881,-80.85304,10x12,10.0,12.0,8.0,120.0,medium,126.0,252.0
2026-09-02,cubesmart,4515,9a9ee237-c969-41e9-ab15-d36f35b08221,10609 Johnston Rd,Charlotte,NC,28226,35.08881,-80.85304,10x12,10.0,12.0,8.0,120.0,medium,137.0,274.0
2026-09-02,cubesmart,4515,6853fe03-0027-4c04-b26b-673c71b536ca,10609 Johnston Rd,Charlotte,NC,28226,35.08881,-80.85304,10x15,10.0,15.0,8.0,150.0,medium,152.0,304.0
2026-09-02,cubesmart,4515,028771ba-00b2-4919-a797-218a409ede11,10609 Johnston Rd,Charlotte,NC,28226,35.08881,-80.85304,10x15,10.0,15.0,8.0,150.0,medium,164.5,329.0
2026-09-02,cubesmart,4515,f6a4e89f-4a9a-459d-8d0e-04888e20b538,10609 Johnston Rd,Charlotte,NC,28226,35.08881,-80.85304,10x15,10.0,15.0,8.0,150.0,medium,204.5,409.0
2026-09-02,cubesmart,4515,0521c2b0-046e-44d5-959f-fb8868689672,10609 Johnston Rd,Charlotte,NC,28226,35.08881,-80.85304,10x18,10.0,18.0,8.0,180.0,large,177.5,355.0
2026-09-02,cubesmart,4515,6609e23d-560e-4140-bbc8-c2d61c7c5be6,10609 Johnston Rd,Charlotte,NC,28226,35.08881,-80.85304,10x20,10.0,20.0,8.0,200.0,large,173.55,267.0
2026-09-02,cubesmart,4515,a46323f4-d6fd-42f7-bfa5-056cbffec40a,10609 Johnston Rd,Charlotte,NC,28226,35.08881,-80.85304,10x25,10.0,25.0,8.0,250.0,large,180.7,278.0
2026-09-02,cubesmart,4515,bab2b7b5-0024-449a-b4ff-d5223d65a6f8,10609 Johnston Rd,Charlotte,NC,28226,35.08881,-80.85304,10x30,10.0,30.0,8.0,300.0,large,249.0,498.0
2026-09-02,cubesmart,4515,82822503-7b43-4fc8-a399-8d5014f29553,10609 Johnston Rd,Charlotte,NC,28226,35.08881,-80.85304,5x10,5.0,10.0,8.0,50.0,small,57.85,89.0
2026-09-02,cubesmart,4515,1b1c48c5-6090-4cf0-897f-94a9500e5ed6,10609 Johnston Rd,Charlotte,NC,28226,35.08881,-80.85304,5x10,5.0,10.0,8.0,50.0,small,69.5,139.0
2026-09-02,cubesmart,4515,529ff118-7ef3-40a1-8aa6-1d03c08cac31,10609 Johnston Rd,Charlotte,NC,28226,35.08881,-80.85304,5x15,5.0,15.0,8.0,75.0,small,57.0,114.0
2026-09-02,cubesmart,4515,5588b100-7a64-441a-b94e-db4d07e05c9f,10609 Johnston Rd,Charlotte,NC,28226,35.08881,-80.85304,5x5,5.0,5.0,8.0,25.0,small,28.0,56.0
2026-09-02,cubesmart,4515,d7a451d0-cf67-416f-b889-a305e13b563d,10609 Johnston Rd,Charlotte,NC,28226,35.08881,-80.85304,7x10,7.0,10.0,8.0,70.0,small,75.0,150.0
2026-09-02,cubesmart,4515,d68131fc-9714-48ee-be76-e65998e90158,10609 Johnston Rd,Charlotte,NC,28226,35.08881,-80.85304,7x8,7.0,8.0,8.0,56.0,small,72.5,145.0
2026-09-02,cubesmart,4515,d3e7e64b-0183-464a-ae1a-2f5cf0b483a3,10609 Johnston Rd,Charlotte,NC,28226,35.08881,-80.85304,8x10,8.0,10.0,8.0,80.0,medium,101.4,156.0
2026-09-02,cubesmart,2668,79042368-c806-480e-a0f9-9122ec8b3120,7043 E Independence Blvd,Charlotte,NC,28227,35.16508,-80.74081,10x10,10.0,10.0,8.0,100.0,medium,46.2,77.0
2026-09-02,cubesmart,2668,1bb8c304-288d-4043-b323-e28134e4a513,7043 E Independence Blvd,Charlotte,NC,28227,35.16508,-80.74081,10x15,10.0,15.0,8.0,150.0,medium,108.0,180.0
2026-09-02,cubesmart,2668,e2f69298-54ba-4e33-8f20-e3e67115b033,7043 E Independence Blvd,Charlotte,NC,28227,35.16508,-80.74081,10x20,10.0,20.0,8.0,200.0,large,114.6,191.0
2026-09-02,cubesmart,2668,4ea49c54-bfdd-4cc7-b846-5856f730689f,7043 E Independence Blvd,Charlotte,NC,28227,35.16508,-80.74081,10x25,10.0,25.0,8.0,250.0,large,154.2,257.0
2026-09-02,cubesmart,2668,8726603b-d02d-4ed7-92b0-6555e87c9a42,7043 E Independence Blvd,Charlotte,NC,28227,35.16508,-80.74081,20x20,20.0,20.0,8.0,400.0,large,197.4,329.0
2026-09-02,cubesmart,2668,b62bc08d-7377-43e4-ad51-e8736142367a,7043 E Independence Blvd,Charlotte,NC,28227,35.16508,-80.74081,5x10,5.0,10.0,8.0,50.0,small,23.4,39.0
2026-09-02,cubesmart,2668,6387158b-d40f-4835-82a7-57cb4a36f19e,7043 E Independence Blvd,Charlotte,NC,28227,35.16508,-80.74081,5x15,5.0,15.0,8.0,75.0,small,35.4,59.0
2026-09-02,cubesmart,4843,240456b0-53b7-4abb-a0c7-5161b505dc8c,2601 Ridge Rd,Charlotte,NC,28269,35.3629,-80.74593,10x10,10.0,10.0,8.0,100.0,medium,80.0,160.0
2026-09-02,cubesmart,4843,b6a81141-ebda-4efa-b6c1-e6a9aa9c8e6c,2601 Ridge Rd,Charlotte,NC,28269,35.3629,-80.74593,10x13,10.0,13.0,8.0,130.0,medium,94.9,146.0
2026-09-02,cubesmart,4843,0f1d53bb-6c36-4cdf-a13b-9a973722a51c,2601 Ridge Rd,Charlotte,NC,28269,35.3629,-80.74593,10x13,10.0,13.0,8.0,130.0,medium,96.0,192.0
2026-09-02,cubesmart,4843,6cafd916-a1a6-4a00-8003-dd35d4fd5052,2601 Ridge Rd,Charlotte,NC,28269,35.3629,-80.74593,10x20,10.0,20.0,8.0,200.0,large,224.5,449.0
2026-09-02,cubesmart,4843,8c79a8f6-2b52-4e6e-9225-6d8288660d7f,2601 Ridge Rd,Charlotte,NC,28269,35.3629,-80.74593,15x20,15.0,20.0,8.0,300.0,large,253.0,506.0
2026-09-02,cubesmart,4843,d82ca6b1-bad6-4586-8e6b-d07deb4b93d9,2601 Ridge Rd,Charlotte,NC,28269,35.3629,-80.74593,5x10,5.0,10.0,8.0,50.0,small,55.5,111.0
2026-09-02,cubesmart,4843,d749ec54-7df2-4260-aa4d-aef09c51ce89,2601 Ridge Rd,Charlotte,NC,28269,35.3629,-80.74593,5x10,5.0,10.0,8.0,50.0,small,65.0,130.0
2026-09-02,cubesmart,4843,6d83c23a-d237-4be5-b7f8-052a38318989,2601 Ridge Rd,Charlotte,NC,28269,35.3629,-80.74593,5x5,5.0,5.0,8.0,25.0,small,36.5,73.0
2026-09-02,cubesmart,4843,3bdab984-99f2-4808-9e2c-21cba08e06e1,2601 Ridge Rd,Charlotte,NC,28269,35.3629,-80.74593,8x10,8.0,10.0,8.0,80.0,medium,57.5,115.0
2026-09-02,cubesmart,328,85e8f7fb-0a72-4c67-93fd-d5d05f1e752c,5008 W W T Harris Blvd,Charlotte,NC,28269,35.33365,-80.81547,10x10,10.0,10.0,8.0,100.0,medium,124.8,208.0
2026-09-02,cubesmart,328,270dda89-0dd1-4d41-8b52-99690cf79556,5008 W W T Harris Blvd,Charlotte,NC,28269,35.33365,-80.81547,10x10,10.0,10.0,8.0,100.0,medium,99.0,165.0
2026-09-02,cubesmart,328,9627ce47-615a-4f8e-bc29-7bca62c0b615,5008 W W T Harris Blvd,Charlotte,NC,28269,35.33365,-80.81547,10x15,10.0,15.0,8.0,150.0,medium,175.8,293.0
2026-09-02,cubesmart,328,cdd67cb8-116d-44ca-b822-9043237444b5,5008 W W T Harris Blvd,Charlotte,NC,28269,35.33365,-80.81547,10x15,10.0,15.0,8.0,150.0,medium,203.4,339.0
2026-09-02,cubesmart,328,efecaf50-c139-4d4a-bc48-fa403d989d9b,5008 W W T Harris Blvd,Charlotte,NC,28269,35.33365,-80.81547,10x20,10.0,20.0,8.0,200.0,large,171.0,285.0
2026-09-02,cubesmart,328,4e0a0b4f-dfe1-48af-b963-3dba36124fe7,5008 W W T Harris Blvd,Charlotte,NC,28269,35.33365,-80.81547,10x20,10.0,20.0,8.0,200.0,large,205.2,342.0
2026-09-02,cubesmart,328,7ac6fcdf-8e76-4653-997c-52d73039c29f,5008 W W T Harris Blvd,Charlotte,NC,28269,35.33365,-80.81547,10x20,10.0,20.0,8.0,200.0,large,228.6,381.0
2026-09-02,cubesmart,328,dc7772f3-fbd2-4704-bb2d-b3145a2d0802,5008 W W T Harris Blvd,Charlotte,NC,28269,35.33365,-80.81547,10x25,10.0,25.0,8.0,250.0,large,240.75,321.0
2026-09-02,cubesmart,328,8ea5ae0d-5c57-4c90-b4dc-67fd1e4a48e0,5008 W W T Harris Blvd,Charlotte,NC,28269,35.33365,-80.81547,20 ft,,20.0,,,parking,127.2,212.0
2026-09-02,cubesmart,328,f5d08318-57c7-48ab-9b3f-b535513634e6,5008 W W T Harris Blvd,Charlotte,NC,28269,35.33365,-80.81547,5x10,5.0,10.0,8.0,50.0,small,48.0,80.0
2026-09-02,cubesmart,328,80176cb9-1e3b-4e5d-ab3f-8e8965e1d214,5008 W W T Harris Blvd,Charlotte,NC,28269,35.33365,-80.81547,5x10,5.0,10.0,8.0,50.0,small,61.2,102.0
2026-09-02,cubesmart,328,dd9fe239-ebaf-486b-b0e8-8c0d3492f8bb,5008 W W T Harris Blvd,Charlotte,NC,28269,35.33365,-80.81547,5x20,5.0,20.0,8.0,100.0,medium,124.8,208.0
2026-09-02,cubesmart,328,1acbeaff-7405-4af1-a926-f60b2bf80852,5008 W W T Harris Blvd,Charlotte,NC,28269,35.33365,-80.81547,5x5,5.0,5.0,8.0,25.0,small,45.0,60.0
2026-09-02,cubesmart,328,33c9629c-8467-46b7-af90-7b46574ec3e6,5008 W W T Harris Blvd,Charlotte,NC,28269,35.33365,-80.81547,5x5,5.0,5.0,8.0,25.0,small,46.2,77.0
2026-09-02,cubesmart,328,29cadbbb-da37-416f-962e-09bd786e8876,5008 W W T Harris Blvd,Charlotte,NC,28269,35.33365,-80.81547,5x6,5.0,6.0,8.0,30.0,small,36.0,60.0
2026-09-02,cubesmart,3439,360fa21f-bb7c-4120-9a61-c6f76da3aae2,16155 Lancaster Hwy,Charlotte,NC,28277,35.02827,-80.85031,10x10,10.0,10.0,8.0,100.0,medium,72.5,145.0
2026-09-02,cubesmart,3439,cc8f2c27-41aa-4f4c-b6d1-c821c13be944,16155 Lancaster Hwy,Charlotte,NC,28277,35.02827,-80.85031,10x10,10.0,10.0,8.0,100.0,medium,81.5,163.0
2026-09-02,cubesmart,3439,25ae6baa-8d9b-4fa4-acbe-cc6aa8beb4e6,16155 Lancaster Hwy,Charlotte,NC,28277,35.02827,-80.85031,10x15,10.0,15.0,8.0,150.0,medium,110.0,220.0
2026-09-02,cubesmart,3439,073d062a-1c3f-42d2-baa7-13da5e886f82,16155 Lancaster Hwy,Charlotte,NC,28277,35.02827,-80.85031,10x15,10.0,15.0,8.0,150.0,medium,110.0,220.0
2026-09-02,cubesmart,3439,d6ec1f52-5304-4bda-ada0-1d7cf454dccf,16155 Lancaster Hwy,Charlotte,NC,28277,35.02827,-80.85031,10x20,10.0,20.0,8.0,200.0,large,185.0,370.0
2026-09-02,cubesmart,3439,b65b6c7a-28a6-4564-9b9e-88acdc194a58,16155 Lancaster Hwy,Charlotte,NC,28277,35.02827,-80.85031,10x20,10.0,20.0,8.0,200.0,large,185.0,370.0
2026-09-02,cubesmart,3439,689f1e76-f612-4834-af8e-22b3562e7bd4,16155 Lancaster Hwy,Charlotte,NC,28277,35.02827,-80.85031,5x10,5.0,10.0,8.0,50.0,small,33.8,52.0
2026-09-02,cubesmart,3439,ae8104da-eb00-4460-9c17-4224999f06c8,16155 Lancaster Hwy,Charlotte,NC,28277,35.02827,-80.85031,5x5,5.0,5.0,8.0,25.0,small,27.0,54.0
2026-09-02,cubesmart,3439,82b0dd6d-3f75-4390-a32e-f8bfe0e2dac0,16155 Lancaster Hwy,Charlotte,NC,28277,35.02827,-80.85031,5x5,5.0,5.0,8.0,25.0,small,31.5,63.0
2026-09-02,publicstorage,1796,V_322793,3710 Monroe Road,Charlotte,NC,28205,35.20039,-80.79774,10x10,10.0,10.0,,100.0,medium,53.0,106.0
2026-09-02,publicstorage,1796,V_322792,3710 Monroe Road,Charlotte,NC,28205,35.20039,-80.79774,10x15,10.0,15.0,,150.0,large,81.0,162.0
2026-09-02,publicstorage,1796,V_1423025,3710 Monroe Road,Charlotte,NC,28205,35.20039,-80.79774,10x20,10.0,20.0,,200.0,large,100.0,200.0
2026-09-02,publicstorage,1796,V_649220,3710 Monroe Road,Charlotte,NC,28205,35.20039,-80.79774,10x20,10.0,20.0,,200.0,large,140.0,280.0
2026-09-02,publicstorage,1796,V_1423023,3710 Monroe Road,Charlotte,NC,28205,35.20039,-80.79774,10x20,10.0,20.0,,200.0,large,98.0,196.0
2026-09-02,publicstorage,1796,V_1536323,3710 Monroe Road,Charlotte,NC,28205,35.20039,-80.79774,10x25,10.0,25.0,,250.0,large,175.0,292.0
2026-09-02,publicstorage,1796,V_1554294,3710 Monroe Road,Charlotte,NC,28205,35.20039,-80.79774,12x30,12.0,30.0,,360.0,parking,210.0,280.0
2026-09-02,publicstorage,1796,V_582876,3710 Monroe Road,Charlotte,NC,28205,35.20039,-80.79774,20x30,20.0,30.0,,600.0,large,269.0,448.0
2026-09-02,publicstorage,1796,V_1536322,3710 Monroe Road,Charlotte,NC,28205,35.20039,-80.79774,20x30,20.0,30.0,,600.0,large,328.0,546.0
2026-09-02,publicstorage,1796,V_322790,3710 Monroe Road,Charlotte,NC,28205,35.20039,-80.79774,5x10,5.0,10.0,,50.0,small,32.0,64.0
2026-09-02,publicstorage,1796,V_1569099,3710 Monroe Road,Charlotte,NC,28205,35.20039,-80.79774,5x10,5.0,10.0,,50.0,small,42.0,84.0
2026-09-02,publicstorage,2334,V_613570,1001 N Tryon St,Charlotte,NC,28206,35.23509,-80.83288,10x10,10.0,10.0,,100.0,medium,65.0,108.0
2026-09-02,publicstorage,2334,V_613574,1001 N Tryon St,Charlotte,NC,28206,35.23509,-80.83288,10x15,10.0,15.0,,150.0,large,126.0,168.0
2026-09-02,publicstorage,2334,V_1423096,1001 N Tryon St,Charlotte,NC,28206,35.23509,-80.83288,10x20,10.0,20.0,,200.0,large,156.0,208.0
2026-09-02,publicstorage,2334,V_1423099,1001 N Tryon St,Charlotte,NC,28206,35.23509,-80.83288,10x25,10.0,25.0,,250.0,large,201.0,268.0
2026-09-02,publicstorage,2334,V_613564,1001 N Tryon St,Charlotte,NC,28206,35.23509,-80.83288,15x15,15.0,15.0,,225.0,large,156.0,208.0
2026-09-02,publicstorage,2334,V_613573,1001 N Tryon St,Charlotte,NC,28206,35.23509,-80.83288,5x10,5.0,10.0,,50.0,small,40.0,80.0
2026-09-02,publicstorage,2334,V_613577,1001 N Tryon St,Charlotte,NC,28206,35.23509,-80.83288,5x15,5.0,15.0,,75.0,medium,56.0,94.0
2026-09-02,publicstorage,2334,V_613571,1001 N Tryon St,Charlotte,NC,28206,35.23509,-80.83288,5x5,5.0,5.0,,25.0,small,59.0,78.0
2026-09-02,publicstorage,1168,V_596099,1508 Ashley Road,Charlotte,NC,28208,35.2418,-80.89735,10x10,10.0,10.0,,100.0,medium,99.0,132.0
2026-09-02,publicstorage,1168,V_178759,1508 Ashley Road,Charlotte,NC,28208,35.2418,-80.89735,10x15,10.0,15.0,,150.0,large,131.0,174.0
2026-09-02,publicstorage,1168,V_1423898,1508 Ashley Road,Charlotte,NC,28208,35.2418,-80.89735,10x20,10.0,20.0,,200.0,large,87.0,174.0
2026-09-02,publicstorage,1168,V_1566365,1508 Ashley Road,Charlotte,NC,28208,35.2418,-80.89735,5x10,5.0,10.0,,50.0,small,55.0,73.0
2026-09-02,publicstorage,1168,V_600621,1508 Ashley Road,Charlotte,NC,28208,35.2418,-80.89735,5x10,5.0,10.0,,50.0,small,69.0,92.0
2026-09-02,publicstorage,1168,V_1566364,1508 Ashley Road,Charlotte,NC,28208,35.2418,-80.89735,5x5,5.0,5.0,,25.0,small,60.0,80.0
2026-09-02,publicstorage,1168,V_178764,1508 Ashley Road,Charlotte,NC,28208,35.2418,-80.89735,5x5,5.0,5.0,,25.0,small,61.0,81.0
2026-09-02,publicstorage,2092,V_336791,3912 Wilkinson Blvd,Charlotte,NC,28208,35.22531,-80.90635,10x10,10.0,10.0,,100.0,medium,59.0,118.0
2026-09-02,publicstorage,2092,V_1529990,3912 Wilkinson Blvd,Charlotte,NC,28208,35.22531,-80.90635,10x20,10.0,20.0,,200.0,large,128.0,214.0
2026-09-02,publicstorage,2092,V_1578229,3912 Wilkinson Blvd,Charlotte,NC,28208,35.22531,-80.90635,10x20,10.0,20.0,,200.0,large,137.0,228.0
2026-09-02,publicstorage,2092,V_581805,3912 Wilkinson Blvd,Charlotte,NC,28208,35.22531,-80.90635,10x30,10.0,30.0,,300.0,large,178.0,254.0
2026-09-02,publicstorage,2092,V_1578230,3912 Wilkinson Blvd,Charlotte,NC,28208,35.22531,-80.90635,10x30,10.0,30.0,,300.0,large,192.0,274.0
2026-09-02,publicstorage,2092,V_325164,3912 Wilkinson Blvd,Charlotte,NC,28208,35.22531,-80.90635,15x20,15.0,20.0,,300.0,large,192.0,274.0
2026-09-02,publicstorage,2092,V_325170,3912 Wilkinson Blvd,Charlotte,NC,28208,35.22531,-80.90635,5x10,5.0,10.0,,50.0,small,54.0,90.0
2026-09-02,publicstorage,1024,V_566786,4329 South Blvd,Charlotte,NC,28209,35.18362,-80.87503,10x15,10.0,15.0,,150.0,large,96.0,160.0
2026-09-02,publicstorage,1024,V_1423716,4329 South Blvd,Charlotte,NC,28209,35.18362,-80.87503,10x20,10.0,20.0,,200.0,large,100.0,200.0
2026-09-02,publicstorage,1024,V_566783,4329 South Blvd,Charlotte,NC,28209,35.18362,-80.87503,10x30,10.0,30.0,,300.0,large,115.0,164.0
2026-09-02,publicstorage,1024,V_1423715,4329 South Blvd,Charlotte,NC,28209,35.18362,-80.87503,10x30,10.0,30.0,,300.0,large,162.0,232.0
2026-09-02,publicstorage,1024,V_576914,4329 South Blvd,Charlotte,NC,28209,35.18362,-80.87503,5x15,5.0,15.0,,75.0,medium,42.0,84.0
2026-09-02,publicstorage,1024,V_587870,4329 South Blvd,Charlotte,NC,28209,35.18362,-80.87503,5x20,5.0,20.0,,100.0,medium,62.0,104.0
2026-09-02,publicstorage,2072,V_1493663,4555 South Blvd,Charlotte,NC,28209,35.17976,-80.87452,10x10,10.0,10.0,,100.0,medium,70.0,116.0
2026-09-02,publicstorage,2072,V_1493659,4555 South Blvd,Charlotte,NC,28209,35.17976,-80.87452,10x10,10.0,10.0,,100.0,medium,72.0,120.0
2026-09-02,publicstorage,2072,V_571004,4555 South Blvd,Charlotte,NC,28209,35.17976,-80.87452,10x12,10.0,12.0,,120.0,medium,85.0,142.0
2026-09-02,publicstorage,2072,V_321941,4555 South Blvd,Charlotte,NC,28209,35.17976,-80.87452,10x15,10.0,15.0,,150.0,large,86.0,144.0
2026-09-02,publicstorage,2072,V_1505497,4555 South Blvd,Charlotte,NC,28209,35.17976,-80.87452,10x15,10.0,15.0,,150.0,large,89.0,148.0
2026-09-02,publicstorage,2072,V_1493666,4555 South Blvd,Charlotte,NC,28209,35.17976,-80.87452,10x15,10.0,15.0,,150.0,large,91.0,152.0
2026-09-02,publicstorage,2072,V_570998,4555 South Blvd,Charlotte,NC,28209,35.17976,-80.87452,10x20,10.0,20.0,,200.0,large,151.0,216.0
2026-09-02,publicstorage,2072,V_1530050,4555 South Blvd,Charlotte,NC,28209,35.17976,-80.87452,10x20,10.0,20.0,,200.0,large,151.0,216.0
2026-09-02,publicstorage,2072,V_1506663,4555 South Blvd,Charlotte,NC,28209,35.17976,-80.87452,10x20,10.0,20.0,,200.0,large,175.0,250.0
2026-09-02,publicstorage,2072,V_571003,4555 South Blvd,Charlotte,NC,28209,35.17976,-80.87452,10x25,10.0,25.0,,250.0,large,155.0,207.0
2026-09-02,publicstorage,2072,V_582630,4555 South Blvd,Charlotte,NC,28209,35.17976,-80.87452,10x30,10.0,30.0,,300.0,large,143.0,191.0
2026-09-02,publicstorage,2072,V_582631,4555 South Blvd,Charlotte,NC,28209,35.17976,-80.87452,20x20,20.0,20.0,,400.0,large,224.0,299.0
2026-09-02,publicstorage,2072,V_1493672,4555 South Blvd,Charlotte,NC,28209,35.17976,-80.87452,5x10,5.0,10.0,,50.0,small,41.0,68.0
2026-09-02,publicstorage,2072,V_1493674,4555 South Blvd,Charlotte,NC,28209,35.17976,-80.87452,5x10,5.0,10.0,,50.0,small,46.0,76.0
2026-09-02,publicstorage,2072,V_1567802,4555 South Blvd,Charlotte,NC,28209,35.17976,-80.87452,5x10,5.0,10.0,,50.0,small,58.0,96.0
2026-09-02,publicstorage,2072,V_321950,4555 South Blvd,Charlotte,NC,28209,35.17976,-80.87452,5x5,5.0,5.0,,25.0,small,32.0,54.0
2026-09-02,publicstorage,2072,V_571120,4555 South Blvd,Charlotte,NC,28209,35.17976,-80.87452,5x5,5.0,5.0,,25.0,small,32.0,54.0
2026-09-02,publicstorage,2072,V_1493673,4555 South Blvd,Charlotte,NC,28209,35.17976,-80.87452,5x5,5.0,5.0,,25.0,small,32.0,54.0
2026-09-02,publicstorage,2072,V_1506665,4555 South Blvd,Charlotte,NC,28209,35.17976,-80.87452,5x5,5.0,5.0,,25.0,small,37.0,62.0
2026-09-02,publicstorage,2072,V_1567808,4555 South Blvd,Charlotte,NC,28209,35.17976,-80.87452,6x15,6.0,15.0,,90.0,medium,70.0,116.0
2026-09-02,publicstorage,2120,V_1500467,4715 Park Road,Charlotte,NC,28209,35.16605,-80.84994,10x10,10.0,10.0,,100.0,medium,137.0,182.0
2026-09-02,publicstorage,2120,V_331707,4715 Park Road,Charlotte,NC,28209,35.16605,-80.84994,10x11,10.0,11.0,,110.0,medium,137.0,183.0
2026-09-02,publicstorage,2120,V_1576845,4715 Park Road,Charlotte,NC,28209,35.16605,-80.84994,10x15,10.0,15.0,,150.0,large,176.0,234.0
2026-09-02,publicstorage,2120,V_1675338,4715 Park Road,Charlotte,NC,28209,35.16605,-80.84994,10x20,10.0,20.0,,200.0,large,203.0,270.0
2026-09-02,publicstorage,2120,V_1456053,4715 Park Road,Charlotte,NC,28209,35.16605,-80.84994,4.5x10,4.5,10.0,,45.0,small,56.0,80.0
2026-09-02,publicstorage,2120,V_331726,4715 Park Road,Charlotte,NC,28209,35.16605,-80.84994,7x11,7.0,11.0,,77.0,medium,110.0,146.0
2026-09-02,publicstorage,2441,V_625328,4730 N Tryon St,Charlotte,NC,28213,35.25684,-80.78595,10x10,10.0,10.0,,100.0,medium,58.0,116.0
2026-09-02,publicstorage,2441,V_625327,4730 N Tryon St,Charlotte,NC,28213,35.25684,-80.78595,10x15,10.0,15.0,,150.0,large,79.0,132.0
2026-09-02,publicstorage,2441,V_625329,4730 N Tryon St,Charlotte,NC,28213,35.25684,-80.78595,10x20,10.0,20.0,,200.0,large,106.0,176.0
2026-09-02,publicstorage,2441,V_1423960,4730 N Tryon St,Charlotte,NC,28213,35.25684,-80.78595,10x20,10.0,20.0,,200.0,large,119.0,198.0
2026-09-02,publicstorage,2441,V_1539863,4730 N Tryon St,Charlotte,NC,28213,35.25684,-80.78595,12x28,12.0,28.0,,336.0,large,227.0,303.0
2026-09-02,publicstorage,2441,V_625338,4730 N Tryon St,Charlotte,NC,28213,35.25684,-80.78595,12x28,12.0,28.0,,336.0,large,232.0,309.0
2026-09-02,publicstorage,2441,V_1577807,4730 N Tryon St,Charlotte,NC,28213,35.25684,-80.78595,3x3,3.0,3.0,,9.0,small,21.0,42.0
2026-09-02,publicstorage,2441,V_625326,4730 N Tryon St,Charlotte,NC,28213,35.25684,-80.78595,5x10,5.0,10.0,,50.0,small,40.0,66.0
2026-09-02,publicstorage,2441,V_625332,4730 N Tryon St,Charlotte,NC,28213,35.25684,-80.78595,5x15,5.0,15.0,,75.0,medium,61.0,81.0
2026-09-02,publicstorage,2441,V_625333,4730 N Tryon St,Charlotte,NC,28213,35.25684,-80.78595,5x5,5.0,5.0,,25.0,small,30.0,60.0
2026-09-02,publicstorage,1164,V_586454,5748 N Tryon Street,Charlotte,NC,28213,35.26468,-80.76825,10x10,10.0,10.0,,100.0,medium,56.0,112.0
2026-09-02,publicstorage,1164,V_389390,5748 N Tryon Street,Charlotte,NC,28213,35.26468,-80.76825,10x15,10.0,15.0,,150.0,large,84.0,140.0
2026-09-02,publicstorage,1164,V_1423111,5748 N Tryon Street,Charlotte,NC,28213,35.26468,-80.76825,10x20,10.0,20.0,,200.0,large,139.0,232.0
2026-09-02,publicstorage,1164,V_1518027,5748 N Tryon Street,Charlotte,NC,28213,35.26468,-80.76825,10x20,10.0,20.0,,200.0,parking,70.0,116.0
2026-09-02,publicstorage,1164,V_579483,5748 N Tryon Street,Charlotte,NC,28213,35.26468,-80.76825,10x30,10.0,30.0,,300.0,large,136.0,226.0
2026-09-02,publicstorage,1164,V_583663,5748 N Tryon Street,Charlotte,NC,28213,35.26468,-80.76825,30x30,30.0,30.0,,900.0,large,495.0,660.0
2026-09-02,publicstorage,1164,V_586455,5748 N Tryon Street,Charlotte,NC,28213,35.26468,-80.76825,5x10,5.0,10.0,,50.0,small,37.0,74.0
2026-09-02,publicstorage,1164,V_188108,5748 N Tryon Street,Charlotte,NC,28213,35.26468,-80.76825,5x15,5.0,15.0,,75.0,medium,67.0,89.0
2026-09-02,publicstorage,1164,V_356673,5748 N Tryon Street,Charlotte,NC,28213,35.26468,-80.76825,5x20,5.0,20.0,,100.0,medium,61.0,122.0
2026-09-02,publicstorage,1164,V_1577824,5748 N Tryon Street,Charlotte,NC,28213,35.26468,-80.76825,5x5,5.0,5.0,,25.0,small,19.0,32.0
2026-09-02,publicstorage,1164,V_188111,5748 N Tryon Street,Charlotte,NC,28213,35.26468,-80.76825,5x5,5.0,5.0,,25.0,small,22.0,36.0
2026-09-02,publicstorage,2333,V_1575648,5607 S Tryon St,Charlotte,NC,28217,35.16988,-80.90249,10x10,10.0,10.0,,100.0,medium,59.0,98.0
2026-09-02,publicstorage,2333,V_1575647,5607 S Tryon St,Charlotte,NC,28217,35.16988,-80.90249,10x12,10.0,12.0,,120.0,medium,76.0,126.0
2026-09-02,publicstorage,2333,V_1500416,5607 S Tryon St,Charlotte,NC,28217,35.16988,-80.90249,10x12,10.0,12.0,,120.0,medium,77.0,128.0
2026-09-02,publicstorage,2333,V_1575651,5607 S Tryon St,Charlotte,NC,28217,35.16988,-80.90249,10x15,10.0,15.0,,150.0,large,78.0,130.0
2026-09-02,publicstorage,2333,V_1500417,5607 S Tryon St,Charlotte,NC,28217,35.16988,-80.90249,10x15,10.0,15.0,,150.0,large,91.0,152.0
2026-09-02,publicstorage,2333,V_1575650,5607 S Tryon St,Charlotte,NC,28217,35.16988,-80.90249,10x20,10.0,20.0,,200.0,large,162.0,216.0
2026-09-02,publicstorage,2333,V_1538112,5607 S Tryon St,Charlotte,NC,28217,35.16988,-80.90249,10x25,10.0,25.0,,250.0,large,232.0,309.0
2026-09-02,publicstorage,2333,V_1538107,5607 S Tryon St,Charlotte,NC,28217,35.16988,-80.90249,10x30,10.0,30.0,,300.0,large,231.0,308.0
2026-09-02,publicstorage,2333,V_1538110,5607 S Tryon St,Charlotte,NC,28217,35.16988,-80.90249,4x5,4.0,5.0,,20.0,small,45.0,60.0
2026-09-02,publicstorage,2333,V_1575649,5607 S Tryon St,Charlotte,NC,28217,35.16988,-80.90249,5x10,5.0,10.0,,50.0,small,43.0,72.0
2026-09-02,publicstorage,2333,V_1500411,5607 S Tryon St,Charlotte,NC,28217,35.16988,-80.90249,5x10,5.0,10.0,,50.0,small,47.0,78.0
2026-09-02,publicstorage,2333,V_1533794,5607 S Tryon St,Charlotte,NC,28217,35.16988,-80.90249,5x10,5.0,10.0,,50.0,small,49.0,82.0
2026-09-02,publicstorage,2333,V_1575644,5607 S Tryon St,Charlotte,NC,28217,35.16988,-80.90249,5x10,5.0,10.0,,50.0,small,52.0,86.0
2026-09-02,publicstorage,2333,V_1575652,5607 S Tryon St,Charlotte,NC,28217,35.16988,-80.90249,5x12,5.0,12.0,,60.0,small,48.0,80.0
2026-09-02,publicstorage,2333,V_1533797,5607 S Tryon St,Charlotte,NC,28217,35.16988,-80.90249,5x5,5.0,5.0,,25.0,small,47.0,63.0
2026-09-02,publicstorage,2333,V_613553,5607 S Tryon St,Charlotte,NC,28217,35.16988,-80.90249,5x7,5.0,7.0,,35.0,small,47.0,62.0
2026-09-02,publicstorage,2333,V_1500423,5607 S Tryon St,Charlotte,NC,28217,35.16988,-80.90249,7x10,7.0,10.0,,70.0,medium,76.0,101.0
2026-09-02,publicstorage,2333,V_1588554,5607 S Tryon St,Charlotte,NC,28217,35.16988,-80.90249,7x10,7.0,10.0,,70.0,medium,85.0,113.0
2026-09-02,publicstorage,2333,V_1588555,5607 S Tryon St,Charlotte,NC,28217,35.16988,-80.90249,7x15,7.0,15.0,,105.0,medium,80.0,134.0
2026-09-04,cubesmart,4962,9fdfd8ed-9da5-46e0-8319-711cd54f01d6,2324 S Point Rd,Belmont,NC,28012,35.18484,-81.02258,10x10,10.0,10.0,8.0,100.0,medium,50.4,84.0
2026-09-04,cubesmart,4962,db5666c9-c91f-4783-ba83-9c4f965682bf,2324 S Point Rd,Belmont,NC,28012,35.18484,-81.02258,10x10,10.0,10.0,8.0,100.0,medium,88.8,148.0
2026-09-04,cubesmart,4962,8fba6f1d-d2d9-4d11-806d-c93f4bc657c4,2324 S Point Rd,Belmont,NC,28012,35.18484,-81.02258,10x15,10.0,15.0,8.0,150.0,medium,113.4,189.0
2026-09-04,cubesmart,4962,e33cacbd-988e-457e-99ba-36f5226f56ba,2324 S Point Rd,Belmont,NC,28012,35.18484,-81.02258,10x15,10.0,15.0,8.0,150.0,medium,79.2,132.0
2026-09-04,cubesmart,4962,ac91ffcc-4d22-48fa-afd0-616657165403,2324 S Point Rd,Belmont,NC,28012,35.18484,-81.02258,10x20,10.0,20.0,8.0,200.0,large,114.6,191.0
2026-09-04,cubesmart,4962,421e4d28-6f6f-41f0-b1f8-11caab3581bd,2324 S Point Rd,Belmont,NC,28012,35.18484,-81.02258,10x20,10.0,20.0,8.0,200.0,large,142.2,237.0
2026-09-04,cubesmart,4962,c20a2124-f4e0-4975-addf-e2bc27fffb46,2324 S Point Rd,Belmont,NC,28012,35.18484,-81.02258,10x30,10.0,30.0,8.0,300.0,large,161.4,269.0
2026-09-04,cubesmart,4962,b49f9c9e-17bb-4d50-a1f5-63973dad7d42,2324 S Point Rd,Belmont,NC,28012,35.18484,-81.02258,15x20,15.0,20.0,8.0,300.0,large,175.8,293.0
2026-09-04,cubesmart,4962,8fd1711a-5060-4813-bf43-69536a016879,2324 S Point Rd,Belmont,NC,28012,35.18484,-81.02258,20 ft,,20.0,,,parking,80.4,134.0
2026-09-04,cubesmart,4962,d1921364-cdf5-4398-bb86-c5d2e7ee6693,2324 S Point Rd,Belmont,NC,28012,35.18484,-81.02258,5x10,5.0,10.0,8.0,50.0,small,27.6,46.0
2026-09-04,cubesmart,4962,056bbbf3-f590-478e-b66b-7d9991295d5b,2324 S Point Rd,Belmont,NC,28012,35.18484,-81.02258,5x10,5.0,10.0,8.0,50.0,small,50.4,84.0
2026-09-04,cubesmart,4962,27305387-0cc0-4d10-a29f-b1286944b917,2324 S Point Rd,Belmont,NC,28012,35.18484,-81.02258,5x5,5.0,5.0,8.0,25.0,small,25.8,43.0
2026-09-04,cubesmart,4962,a81b7e9c-ea9e-48bf-8270-c9cafb01b05b,2324 S Point Rd,Belmont,NC,28012,35.18484,-81.02258,7x10,7.0,10.0,8.0,70.0,small,55.8,93.0
2026-09-04,cubesmart,4962,6495987b-04a4-4b63-97cb-1dfd8bf60548,2324 S Point Rd,Belmont,NC,28012,35.18484,-81.02258,7x10,7.0,10.0,8.0,70.0,small,64.2,107.0
2026-09-04,cubesmart,4962,745f1de6-1ae6-4f38-95ce-7ab1e362ea3f,2324 S Point Rd,Belmont,NC,28012,35.18484,-81.02258,8x10,8.0,10.0,8.0,80.0,medium,35.4,59.0
2026-09-04,cubesmart,400,6c5c05c4-16e3-4276-bb5f-12f0a8c0be1c,5921 Wilkinson Blvd,Belmont,NC,28012,35.24889,-81.0611,10x10,10.0,10.0,8.0,100.0,medium,60.0,80.0
2026-09-04,cubesmart,400,75e2790f-0f12-4f25-b761-dd6ef5bf9fd8,5921 Wilkinson Blvd,Belmont,NC,28012,35.24889,-81.0611,10x10,10.0,10.0,8.0,100.0,medium,84.6,141.0
2026-09-04,cubesmart,400,48a8e1fd-eb77-4e51-a1f1-4440d66dcf35,5921 Wilkinson Blvd,Belmont,NC,28012,35.24889,-81.0611,10x15,10.0,15.0,8.0,150.0,medium,132.6,221.0
2026-09-04,cubesmart,400,941206b2-ef5b-4cd4-9bf3-2ae8cf818509,5921 Wilkinson Blvd,Belmont,NC,28012,35.24889,-81.0611,10x15,10.0,15.0,8.0,150.0,medium,98.4,164.0
2026-09-04,cubesmart,400,97ec4671-9736-45bd-95c4-307848624c9c,5921 Wilkinson Blvd,Belmont,NC,28012,35.24889,-81.0611,10x20,10.0,20.0,8.0,200.0,large,106.5,142.0
2026-09-04,cubesmart,400,2740755f-f646-42ac-9e82-f4f0c97dc1bd,5921 Wilkinson Blvd,Belmont,NC,28012,35.24889,-81.0611,10x20,10.0,20.0,8.0,200.0,large,172.2,287.0
2026-09-04,cubesmart,400,737b59cc-1c06-4a52-8d60-e14e08cc5271,5921 Wilkinson Blvd,Belmont,NC,28012,35.24889,-81.0611,15x20,15.0,20.0,8.0,300.0,large,145.8,243.0
2026-09-04,cubesmart,400,e325f94b-27a2-4894-ba8c-b5f4f041d32d,5921 Wilkinson Blvd,Belmont,NC,28012,35.24889,-81.0611,15x20,15.0,20.0,8.0,300.0,large,189.0,315.0
2026-09-04,cubesmart,400,c9a60b0d-775a-4ef4-9869-1e2da8a2cf58,5921 Wilkinson Blvd,Belmont,NC,28012,35.24889,-81.0611,15x20,15.0,20.0,8.0,300.0,large,189.0,315.0
2026-09-04,cubesmart,400,91d0962b-eba6-479b-8857-ebb323500e76,5921 Wilkinson Blvd,Belmont,NC,28012,35.24889,-81.0611,20 ft,,20.0,,,parking,61.2,102.0
2026-09-04,cubesmart,400,9910976c-bbfd-4e5a-9c22-de2bb0bbf93b,5921 Wilkinson Blvd,Belmont,NC,28012,35.24889,-81.0611,20x20,20.0,20.0,8.0,400.0,large,227.4,379.0
2026-09-04,cubesmart,400,004acb28-2fcc-4008-9aff-6bc3d22e5ed4,5921 Wilkinson Blvd,Belmont,NC,28012,35.24889,-81.0611,5x10,5.0,10.0,8.0,50.0,small,45.0,75.0
2026-09-04,cubesmart,400,b5d765a3-ec5b-45b0-846d-d70e36f01591,5921 Wilkinson Blvd,Belmont,NC,28012,35.24889,-81.0611,5x10,5.0,10.0,8.0,50.0,small,67.2,112.0
2026-09-04,cubesmart,400,4c7626b3-b8dc-4789-a802-cf9fd5a83f2f,5921 Wilkinson Blvd,Belmont,NC,28012,35.24889,-81.0611,5x5,5.0,5.0,8.0,25.0,small,31.2,52.0
2026-09-04,cubesmart,5263,43ab79bf-2da5-4486-8672-43a98315a810,620 Webb Rd,Concord,NC,28025,35.37815,-80.58394,10x10,10.0,10.0,8.0,100.0,medium,57.0,114.0
2026-09-04,cubesmart,5263,01504710-7237-4466-92c0-c6101565447d,620 Webb Rd,Concord,NC,28025,35.37815,-80.58394,10x10,10.0,10.0,8.0,100.0,medium,91.0,182.0
2026-09-04,cubesmart,5263,c2e2b634-01fb-4b13-8cec-63dbd7c53c8a,620 Webb Rd,Concord,NC,28025,35.37815,-80.58394,10x13,10.0,13.0,8.0,130.0,medium,112.5,225.0
2026-09-04,cubesmart,5263,2a908fac-de6d-4de2-91d4-e9017320f60a,620 Webb Rd,Concord,NC,28025,35.37815,-80.58394,10x15,10.0,15.0,8.0,150.0,medium,123.0,246.0
2026-09-04,cubesmart,5263,78a70b0a-4c62-45c7-b5dc-9dddc4e8a99e,620 Webb Rd,Concord,NC,28025,35.37815,-80.58394,10x15,10.0,15.0,8.0,150.0,medium,123.0,246.0
2026-09-04,cubesmart,5263,6e0222cf-15ba-416a-b2c3-04d8e3423cd6,620 Webb Rd,Concord,NC,28025,35.37815,-80.58394,10x15,10.0,15.0,8.0,150.0,medium,80.5,161.0
2026-09-04,cubesmart,5263,7e740b8f-7b9f-49f5-bc4f-705cd760445a,620 Webb Rd,Concord,NC,28025,35.37815,-80.58394,10x20,10.0,20.0,8.0,200.0,large,102.5,205.0
2026-09-04,cubesmart,5263,e5cc71ac-c517-446b-acff-d15790ff9ff5,620 Webb Rd,Concord,NC,28025,35.37815,-80.58394,10x20,10.0,20.0,8.0,200.0,large,155.5,311.0
2026-09-04,cubesmart,5263,73893dd1-c3f2-4119-99a9-0f0321cc6438,620 Webb Rd,Concord,NC,28025,35.37815,-80.58394,10x20,10.0,20.0,8.0,200.0,large,155.5,311.0
2026-09-04,cubesmart,5263,084c537b-a234-40fa-8f7b-f54e7c0115ed,620 Webb Rd,Concord,NC,28025,35.37815,-80.58394,10x25,10.0,25.0,8.0,250.0,large,187.5,375.0
2026-09-04,cubesmart,5263,2a3f02cd-1b24-4a23-b584-b19df481f2ca,620 Webb Rd,Concord,NC,28025,35.37815,-80.58394,10x30,10.0,30.0,8.0,300.0,large,214.5,429.0
2026-09-04,cubesmart,5263,6176d1d8-f5b6-48ad-b121-7305de784a46,620 Webb Rd,Concord,NC,28025,35.37815,-80.58394,40 ft,,40.0,,,parking,69.6,116.0
2026-09-04,cubesmart,5263,ed2b9b5c-60af-4e87-855f-e5bbfa13ea0c,620 Webb Rd,Concord,NC,28025,35.37815,-80.58394,5x10,5.0,10.0,8.0,50.0,small,51.0,102.0
2026-09-04,cubesmart,5263,84c69aee-a7b4-4e06-a7da-68bd9f8365ea,620 Webb Rd,Concord,NC,28025,35.37815,-80.58394,5x10,5.0,10.0,8.0,50.0,small,51.0,102.0
2026-09-04,cubesmart,5263,7db45bb5-0a3f-464e-8fe0-71f4917f1351,620 Webb Rd,Concord,NC,28025,35.37815,-80.58394,5x5,5.0,5.0,8.0,25.0,small,30.5,61.0
2026-09-04,cubesmart,5263,e8aed165-0a3c-431d-a617-36f8036dc4c2,620 Webb Rd,Concord,NC,28025,35.37815,-80.58394,8x10,8.0,10.0,8.0,80.0,medium,76.0,152.0
2026-09-04,cubesmart,3281,ad1b709d-e08e-4548-9f4d-20b1fb6c8895,10921 Bailey Rd,Cornelius,NC,28031,35.46308,-80.85178,10x10,10.0,10.0,8.0,100.0,medium,101.5,203.0
2026-09-04,cubesmart,3281,c7b045d9-fb1b-4f24-a647-0ac3e12499dd,10921 Bailey Rd,Cornelius,NC,28031,35.46308,-80.85178,10x10,10.0,10.0,8.0,100.0,medium,104.0,208.0
2026-09-04,cubesmart,3281,15af0feb-d116-4893-b557-171ce9afc24c,10921 Bailey Rd,Cornelius,NC,28031,35.46308,-80.85178,10x15,10.0,15.0,8.0,150.0,medium,118.95,183.0
2026-09-04,cubesmart,3281,795ef59d-1aee-48ef-890c-805aadb54e7f,10921 Bailey Rd,Cornelius,NC,28031,35.46308,-80.85178,10x15,10.0,15.0,8.0,150.0,medium,121.0,242.0
2026-09-04,cubesmart,3281,0cdea52c-29ce-4313-af67-b72f178a043a,10921 Bailey Rd,Cornelius,NC,28031,35.46308,-80.85178,10x17,10.0,17.0,8.0,170.0,large,130.0,260.0
2026-09-04,cubesmart,3281,301074c7-98d9-4104-b714-a46e782176a4,10921 Bailey Rd,Cornelius,NC,28031,35.46308,-80.85178,10x20,10.0,20.0,8.0,200.0,large,133.5,267.0
2026-09-04,cubesmart,3281,72d38cc1-9671-4714-abdb-a72f6fe9ede0,10921 Bailey Rd,Cornelius,NC,28031,35.46308,-80.85178,10x30,10.0,30.0,8.0,300.0,large,165.1,254.0
2026-09-04,cubesmart,3281,a0b997b9-84ed-4e79-9ed0-ad4614265038,10921 Bailey Rd,Cornelius,NC,28031,35.46308,-80.85178,15x20,15.0,20.0,8.0,300.0,large,189.0,378.0
2026-09-04,cubesmart,3281,333255a9-aaf8-4a01-9da4-e7aca4a18780,10921 Bailey Rd,Cornelius,NC,28031,35.46308,-80.85178,20 ft,,20.0,,,parking,55.8,93.0
2026-09-04,cubesmart,3281,3059e7c0-610d-4917-9bac-b035b4a76ea3,10921 Bailey Rd,Cornelius,NC,28031,35.46308,-80.85178,25 ft,,25.0,,,parking,61.8,103.0
2026-09-04,cubesmart,3281,124c75f5-6540-4a82-b3fa-4ff1f699c00b,10921 Bailey Rd,Cornelius,NC,28031,35.46308,-80.85178,30 ft,,30.0,,,parking,65.4,109.0
2026-09-04,cubesmart,3281,693a59d2-ffb3-4148-8ff1-cf044e4b4cc8,10921 Bailey Rd,Cornelius,NC,28031,35.46308,-80.85178,40 ft,,40.0,,,parking,76.8,128.0
2026-09-04,cubesmart,3281,bfd000ff-530f-4861-b3cc-416b119f9726,10921 Bailey Rd,Cornelius,NC,28031,35.46308,-80.85178,5x10,5.0,10.0,8.0,50.0,small,41.0,82.0
2026-09-04,cubesmart,3281,bb320edb-2e6c-43d0-82ca-34f08d3dc1b7,10921 Bailey Rd,Cornelius,NC,28031,35.46308,-80.85178,5x10,5.0,10.0,8.0,50.0,small,41.0,82.0
2026-09-04,cubesmart,3281,7835d1ea-7fed-45c9-bfb9-492cac43f5a4,10921 Bailey Rd,Cornelius,NC,28031,35.46308,-80.85178,5x10,5.0,10.0,8.0,50.0,small,68.5,137.0
2026-09-04,cubesmart,3281,7e2298a7-f231-404f-b94c-0eb50df87bf8,10921 Bailey Rd,Cornelius,NC,28031,35.46308,-80.85178,5x10,5.0,10.0,8.0,50.0,small,68.5,137.0
2026-09-04,cubesmart,3281,1861c868-9379-42ff-ad47-610eb301882d,10921 Bailey Rd,Cornelius,NC,28031,35.46308,-80.85178,5x5,5.0,5.0,8.0,25.0,small,26.5,53.0
2026-09-04,cubesmart,3281,19799cb9-3860-4e86-87b7-8258ed328bc9,10921 Bailey Rd,Cornelius,NC,28031,35.46308,-80.85178,5x5,5.0,5.0,8.0,25.0,small,32.0,64.0
2026-09-04,cubesmart,3032,def5e8fc-2f14-4d84-9d66-b839127f257d,1105 Waxhaw Indian Trail Rd,Indian Trail,NC,28079,35.06715,-80.67944,10x10,10.0,10.0,8.0,100.0,medium,51.0,102.0
2026-09-04,cubesmart,3032,74bf53eb-fad9-4fe1-9ec4-8d59d9059a9d,1105 Waxhaw Indian Trail Rd,Indian Trail,NC,28079,35.06715,-80.67944,10x15,10.0,15.0,8.0,150.0,medium,61.0,122.0
2026-09-04,cubesmart,3032,bbd01532-c511-434c-bd11-dba09d3f2f55,1105 Waxhaw Indian Trail Rd,Indian Trail,NC,28079,35.06715,-80.67944,10x15,10.0,15.0,8.0,150.0,medium,62.5,125.0
2026-09-04,cubesmart,3032,e3dc5ee2-7ef6-4cfe-8d3b-530d0adacbe4,1105 Waxhaw Indian Trail Rd,Indian Trail,NC,28079,35.06715,-80.67944,10x20,10.0,20.0,10.0,200.0,large,80.5,161.0
2026-09-04,cubesmart,3032,3082e108-8908-467a-a839-e48e98379212,1105 Waxhaw Indian Trail Rd,Indian Trail,NC,28079,35.06715,-80.67944,10x20,10.0,20.0,8.0,200.0,large,82.0,164.0
2026-09-04,cubesmart,3032,db9faada-3155-4e2a-a9be-e920c992a4eb,1105 Waxhaw Indian Trail Rd,Indian Trail,NC,28079,35.06715,-80.67944,10x30,10.0,30.0,8.0,300.0,large,151.5,303.0
2026-09-04,cubesmart,3032,a6ab561f-e789-4dea-ad94-5877e516069e,1105 Waxhaw Indian Trail Rd,Indian Trail,NC,28079,35.06715,-80.67944,10x35,10.0,35.0,8.0,350.0,large,212.5,425.0
2026-09-04,cubesmart,3032,f9560802-c771-4a09-a136-16da059f2f7d,1105 Waxhaw Indian Trail Rd,Indian Trail,NC,28079,35.06715,-80.67944,20 ft,,20.0,,,parking,132.6,221.0
2026-09-04,cubesmart,3032,cbf28230-ce8f-42d4-8af2-ac90af6a9306,1105 Waxhaw Indian Trail Rd,Indian Trail,NC,28079,35.06715,-80.67944,20x20,20.0,20.0,8.0,400.0,large,236.0,472.0
2026-09-04,cubesmart,3032,38e635c7-fbc1-4442-b205-76d036b86b3b,1105 Waxhaw Indian Trail Rd,Indian Trail,NC,28079,35.06715,-80.67944,25 ft,,25.0,,,parking,129.6,216.0
2026-09-04,cubesmart,3032,ad7e7a7c-5635-4104-8a5f-b4b3a913b2f8,1105 Waxhaw Indian Trail Rd,Indian Trail,NC,28079,35.06715,-80.67944,30 ft,,30.0,,,parking,131.4,219.0
2026-09-04,cubesmart,3032,170ddad7-2fab-4e74-9189-b2bbb0fca51a,1105 Waxhaw Indian Trail Rd,Indian Trail,NC,28079,35.06715,-80.67944,40 ft,,40.0,,,parking,163.2,272.0
2026-09-04,cubesmart,3032,6f4d20f1-d08c-4d45-b5f6-2c21a41cb5cd,1105 Waxhaw Indian Trail Rd,Indian Trail,NC,28079,35.06715,-80.67944,5x10,5.0,10.0,8.0,50.0,small,27.0,54.0
2026-09-04,cubesmart,3032,f6f8f3b9-260f-482f-b93b-e812ac91bd77,1105 Waxhaw Indian Trail Rd,Indian Trail,NC,28079,35.06715,-80.67944,5x10,5.0,10.0,8.0,50.0,small,27.0,54.0
2026-09-04,cubesmart,3032,253d2140-8475-4e9d-a4af-f18283eff955,1105 Waxhaw Indian Trail Rd,Indian Trail,NC,28079,35.06715,-80.67944,5x15,5.0,15.0,8.0,75.0,small,34.5,69.0
2026-09-04,cubesmart,3032,6efbaf75-26bd-4cd2-bf7f-84955552af81,1105 Waxhaw Indian Trail Rd,Indian Trail,NC,28079,35.06715,-80.67944,5x5,5.0,5.0,8.0,25.0,small,15.5,31.0
2026-09-04,cubesmart,3032,970c3799-9b55-4c02-8716-130d3e0a7427,1105 Waxhaw Indian Trail Rd,Indian Trail,NC,28079,35.06715,-80.67944,5x7.5,5.0,7.5,10.0,37.5,small,17.0,34.0
2026-09-04,cubesmart,3032,bce0e4a6-a657-4440-a94c-9bc97573c4bf,1105 Waxhaw Indian Trail Rd,Indian Trail,NC,28079,35.06715,-80.67944,5x7.5,5.0,7.5,10.0,37.5,small,22.0,44.0
2026-09-04,cubesmart,3032,4eb40c4a-f3f5-464f-b092-c439869f8216,1105 Waxhaw Indian Trail Rd,Indian Trail,NC,28079,35.06715,-80.67944,7.5x10,7.5,10.0,10.0,75.0,small,31.5,63.0
2026-09-04,cubesmart,3282,6b9ccc50-d9f5-4c8d-94f8-3c1c98eb3bcc,12710 Lancaster Hwy,Pineville,NC,28134,35.06947,-80.87911,10x10,10.0,10.0,8.0,100.0,medium,52.65,81.0
2026-09-04,cubesmart,3282,2d10089b-0125-45ea-b165-3157a82e9242,12710 Lancaster Hwy,Pineville,NC,28134,35.06947,-80.87911,10x15,10.0,15.0,8.0,150.0,medium,100.5,201.0
2026-09-04,cubesmart,3282,b12d342f-a784-4aa3-a4fd-65f68cab613c,12710 Lancaster Hwy,Pineville,NC,28134,35.06947,-80.87911,10x20,10.0,20.0,8.0,200.0,large,250.0,500.0
2026-09-04,cubesmart,3282,8824bfa5-1c39-4dd0-b516-345774c09ebb,12710 Lancaster Hwy,Pineville,NC,28134,35.06947,-80.87911,10x20,10.0,20.0,8.0,200.0,large,282.5,565.0
2026-09-04,cubesmart,3282,0e5f6188-cbf4-4546-81a7-8dd00020a25a,12710 Lancaster Hwy,Pineville,NC,28134,35.06947,-80.87911,10x25,10.0,25.0,8.0,250.0,large,163.5,327.0
2026-09-04,cubesmart,3282,8c64fe6a-bc29-4e4c-be19-9472eae26b27,12710 Lancaster Hwy,Pineville,NC,28134,35.06947,-80.87911,10x30,10.0,30.0,8.0,300.0,large,471.5,943.0
2026-09-04,cubesmart,3282,e4c126be-fc66-4519-8301-2dd6c42d7abb,12710 Lancaster Hwy,Pineville,NC,28134,35.06947,-80.87911,20 ft,,20.0,,,parking,91.2,152.0
2026-09-04,cubesmart,3282,c80d6ecd-8bec-454b-888d-8936925ae0b1,12710 Lancaster Hwy,Pineville,NC,28134,35.06947,-80.87911,30 ft,,30.0,,,parking,87.6,146.0
2026-09-04,cubesmart,3282,f773324c-cbc9-45f2-aa6d-bb0b09fa29d5,12710 Lancaster Hwy,Pineville,NC,28134,35.06947,-80.87911,40 ft,,40.0,,,parking,118.8,198.0
2026-09-04,cubesmart,3282,9bfbadb1-8a7e-4e99-afbe-c2e1e616e58a,12710 Lancaster Hwy,Pineville,NC,28134,35.06947,-80.87911,5x10,5.0,10.0,8.0,50.0,small,26.5,53.0
2026-09-04,cubesmart,3282,5e8c84d6-eae3-448b-8804-beaf4ef05166,12710 Lancaster Hwy,Pineville,NC,28134,35.06947,-80.87911,5x10,5.0,10.0,8.0,50.0,small,53.3,82.0
2026-09-04,cubesmart,3282,d5ffb3ff-054d-42e7-b8b7-e56c7001e4db,12710 Lancaster Hwy,Pineville,NC,28134,35.06947,-80.87911,5x5,5.0,5.0,8.0,25.0,small,16.5,33.0
2026-09-04,cubesmart,4308,cbcf9401-203b-45de-a10d-92b1ce94ba88,13402 Lancaster Hwy,Pineville,NC,28134,35.06116,-80.87708,1.5x2,1.5,2.0,8.0,3.0,small,26.0,
2026-09-04,cubesmart,4308,5a0bf2cd-fedd-4396-8e08-edb0c7be10de,13402 Lancaster Hwy,Pineville,NC,28134,35.06116,-80.87708,10x10,10.0,10.0,8.0,100.0,medium,116.4,194.0
2026-09-04,cubesmart,4308,e26e91a9-0f2a-45d4-bf15-1bc2d61a6dec,13402 Lancaster Hwy,Pineville,NC,28134,35.06116,-80.87708,10x10,10.0,10.0,8.0,100.0,medium,98.4,164.0
2026-09-04,cubesmart,4308,468a9f0b-09c9-426b-8773-baceef3b9eb6,13402 Lancaster Hwy,Pineville,NC,28134,35.06116,-80.87708,10x15,10.0,15.0,8.0,150.0,medium,130.8,218.0
2026-09-04,cubesmart,4308,80d4d15a-5f6e-4b98-a6bd-9ceaecb435cf,13402 Lancaster Hwy,Pineville,NC,28134,35.06116,-80.87708,10x15,10.0,15.0,8.0,150.0,medium,131.4,219.0
2026-09-04,cubesmart,4308,ad6eb9c9-3db7-4be8-877c-5d296b1f6785,13402 Lancaster Hwy,Pineville,NC,28134,35.06116,-80.87708,10x15,10.0,15.0,8.0,150.0,medium,139.2,232.0
2026-09-04,cubesmart,4308,73052279-68b3-4d6d-ae2b-221396435b55,13402 Lancaster Hwy,Pineville,NC,28134,35.06116,-80.87708,10x20,10.0,20.0,8.0,200.0,large,210.0,350.0
2026-09-04,cubesmart,4308,0e44ea64-3e8d-45bb-af57-6b9b71d4fdd9,13402 Lancaster Hwy,Pineville,NC,28134,35.06116,-80.87708,5x15,5.0,15.0,8.0,75.0,small,69.0,115.0
2026-09-04,cubesmart,4308,0fd3e866-0abb-47ab-8870-5012d8e12199,13402 Lancaster Hwy,Pineville,NC,28134,35.06116,-80.87708,9x20,9.0,20.0,8.0,180.0,large,176.4,294.0
2026-09-04,cubesmart,4308,f05448ff-6ddc-486c-bbd7-fcd67458160b,13402 Lancaster Hwy,Pineville,NC,28134,35.06116,-80.87708,9x20,9.0,20.0,8.0,180.0,large,206.4,344.0
2026-09-04,cubesmart,4428,977a8b19-95d1-438d-9f47-fc2b45398428,2701 S Tryon St,Charlotte,NC,28203,35.2044,-80.86998,10x10,10.0,10.0,8.0,100.0,medium,80.0,160.0
2026-09-04,cubesmart,4428,3cc2ebb0-1eab-473c-99b4-2a97ae7d0bd8,2701 S Tryon St,Charlotte,NC,28203,35.2044,-80.86998,10x15,10.0,15.0,8.0,150.0,medium,102.5,205.0
2026-09-04,cubesmart,4428,7ba0e105-130b-4e8b-8dea-53e5c92062d3,2701 S Tryon St,Charlotte,NC,28203,35.2044,-80.86998,10x20,10.0,20.0,8.0,200.0,large,154.0,308.0
2026-09-04,cubesmart,4428,310f95e2-990c-4ff6-af50-03d49bc7b20b,2701 S Tryon St,Charlotte,NC,28203,35.2044,-80.86998,15x20,15.0,20.0,8.0,300.0,large,293.0,586.0
2026-09-04,cubesmart,4428,483456fc-b2c6-4ed6-83cd-5eb29b472426,2701 S Tryon St,Charlotte,NC,28203,35.2044,-80.86998,1x2,1.0,2.0,4.0,2.0,small,23.0,
2026-09-04,cubesmart,4428,461a8ad6-8bd9-45e7-90c1-dc192711868d,2701 S Tryon St,Charlotte,NC,28203,35.2044,-80.86998,2x2,2.0,2.0,4.0,4.0,small,34.0,
2026-09-04,cubesmart,4428,2f0031a9-5213-47fc-a23d-0b0bf8ad863b,2701 S Tryon St,Charlotte,NC,28203,35.2044,-80.86998,2x3,2.0,3.0,4.0,6.0,small,43.0,
2026-09-04,cubesmart,4428,e03604e9-f76d-44ee-b8e8-4355d5167d58,2701 S Tryon St,Charlotte,NC,28203,35.2044,-80.86998,3x3,3.0,3.0,4.0,9.0,small,50.0,
2026-09-04,cubesmart,4428,d8bf0bfd-f8a4-4f39-abb7-885d7dbfbd0b,2701 S Tryon St,Charlotte,NC,28203,35.2044,-80.86998,5x10,5.0,10.0,8.0,50.0,small,47.45,73.0
2026-09-04,cubesmart,4428,3960a3d1-5ffa-4f27-8317-1be197ff9d0f,2701 S Tryon St,Charlotte,NC,28203,35.2044,-80.86998,5x5,5.0,5.0,8.0,25.0,small,29.0,58.0
2026-09-04,cubesmart,3829,c3a8de7f-d243-44b7-9a13-d99c0a27ca0f,2908 Monroe Rd,Charlotte,NC,28205,35.20391,-80.80577,10x10,10.0,10.0,8.0,100.0,medium,130.5,261.0
2026-09-04,cubesmart,3829,d14a4b14-0961-4d00-ba71-33d8104836bf,2908 Monroe Rd,Charlotte,NC,28205,35.20391,-80.80577,10x11,10.0,11.0,8.0,110.0,medium,140.0,280.0
2026-09-04,cubesmart,3829,a42425af-6f19-4326-809b-cc1676371096,2908 Monroe Rd,Charlotte,NC,28205,35.20391,-80.80577,10x15,10.0,15.0,8.0,150.0,medium,177.0,354.0
2026-09-04,cubesmart,3829,3245ac03-8737-44a1-9e4a-5e40f1763efe,2908 Monroe Rd,Charlotte,NC,28205,35.20391,-80.80577,10x15,10.0,15.0,8.0,150.0,medium,276.25,425.0
2026-09-04,cubesmart,3829,9ade5594-7b72-4dca-8cd1-a3e520c3b96f,2908 Monroe Rd,Charlotte,NC,28205,35.20391,-80.80577,10x16,10.0,16.0,8.0,160.0,large,225.0,450.0
2026-09-04,cubesmart,3829,f6978253-9401-4ca3-9525-bb486fb22762,2908 Monroe Rd,Charlotte,NC,28205,35.20391,-80.80577,10x19,10.0,19.0,8.0,190.0,large,218.5,437.0
2026-09-04,cubesmart,3829,a14fc35b-954a-496b-b8f8-e6d9da4ca0f3,2908 Monroe Rd,Charlotte,NC,28205,35.20391,-80.80577,10x20,10.0,20.0,8.0,200.0,large,282.75,435.0
2026-09-04,cubesmart,3829,cc8a1100-6e0c-4541-8d24-75f84543d711,2908 Monroe Rd,Charlotte,NC,28205,35.20391,-80.80577,10x22,10.0,22.0,8.0,220.0,large,253.0,506.0
2026-09-04,cubesmart,3829,60888e44-b4d4-42b3-9fb9-140c95bcde71,2908 Monroe Rd,Charlotte,NC,28205,35.20391,-80.80577,10x30,10.0,30.0,8.0,300.0,large,429.0,858.0
2026-09-04,cubesmart,3829,f25fc83f-71c5-40ef-babb-b6264e8353e6,2908 Monroe Rd,Charlotte,NC,28205,35.20391,-80.80577,12x13,12.0,13.0,8.0,156.0,large,187.5,375.0
2026-09-04,cubesmart,3829,bfc7f016-e99c-4c89-abe7-665b449ef859,2908 Monroe Rd,Charlotte,NC,28205,35.20391,-80.80577,4x6,4.0,6.0,8.0,24.0,small,41.5,83.0
2026-09-04,cubesmart,3829,d47571cb-5eca-4934-b0b0-32ffbe936834,2908 Monroe Rd,Charlotte,NC,28205,35.20391,-80.80577,5x10,5.0,10.0,8.0,50.0,small,75.0,150.0
2026-09-04,cubesmart,3829,b4477e7e-337b-4b6d-85a3-fff67c3f54de,2908 Monroe Rd,Charlotte,NC,28205,35.20391,-80.80577,5x15,5.0,15.0,8.0,75.0,small,86.5,173.0
2026-09-04,cubesmart,3829,7cccc7ca-1a90-4760-9c12-ba9b9231de55,2908 Monroe Rd,Charlotte,NC,28205,35.20391,-80.80577,5x5,5.0,5.0,4.0,25.0,small,29.0,58.0
2026-09-04,cubesmart,3829,b9bef006-0e1d-48b9-82f4-9da20312bc6c,2908 Monroe Rd,Charlotte,NC,28205,35.20391,-80.80577,5x5,5.0,5.0,8.0,25.0,small,33.8,52.0
2026-09-04,cubesmart,3829,b789c1aa-a31e-4a25-99e0-4d37e0f997c6,2908 Monroe Rd,Charlotte,NC,28205,35.20391,-80.80577,5x5,5.0,5.0,8.0,25.0,small,50.5,101.0
2026-09-04,cubesmart,3829,ac305b26-b521-4dce-8c2a-bbd5103988c0,2908 Monroe Rd,Charlotte,NC,28205,35.20391,-80.80577,7.5x10,7.5,10.0,8.0,75.0,small,83.85,129.0
2026-09-04,cubesmart,3829,c9b36bd5-a016-4293-b1c9-c43b05c0a123,2908 Monroe Rd,Charlotte,NC,28205,35.20391,-80.80577,7.5x10,7.5,10.0,8.0,75.0,small,85.5,171.0
2026-09-04,cubesmart,3829,c3c5b0b5-85d4-48de-bb7e-7559725a2cc1,2908 Monroe Rd,Charlotte,NC,28205,35.20391,-80.80577,7.5x10,7.5,10.0,8.0,75.0,small,86.5,173.0
2026-09-04,cubesmart,3829,aabda7f4-1712-4edf-8ac9-5b59bb0c014d,2908 Monroe Rd,Charlotte,NC,28205,35.20391,-80.80577,7x7,7.0,7.0,8.0,49.0,small,66.5,133.0
2026-09-04,cubesmart,4144,3460b275-5f74-4ad0-b421-741a8353d9e1,1451 Bryant St,Charlotte,NC,28208,35.22733,-80.86679,10x10,10.0,10.0,8.0,100.0,medium,81.0,135.0
2026-09-04,cubesmart,4144,35240ecd-26ec-48f1-94a4-eef506cd53de,1451 Bryant St,Charlotte,NC,28208,35.22733,-80.86679,10x15,10.0,15.0,8.0,150.0,medium,112.5,150.0
2026-09-04,cubesmart,4144,125484d1-f935-457c-b3fa-07b5e278eb1f,1451 Bryant St,Charlotte,NC,28208,35.22733,-80.86679,10x20,10.0,20.0,,200.0,parking,79.2,132.0
2026-09-04,cubesmart,4144,74f88d2c-ae3c-4695-a791-d04f0919778f,1451 Bryant St,Charlotte,NC,28208,35.22733,-80.86679,10x40,10.0,40.0,,400.0,parking,154.8,258.0
2026-09-04,cubesmart,4144,48611996-abba-40cd-bbb9-470652874a37,1451 Bryant St,Charlotte,NC,28208,35.22733,-80.86679,20x40,20.0,40.0,,800.0,parking,314.4,524.0
2026-09-04,cubesmart,4144,4fa1cf00-fd75-4165-bcae-50217884bc09,1451 Bryant St,Charlotte,NC,28208,35.22733,-80.86679,5x10,5.0,10.0,8.0,50.0,small,60.0,100.0
2026-09-04,cubesmart,4144,8b3b839c-3c9d-464c-bc7b-e7c037f0fc0a,1451 Bryant St,Charlotte,NC,28208,35.22733,-80.86679,5x10,5.0,10.0,8.0,50.0,small,60.0,100.0
2026-09-04,cubesmart,4144,1185e551-ce0c-4747-b8dd-bdba9d5c36da,1451 Bryant St,Charlotte,NC,28208,35.22733,-80.86679,5x5,5.0,5.0,8.0,25.0,small,28.8,48.0
2026-09-04,cubesmart,4144,e3b4ec39-5baa-4553-bd04-5ab651ee6e7e,1451 Bryant St,Charlotte,NC,28208,35.22733,-80.86679,5x7.5,5.0,7.5,8.0,37.5,small,36.0,60.0
2026-09-04,cubesmart,4144,9b18357b-0d8e-48f7-a287-5a32afbe958f,1451 Bryant St,Charlotte,NC,28208,35.22733,-80.86679,7.5x10,7.5,10.0,8.0,75.0,small,63.0,84.0
2026-09-04,cubesmart,4169,0d16dd1a-2375-4b96-be7e-37b710f288ae,2010 Rocky River Rd,Charlotte,NC,28213,35.2765,-80.72883,10x10,10.0,10.0,8.0,100.0,medium,107.25,143.0
2026-09-04,cubesmart,4169,5b26770e-602b-4c28-9f03-284548f5fc3c,2010 Rocky River Rd,Charlotte,NC,28213,35.2765,-80.72883,10x15,10.0,15.0,8.0,150.0,medium,165.0,220.0
2026-09-04,cubesmart,4169,f607d65d-ab38-4dc6-9047-022b2de02cc7,2010 Rocky River Rd,Charlotte,NC,28213,35.2765,-80.72883,10x15,10.0,15.0,8.0,150.0,medium,206.4,344.0
2026-09-04,cubesmart,4169,261a1558-3d5e-43ce-a047-822ae069a602,2010 Rocky River Rd,Charlotte,NC,28213,35.2765,-80.72883,10x20,10.0,20.0,8.0,200.0,large,196.8,328.0
2026-09-04,cubesmart,4169,aa92ef81-530c-4a0f-af80-fef30d00bd0f,2010 Rocky River Rd,Charlotte,NC,28213,35.2765,-80.72883,10x20,10.0,20.0,8.0,200.0,large,221.4,369.0
2026-09-04,cubesmart,4169,acbd198f-a30d-4dbb-8fe0-7e67ed20df87,2010 Rocky River Rd,Charlotte,NC,28213,35.2765,-80.72883,10x25,10.0,25.0,8.0,250.0,large,363.0,484.0
2026-09-04,cubesmart,4169,34dca779-8fb1-41f7-a82c-72721f840365,2010 Rocky River Rd,Charlotte,NC,28213,35.2765,-80.72883,15x20,15.0,20.0,8.0,300.0,large,334.8,558.0
2026-09-04,cubesmart,4169,bfd04579-fa68-40e3-b9d6-09c75070ffa0,2010 Rocky River Rd,Charlotte,NC,28213,35.2765,-80.72883,2x3,2.0,3.0,8.0,6.0,small,47.6,56.0
2026-09-04,cubesmart,4169,ad75b778-2be9-4bbf-9538-bdb654dfb6ce,2010 Rocky River Rd,Charlotte,NC,28213,35.2765,-80.72883,3x3,3.0,3.0,8.0,9.0,small,53.55,63.0
2026-09-04,cubesmart,4169,f3fd6897-472e-41f5-8008-6a909ff1af66,2010 Rocky River Rd,Charlotte,NC,28213,35.2765,-80.72883,3x6,3.0,6.0,8.0,18.0,small,109.65,129.0
2026-09-04,cubesmart,4169,46d64d95-fd4b-42df-9259-445437d37334,2010 Rocky River Rd,Charlotte,NC,28213,35.2765,-80.72883,5x5,5.0,5.0,8.0,25.0,small,37.2,62.0
2026-09-04,cubesmart,4169,452aefed-d35a-48e7-acc1-d8daa6b1c019,2010 Rocky River Rd,Charlotte,NC,28213,35.2765,-80.72883,5x5,5.0,5.0,8.0,25.0,small,43.8,73.0
2026-09-04,cubesmart,4169,872de6d8-612b-40d0-813a-82f1bc74e2d6,2010 Rocky River Rd,Charlotte,NC,28213,35.2765,-80.72883,5x8,5.0,8.0,8.0,40.0,small,65.4,109.0
2026-09-04,cubesmart,4515,a1cf2f39-654c-494c-9b3b-e0f79baab04d,10609 Johnston Rd,Charlotte,NC,28226,35.08881,-80.85304,10x10,10.0,10.0,8.0,100.0,medium,121.0,242.0
2026-09-04,cubesmart,4515,9ab2de07-800b-4138-80fd-7c85adb683ab,10609 Johnston Rd,Charlotte,NC,28226,35.08881,-80.85304,10x10,10.0,10.0,8.0,100.0,medium,138.0,276.0
2026-09-04,cubesmart,4515,e9e9ca3f-65f8-43aa-8a6e-ee08a06426e5,10609 Johnston Rd,Charlotte,NC,28226,35.08881,-80.85304,10x12,10.0,12.0,8.0,120.0,medium,126.0,252.0
2026-09-04,cubesmart,4515,9a9ee237-c969-41e9-ab15-d36f35b08221,10609 Johnston Rd,Charlotte,NC,28226,35.08881,-80.85304,10x12,10.0,12.0,8.0,120.0,medium,137.0,274.0
2026-09-04,cubesmart,4515,6853fe03-0027-4c04-b26b-673c71b536ca,10609 Johnston Rd,Charlotte,NC,28226,35.08881,-80.85304,10x15,10.0,15.0,8.0,150.0,medium,152.0,304.0
2026-09-04,cubesmart,4515,028771ba-00b2-4919-a797-218a409ede11,10609 Johnston Rd,Charlotte,NC,28226,35.08881,-80.85304,10x15,10.0,15.0,8.0,150.0,medium,164.5,329.0
2026-09-04,cubesmart,4515,f6a4e89f-4a9a-459d-8d0e-04888e20b538,10609 Johnston Rd,Charlotte,NC,28226,35.08881,-80.85304,10x15,10.0,15.0,8.0,150.0,medium,204.5,409.0
2026-09-04,cubesmart,4515,0521c2b0-046e-44d5-959f-fb8868689672,10609 Johnston Rd,Charlotte,NC,28226,35.08881,-80.85304,10x18,10.0,18.0,8.0,180.0,large,177.5,355.0
2026-09-04,cubesmart,4515,6609e23d-560e-4140-bbc8-c2d61c7c5be6,10609 Johnston Rd,Charlotte,NC,28226,35.08881,-80.85304,10x20,10.0,20.0,8.0,200.0,large,173.55,267.0
2026-09-04,cubesmart,4515,a46323f4-d6fd-42f7-bfa5-056cbffec40a,10609 Johnston Rd,Charlotte,NC,28226,35.08881,-80.85304,10x25,10.0,25.0,8.0,250.0,large,180.7,278.0
2026-09-04,cubesmart,4515,bab2b7b5-0024-449a-b4ff-d5223d65a6f8,10609 Johnston Rd,Charlotte,NC,28226,35.08881,-80.85304,10x30,10.0,30.0,8.0,300.0,large,249.0,498.0
2026-09-04,cubesmart,4515,82822503-7b43-4fc8-a399-8d5014f29553,10609 Johnston Rd,Charlotte,NC,28226,35.08881,-80.85304,5x10,5.0,10.0,8.0,50.0,small,57.85,89.0
2026-09-04,cubesmart,4515,1b1c48c5-6090-4cf0-897f-94a9500e5ed6,10609 Johnston Rd,Charlotte,NC,28226,35.08881,-80.85304,5x10,5.0,10.0,8.0,50.0,small,69.5,139.0
2026-09-04,cubesmart,4515,529ff118-7ef3-40a1-8aa6-1d03c08cac31,10609 Johnston Rd,Charlotte,NC,28226,35.08881,-80.85304,5x15,5.0,15.0,8.0,75.0,small,74.1,114.0
2026-09-04,cubesmart,4515,5588b100-7a64-441a-b94e-db4d07e05c9f,10609 Johnston Rd,Charlotte,NC,28226,35.08881,-80.85304,5x5,5.0,5.0,8.0,25.0,small,28.0,56.0
2026-09-04,cubesmart,4515,d7a451d0-cf67-416f-b889-a305e13b563d,10609 Johnston Rd,Charlotte,NC,28226,35.08881,-80.85304,7x10,7.0,10.0,8.0,70.0,small,75.0,150.0
2026-09-04,cubesmart,4515,d68131fc-9714-48ee-be76-e65998e90158,10609 Johnston Rd,Charlotte,NC,28226,35.08881,-80.85304,7x8,7.0,8.0,8.0,56.0,small,72.5,145.0
2026-09-04,cubesmart,2668,79042368-c806-480e-a0f9-9122ec8b3120,7043 E Independence Blvd,Charlotte,NC,28227,35.16508,-80.74081,10x10,10.0,10.0,8.0,100.0,medium,46.2,77.0
2026-09-04,cubesmart,2668,1bb8c304-288d-4043-b323-e28134e4a513,7043 E Independence Blvd,Charlotte,NC,28227,35.16508,-80.74081,10x15,10.0,15.0,8.0,150.0,medium,108.0,180.0
2026-09-04,cubesmart,2668,e2f69298-54ba-4e33-8f20-e3e67115b033,7043 E Independence Blvd,Charlotte,NC,28227,35.16508,-80.74081,10x20,10.0,20.0,8.0,200.0,large,114.6,191.0
2026-09-04,cubesmart,2668,4ea49c54-bfdd-4cc7-b846-5856f730689f,7043 E Independence Blvd,Charlotte,NC,28227,35.16508,-80.74081,10x25,10.0,25.0,8.0,250.0,large,154.2,257.0
2026-09-04,cubesmart,2668,8726603b-d02d-4ed7-92b0-6555e87c9a42,7043 E Independence Blvd,Charlotte,NC,28227,35.16508,-80.74081,20x20,20.0,20.0,8.0,400.0,large,197.4,329.0
2026-09-04,cubesmart,2668,b62bc08d-7377-43e4-ad51-e8736142367a,7043 E Independence Blvd,Charlotte,NC,28227,35.16508,-80.74081,5x10,5.0,10.0,8.0,50.0,small,23.4,39.0
2026-09-04,cubesmart,2668,6387158b-d40f-4835-82a7-57cb4a36f19e,7043 E Independence Blvd,Charlotte,NC,28227,35.16508,-80.74081,5x15,5.0,15.0,8.0,75.0,small,35.4,59.0
2026-09-04,cubesmart,4843,240456b0-53b7-4abb-a0c7-5161b505dc8c,2601 Ridge Rd,Charlotte,NC,28269,35.3629,-80.74593,10x10,10.0,10.0,8.0,100.0,medium,80.0,160.0
2026-09-04,cubesmart,4843,b6a81141-ebda-4efa-b6c1-e6a9aa9c8e6c,2601 Ridge Rd,Charlotte,NC,28269,35.3629,-80.74593,10x13,10.0,13.0,8.0,130.0,medium,94.9,146.0
2026-09-04,cubesmart,4843,0f1d53bb-6c36-4cdf-a13b-9a973722a51c,2601 Ridge Rd,Charlotte,NC,28269,35.3629,-80.74593,10x13,10.0,13.0,8.0,130.0,medium,96.0,192.0
2026-09-04,cubesmart,4843,2ab7fb5d-2ad4-488e-b4c3-6ad208a298bc,2601 Ridge Rd,Charlotte,NC,28269,35.3629,-80.74593,10x15,10.0,15.0,8.0,150.0,medium,74.5,149.0
2026-09-04,cubesmart,4843,39ec313a-acd2-4ff9-be4e-3bcbc8f29659,2601 Ridge Rd,Charlotte,NC,28269,35.3629,-80.74593,10x20,10.0,20.0,8.0,200.0,large,109.0,218.0
2026-09-04,cubesmart,4843,6cafd916-a1a6-4a00-8003-dd35d4fd5052,2601 Ridge Rd,Charlotte,NC,28269,35.3629,-80.74593,10x20,10.0,20.0,8.0,200.0,large,224.5,449.0
2026-09-04,cubesmart,4843,8c79a8f6-2b52-4e6e-9225-6d8288660d7f,2601 Ridge Rd,Charlotte,NC,28269,35.3629,-80.74593,15x20,15.0,20.0,8.0,300.0,large,253.0,506.0
2026-09-04,cubesmart,4843,e1fc2765-d20c-4d76-8452-d6e0fb69b846,2601 Ridge Rd,Charlotte,NC,28269,35.3629,-80.74593,5x10,5.0,10.0,8.0,50.0,small,51.5,103.0
2026-09-04,cubesmart,4843,d749ec54-7df2-4260-aa4d-aef09c51ce89,2601 Ridge Rd,Charlotte,NC,28269,35.3629,-80.74593,5x10,5.0,10.0,8.0,50.0,small,65.0,130.0
2026-09-04,cubesmart,4843,6d83c23a-d237-4be5-b7f8-052a38318989,2601 Ridge Rd,Charlotte,NC,28269,35.3629,-80.74593,5x5,5.0,5.0,8.0,25.0,small,36.5,73.0
2026-09-04,cubesmart,4843,3bdab984-99f2-4808-9e2c-21cba08e06e1,2601 Ridge Rd,Charlotte,NC,28269,35.3629,-80.74593,8x10,8.0,10.0,8.0,80.0,medium,57.5,115.0
2026-09-04,cubesmart,4843,d3522863-61f5-43e6-bc8f-36f5446daa5b,2601 Ridge Rd,Charlotte,NC,28269,35.3629,-80.74593,8x10,8.0,10.0,8.0,80.0,medium,57.5,115.0
2026-09-04,cubesmart,328,fc9abd7d-60b1-46df-ab58-356defdfd954,5008 W W T Harris Blvd,Charlotte,NC,28269,35.33365,-80.81547,10x10,10.0,10.0,8.0,100.0,medium,108.75,145.0
2026-09-04,cubesmart,328,85e8f7fb-0a72-4c67-93fd-d5d05f1e752c,5008 W W T Harris Blvd,Charlotte,NC,28269,35.33365,-80.81547,10x10,10.0,10.0,8.0,100.0,medium,124.8,208.0
2026-09-04,cubesmart,328,9627ce47-615a-4f8e-bc29-7bca62c0b615,5008 W W T Harris Blvd,Charlotte,NC,28269,35.33365,-80.81547,10x15,10.0,15.0,8.0,150.0,medium,175.8,293.0
2026-09-04,cubesmart,328,cdd67cb8-116d-44ca-b822-9043237444b5,5008 W W T Harris Blvd,Charlotte,NC,28269,35.33365,-80.81547,10x15,10.0,15.0,8.0,150.0,medium,203.4,339.0
2026-09-04,cubesmart,328,4e0a0b4f-dfe1-48af-b963-3dba36124fe7,5008 W W T Harris Blvd,Charlotte,NC,28269,35.33365,-80.81547,10x20,10.0,20.0,8.0,200.0,large,205.2,342.0
2026-09-04,cubesmart,328,7ac6fcdf-8e76-4653-997c-52d73039c29f,5008 W W T Harris Blvd,Charlotte,NC,28269,35.33365,-80.81547,10x20,10.0,20.0,8.0,200.0,large,228.6,381.0
2026-09-04,cubesmart,328,8ea5ae0d-5c57-4c90-b4dc-67fd1e4a48e0,5008 W W T Harris Blvd,Charlotte,NC,28269,35.33365,-80.81547,20 ft,,20.0,,,parking,127.2,212.0
2026-09-04,cubesmart,328,f5d08318-57c7-48ab-9b3f-b535513634e6,5008 W W T Harris Blvd,Charlotte,NC,28269,35.33365,-80.81547,5x10,5.0,10.0,8.0,50.0,small,48.0,80.0
2026-09-04,cubesmart,328,80176cb9-1e3b-4e5d-ab3f-8e8965e1d214,5008 W W T Harris Blvd,Charlotte,NC,28269,35.33365,-80.81547,5x10,5.0,10.0,8.0,50.0,small,61.2,102.0
2026-09-04,cubesmart,328,dd9fe239-ebaf-486b-b0e8-8c0d3492f8bb,5008 W W T Harris Blvd,Charlotte,NC,28269,35.33365,-80.81547,5x20,5.0,20.0,8.0,100.0,medium,124.8,208.0
2026-09-04,cubesmart,328,1acbeaff-7405-4af1-a926-f60b2bf80852,5008 W W T Harris Blvd,Charlotte,NC,28269,35.33365,-80.81547,5x5,5.0,5.0,8.0,25.0,small,32.25,43.0
2026-09-04,cubesmart,328,33c9629c-8467-46b7-af90-7b46574ec3e6,5008 W W T Harris Blvd,Charlotte,NC,28269,35.33365,-80.81547,5x5,5.0,5.0,8.0,25.0,small,46.2,77.0
2026-09-04,cubesmart,328,29cadbbb-da37-416f-962e-09bd786e8876,5008 W W T Harris Blvd,Charlotte,NC,28269,35.33365,-80.81547,5x6,5.0,6.0,8.0,30.0,small,36.0,60.0
2026-09-04,cubesmart,3439,360fa21f-bb7c-4120-9a61-c6f76da3aae2,16155 Lancaster Hwy,Charlotte,NC,28277,35.02827,-80.85031,10x10,10.0,10.0,8.0,100.0,medium,72.5,145.0
2026-09-04,cubesmart,3439,54752140-ac8f-48d3-8af6-74836c2f7e5d,16155 Lancaster Hwy,Charlotte,NC,28277,35.02827,-80.85031,10x10,10.0,10.0,8.0,100.0,medium,81.5,163.0
2026-09-04,cubesmart,3439,073d062a-1c3f-42d2-baa7-13da5e886f82,16155 Lancaster Hwy,Charlotte,NC,28277,35.02827,-80.85031,10x15,10.0,15.0,8.0,150.0,medium,110.0,220.0
2026-09-04,cubesmart,3439,601f73cd-7e83-4773-b4e6-c353f1c39074,16155 Lancaster Hwy,Charlotte,NC,28277,35.02827,-80.85031,10x20,10.0,20.0,8.0,200.0,large,183.95,283.0
2026-09-04,cubesmart,3439,d6ec1f52-5304-4bda-ada0-1d7cf454dccf,16155 Lancaster Hwy,Charlotte,NC,28277,35.02827,-80.85031,10x20,10.0,20.0,8.0,200.0,large,185.0,370.0
2026-09-04,cubesmart,3439,b65b6c7a-28a6-4564-9b9e-88acdc194a58,16155 Lancaster Hwy,Charlotte,NC,28277,35.02827,-80.85031,10x20,10.0,20.0,8.0,200.0,large,185.0,370.0
2026-09-04,cubesmart,3439,689f1e76-f612-4834-af8e-22b3562e7bd4,16155 Lancaster Hwy,Charlotte,NC,28277,35.02827,-80.85031,5x10,5.0,10.0,8.0,50.0,small,33.8,52.0
2026-09-04,cubesmart,3439,ae8104da-eb00-4460-9c17-4224999f06c8,16155 Lancaster Hwy,Charlotte,NC,28277,35.02827,-80.85031,5x5,5.0,5.0,8.0,25.0,small,27.0,54.0
2026-09-04,cubesmart,3439,82b0dd6d-3f75-4390-a32e-f8bfe0e2dac0,16155 Lancaster Hwy,Charlotte,NC,28277,35.02827,-80.85031,5x5,5.0,5.0,8.0,25.0,small,31.5,63.0
2026-09-04,publicstorage,1796,V_322793,3710 Monroe Road,Charlotte,NC,28205,35.20039,-80.79774,10x10,10.0,10.0,,100.0,medium,53.0,106.0
2026-09-04,publicstorage,1796,V_322792,3710 Monroe Road,Charlotte,NC,28205,35.20039,-80.79774,10x15,10.0,15.0,,150.0,large,81.0,162.0
2026-09-04,publicstorage,1796,V_1423025,3710 Monroe Road,Charlotte,NC,28205,35.20039,-80.79774,10x20,10.0,20.0,,200.0,large,100.0,200.0
2026-09-04,publicstorage,1796,V_649220,3710 Monroe Road,Charlotte,NC,28205,35.20039,-80.79774,10x20,10.0,20.0,,200.0,large,140.0,280.0
2026-09-04,publicstorage,1796,V_1423023,3710 Monroe Road,Charlotte,NC,28205,35.20039,-80.79774,10x20,10.0,20.0,,200.0,large,98.0,196.0
2026-09-04,publicstorage,1796,V_1536323,3710 Monroe Road,Charlotte,NC,28205,35.20039,-80.79774,10x25,10.0,25.0,,250.0,large,175.0,292.0
2026-09-04,publicstorage,1796,V_1554294,3710 Monroe Road,Charlotte,NC,28205,35.20039,-80.79774,12x30,12.0,30.0,,360.0,parking,210.0,280.0
2026-09-04,publicstorage,1796,V_582876,3710 Monroe Road,Charlotte,NC,28205,35.20039,-80.79774,20x30,20.0,30.0,,600.0,large,269.0,448.0
2026-09-04,publicstorage,1796,V_1536322,3710 Monroe Road,Charlotte,NC,28205,35.20039,-80.79774,20x30,20.0,30.0,,600.0,large,328.0,546.0
2026-09-04,publicstorage,1796,V_322790,3710 Monroe Road,Charlotte,NC,28205,35.20039,-80.79774,5x10,5.0,10.0,,50.0,small,32.0,64.0
2026-09-04,publicstorage,1796,V_1569099,3710 Monroe Road,Charlotte,NC,28205,35.20039,-80.79774,5x10,5.0,10.0,,50.0,small,42.0,84.0
2026-09-04,publicstorage,1796,V_322393,3710 Monroe Road,Charlotte,NC,28205,35.20039,-80.79774,9x15,9.0,15.0,,135.0,large,95.0,190.0
2026-09-04,publicstorage,2334,V_613570,1001 N Tryon St,Charlotte,NC,28206,35.23509,-80.83288,10x10,10.0,10.0,,100.0,medium,65.0,108.0
2026-09-04,publicstorage,2334,V_613574,1001 N Tryon St,Charlotte,NC,28206,35.23509,-80.83288,10x15,10.0,15.0,,150.0,large,126.0,168.0
2026-09-04,publicstorage,2334,V_1423096,1001 N Tryon St,Charlotte,NC,28206,35.23509,-80.83288,10x20,10.0,20.0,,200.0,large,156.0,208.0
2026-09-04,publicstorage,2334,V_1423099,1001 N Tryon St,Charlotte,NC,28206,35.23509,-80.83288,10x25,10.0,25.0,,250.0,large,201.0,268.0
2026-09-04,publicstorage,2334,V_1423095,1001 N Tryon St,Charlotte,NC,28206,35.23509,-80.83288,12x30,12.0,30.0,,360.0,large,269.0,359.0
2026-09-04,publicstorage,2334,V_613564,1001 N Tryon St,Charlotte,NC,28206,35.23509,-80.83288,15x15,15.0,15.0,,225.0,large,156.0,208.0
2026-09-04,publicstorage,2334,V_613573,1001 N Tryon St,Charlotte,NC,28206,35.23509,-80.83288,5x10,5.0,10.0,,50.0,small,40.0,80.0
2026-09-04,publicstorage,2334,V_613577,1001 N Tryon St,Charlotte,NC,28206,35.23509,-80.83288,5x15,5.0,15.0,,75.0,medium,56.0,94.0
2026-09-04,publicstorage,2334,V_613571,1001 N Tryon St,Charlotte,NC,28206,35.23509,-80.83288,5x5,5.0,5.0,,25.0,small,59.0,78.0
2026-09-04,publicstorage,1168,V_596099,1508 Ashley Road,Charlotte,NC,28208,35.2418,-80.89735,10x10,10.0,10.0,,100.0,medium,99.0,132.0
2026-09-04,publicstorage,1168,V_178759,1508 Ashley Road,Charlotte,NC,28208,35.2418,-80.89735,10x15,10.0,15.0,,150.0,large,131.0,174.0
2026-09-04,publicstorage,1168,V_1423898,1508 Ashley Road,Charlotte,NC,28208,35.2418,-80.89735,10x20,10.0,20.0,,200.0,large,87.0,174.0
2026-09-04,publicstorage,1168,V_1566365,1508 Ashley Road,Charlotte,NC,28208,35.2418,-80.89735,5x10,5.0,10.0,,50.0,small,55.0,73.0
2026-09-04,publicstorage,1168,V_600621,1508 Ashley Road,Charlotte,NC,28208,35.2418,-80.89735,5x10,5.0,10.0,,50.0,small,69.0,92.0
2026-09-04,publicstorage,1168,V_1566364,1508 Ashley Road,Charlotte,NC,28208,35.2418,-80.89735,5x5,5.0,5.0,,25.0,small,60.0,80.0
2026-09-04,publicstorage,2092,V_336791,3912 Wilkinson Blvd,Charlotte,NC,28208,35.22531,-80.90635,10x10,10.0,10.0,,100.0,medium,59.0,118.0
2026-09-04,publicstorage,2092,V_1529990,3912 Wilkinson Blvd,Charlotte,NC,28208,35.22531,-80.90635,10x20,10.0,20.0,,200.0,large,128.0,214.0
2026-09-04,publicstorage,2092,V_1578229,3912 Wilkinson Blvd,Charlotte,NC,28208,35.22531,-80.90635,10x20,10.0,20.0,,200.0,large,137.0,228.0
2026-09-04,publicstorage,2092,V_1518018,3912 Wilkinson Blvd,Charlotte,NC,28208,35.22531,-80.90635,10x20,10.0,20.0,,200.0,parking,74.0,98.0
2026-09-04,publicstorage,2092,V_581805,3912 Wilkinson Blvd,Charlotte,NC,28208,35.22531,-80.90635,10x30,10.0,30.0,,300.0,large,178.0,254.0
2026-09-04,publicstorage,2092,V_1578230,3912 Wilkinson Blvd,Charlotte,NC,28208,35.22531,-80.90635,10x30,10.0,30.0,,300.0,large,192.0,274.0
2026-09-04,publicstorage,2092,V_325164,3912 Wilkinson Blvd,Charlotte,NC,28208,35.22531,-80.90635,15x20,15.0,20.0,,300.0,large,192.0,274.0
2026-09-04,publicstorage,2092,V_325170,3912 Wilkinson Blvd,Charlotte,NC,28208,35.22531,-80.90635,5x10,5.0,10.0,,50.0,small,54.0,90.0
2026-09-04,publicstorage,2092,V_325178,3912 Wilkinson Blvd,Charlotte,NC,28208,35.22531,-80.90635,5x5,5.0,5.0,,25.0,small,53.0,70.0
2026-09-04,publicstorage,1024,V_576912,4329 South Blvd,Charlotte,NC,28209,35.18362,-80.87503,10x15,10.0,15.0,,150.0,large,88.0,146.0
2026-09-04,publicstorage,1024,V_1423716,4329 South Blvd,Charlotte,NC,28209,35.18362,-80.87503,10x20,10.0,20.0,,200.0,large,100.0,200.0
2026-09-04,publicstorage,1024,V_566783,4329 South Blvd,Charlotte,NC,28209,35.18362,-80.87503,10x30,10.0,30.0,,300.0,large,115.0,164.0
2026-09-04,publicstorage,1024,V_1423715,4329 South Blvd,Charlotte,NC,28209,35.18362,-80.87503,10x30,10.0,30.0,,300.0,large,162.0,232.0
2026-09-04,publicstorage,1024,V_576913,4329 South Blvd,Charlotte,NC,28209,35.18362,-80.87503,5x10,5.0,10.0,,50.0,small,43.0,72.0
2026-09-04,publicstorage,1024,V_576914,4329 South Blvd,Charlotte,NC,28209,35.18362,-80.87503,5x15,5.0,15.0,,75.0,medium,42.0,84.0
2026-09-04,publicstorage,1024,V_587870,4329 South Blvd,Charlotte,NC,28209,35.18362,-80.87503,5x20,5.0,20.0,,100.0,medium,62.0,104.0
2026-09-04,publicstorage,2072,V_1493663,4555 South Blvd,Charlotte,NC,28209,35.17976,-80.87452,10x10,10.0,10.0,,100.0,medium,70.0,116.0
2026-09-04,publicstorage,2072,V_1493659,4555 South Blvd,Charlotte,NC,28209,35.17976,-80.87452,10x10,10.0,10.0,,100.0,medium,72.0,120.0
2026-09-04,publicstorage,2072,V_571004,4555 South Blvd,Charlotte,NC,28209,35.17976,-80.87452,10x12,10.0,12.0,,120.0,medium,85.0,142.0
2026-09-04,publicstorage,2072,V_1505497,4555 South Blvd,Charlotte,NC,28209,35.17976,-80.87452,10x15,10.0,15.0,,150.0,large,89.0,148.0
2026-09-04,publicstorage,2072,V_1493666,4555 South Blvd,Charlotte,NC,28209,35.17976,-80.87452,10x15,10.0,15.0,,150.0,large,91.0,152.0
2026-09-04,publicstorage,2072,V_570998,4555 South Blvd,Charlotte,NC,28209,35.17976,-80.87452,10x20,10.0,20.0,,200.0,large,151.0,216.0
2026-09-04,publicstorage,2072,V_1530050,4555 South Blvd,Charlotte,NC,28209,35.17976,-80.87452,10x20,10.0,20.0,,200.0,large,151.0,216.0
2026-09-04,publicstorage,2072,V_1506663,4555 South Blvd,Charlotte,NC,28209,35.17976,-80.87452,10x20,10.0,20.0,,200.0,large,175.0,250.0
2026-09-04,publicstorage,2072,V_571003,4555 South Blvd,Charlotte,NC,28209,35.17976,-80.87452,10x25,10.0,25.0,,250.0,large,155.0,207.0
2026-09-04,publicstorage,2072,V_582630,4555 South Blvd,Charlotte,NC,28209,35.17976,-80.87452,10x30,10.0,30.0,,300.0,large,143.0,191.0
2026-09-04,publicstorage,2072,V_582631,4555 South Blvd,Charlotte,NC,28209,35.17976,-80.87452,20x20,20.0,20.0,,400.0,large,224.0,299.0
2026-09-04,publicstorage,2072,V_1493672,4555 South Blvd,Charlotte,NC,28209,35.17976,-80.87452,5x10,5.0,10.0,,50.0,small,41.0,68.0
2026-09-04,publicstorage,2072,V_1493674,4555 South Blvd,Charlotte,NC,28209,35.17976,-80.87452,5x10,5.0,10.0,,50.0,small,46.0,76.0
2026-09-04,publicstorage,2072,V_1567802,4555 South Blvd,Charlotte,NC,28209,35.17976,-80.87452,5x10,5.0,10.0,,50.0,small,58.0,96.0
2026-09-04,publicstorage,2072,V_321950,4555 South Blvd,Charlotte,NC,28209,35.17976,-80.87452,5x5,5.0,5.0,,25.0,small,32.0,54.0
2026-09-04,publicstorage,2072,V_571120,4555 South Blvd,Charlotte,NC,28209,35.17976,-80.87452,5x5,5.0,5.0,,25.0,small,32.0,54.0
2026-09-04,publicstorage,2072,V_1493673,4555 South Blvd,Charlotte,NC,28209,35.17976,-80.87452,5x5,5.0,5.0,,25.0,small,32.0,54.0
2026-09-04,publicstorage,2072,V_1506665,4555 South Blvd,Charlotte,NC,28209,35.17976,-80.87452,5x5,5.0,5.0,,25.0,small,37.0,62.0
2026-09-04,publicstorage,2072,V_1567808,4555 South Blvd,Charlotte,NC,28209,35.17976,-80.87452,6x15,6.0,15.0,,90.0,medium,70.0,116.0
2026-09-04,publicstorage,2120,V_1500467,4715 Park Road,Charlotte,NC,28209,35.16605,-80.84994,10x10,10.0,10.0,,100.0,medium,137.0,182.0
2026-09-04,publicstorage,2120,V_1675338,4715 Park Road,Charlotte,NC,28209,35.16605,-80.84994,10x20,10.0,20.0,,200.0,large,203.0,270.0
2026-09-04,publicstorage,2120,V_1576846,4715 Park Road,Charlotte,NC,28209,35.16605,-80.84994,5x10,5.0,10.0,,50.0,small,57.0,82.0
2026-09-04,publicstorage,2441,V_625328,4730 N Tryon St,Charlotte,NC,28213,35.25684,-80.78595,10x10,10.0,10.0,,100.0,medium,58.0,116.0
2026-09-04,publicstorage,2441,V_625327,4730 N Tryon St,Charlotte,NC,28213,35.25684,-80.78595,10x15,10.0,15.0,,150.0,large,79.0,132.0
2026-09-04,publicstorage,2441,V_1423960,4730 N Tryon St,Charlotte,NC,28213,35.25684,-80.78595,10x20,10.0,20.0,,200.0,large,119.0,198.0
2026-09-04,publicstorage,2441,V_1539863,4730 N Tryon St,Charlotte,NC,28213,35.25684,-80.78595,12x28,12.0,28.0,,336.0,large,227.0,303.0
2026-09-04,publicstorage,2441,V_625338,4730 N Tryon St,Charlotte,NC,28213,35.25684,-80.78595,12x28,12.0,28.0,,336.0,large,232.0,309.0
2026-09-04,publicstorage,2441,V_1577807,4730 N Tryon St,Charlotte,NC,28213,35.25684,-80.78595,3x3,3.0,3.0,,9.0,small,21.0,42.0
2026-09-04,publicstorage,2441,V_625326,4730 N Tryon St,Charlotte,NC,28213,35.25684,-80.78595,5x10,5.0,10.0,,50.0,small,40.0,66.0
2026-09-04,publicstorage,2441,V_625332,4730 N Tryon St,Charlotte,NC,28213,35.25684,-80.78595,5x15,5.0,15.0,,75.0,medium,61.0,81.0
2026-09-04,publicstorage,2441,V_625333,4730 N Tryon St,Charlotte,NC,28213,35.25684,-80.78595,5x5,5.0,5.0,,25.0,small,30.0,60.0
2026-09-04,publicstorage,1164,V_586454,5748 N Tryon Street,Charlotte,NC,28213,35.26468,-80.76825,10x10,10.0,10.0,,100.0,medium,56.0,112.0
2026-09-04,publicstorage,1164,V_389390,5748 N Tryon Street,Charlotte,NC,28213,35.26468,-80.76825,10x15,10.0,15.0,,150.0,large,84.0,140.0
2026-09-04,publicstorage,1164,V_1423111,5748 N Tryon Street,Charlotte,NC,28213,35.26468,-80.76825,10x20,10.0,20.0,,200.0,large,139.0,232.0
2026-09-04,publicstorage,1164,V_1518027,5748 N Tryon Street,Charlotte,NC,28213,35.26468,-80.76825,10x20,10.0,20.0,,200.0,parking,70.0,116.0
2026-09-04,publicstorage,1164,V_579483,5748 N Tryon Street,Charlotte,NC,28213,35.26468,-80.76825,10x30,10.0,30.0,,300.0,large,136.0,226.0
2026-09-04,publicstorage,1164,V_583663,5748 N Tryon Street,Charlotte,NC,28213,35.26468,-80.76825,30x30,30.0,30.0,,900.0,large,495.0,660.0
2026-09-04,publicstorage,1164,V_586455,5748 N Tryon Street,Charlotte,NC,28213,35.26468,-80.76825,5x10,5.0,10.0,,50.0,small,37.0,74.0
2026-09-04,publicstorage,1164,V_188108,5748 N Tryon Street,Charlotte,NC,28213,35.26468,-80.76825,5x15,5.0,15.0,,75.0,medium,67.0,89.0
2026-09-04,publicstorage,1164,V_356673,5748 N Tryon Street,Charlotte,NC,28213,35.26468,-80.76825,5x20,5.0,20.0,,100.0,medium,61.0,122.0
2026-09-04,publicstorage,1164,V_1577824,5748 N Tryon Street,Charlotte,NC,28213,35.26468,-80.76825,5x5,5.0,5.0,,25.0,small,19.0,32.0
2026-09-04,publicstorage,1164,V_188111,5748 N Tryon Street,Charlotte,NC,28213,35.26468,-80.76825,5x5,5.0,5.0,,25.0,small,22.0,36.0
2026-09-04,publicstorage,2333,V_1575648,5607 S Tryon St,Charlotte,NC,28217,35.16988,-80.90249,10x10,10.0,10.0,,100.0,medium,59.0,98.0
2026-09-04,publicstorage,2333,V_1575647,5607 S Tryon St,Charlotte,NC,28217,35.16988,-80.90249,10x12,10.0,12.0,,120.0,medium,76.0,126.0
2026-09-04,publicstorage,2333,V_1575684,5607 S Tryon St,Charlotte,NC,28217,35.16988,-80.90249,10x12,10.0,12.0,,120.0,medium,78.0,130.0
2026-09-04,publicstorage,2333,V_613538,5607 S Tryon St,Charlotte,NC,28217,35.16988,-80.90249,10x15,10.0,15.0,,150.0,large,84.0,140.0
2026-09-04,publicstorage,2333,V_1500417,5607 S Tryon St,Charlotte,NC,28217,35.16988,-80.90249,10x15,10.0,15.0,,150.0,large,91.0,152.0
2026-09-04,publicstorage,2333,V_1575650,5607 S Tryon St,Charlotte,NC,28217,35.16988,-80.90249,10x20,10.0,20.0,,200.0,large,162.0,216.0
2026-09-04,publicstorage,2333,V_1538112,5607 S Tryon St,Charlotte,NC,28217,35.16988,-80.90249,10x25,10.0,25.0,,250.0,large,232.0,309.0
2026-09-04,publicstorage,2333,V_1538107,5607 S Tryon St,Charlotte,NC,28217,35.16988,-80.90249,10x30,10.0,30.0,,300.0,large,231.0,308.0
2026-09-04,publicstorage,2333,V_1538110,5607 S Tryon St,Charlotte,NC,28217,35.16988,-80.90249,4x5,4.0,5.0,,20.0,small,45.0,60.0
2026-09-04,publicstorage,2333,V_1575649,5607 S Tryon St,Charlotte,NC,28217,35.16988,-80.90249,5x10,5.0,10.0,,50.0,small,43.0,72.0
2026-09-04,publicstorage,2333,V_1500411,5607 S Tryon St,Charlotte,NC,28217,35.16988,-80.90249,5x10,5.0,10.0,,50.0,small,47.0,78.0
2026-09-04,publicstorage,2333,V_1538106,5607 S Tryon St,Charlotte,NC,28217,35.16988,-80.90249,5x10,5.0,10.0,,50.0,small,50.0,84.0
2026-09-04,publicstorage,2333,V_1575644,5607 S Tryon St,Charlotte,NC,28217,35.16988,-80.90249,5x10,5.0,10.0,,50.0,small,52.0,86.0
2026-09-04,publicstorage,2333,V_1575652,5607 S Tryon St,Charlotte,NC,28217,35.16988,-80.90249,5x12,5.0,12.0,,60.0,small,48.0,80.0
2026-09-04,publicstorage,2333,V_1533797,5607 S Tryon St,Charlotte,NC,28217,35.16988,-80.90249,5x5,5.0,5.0,,25.0,small,47.0,63.0
2026-09-04,publicstorage,2333,V_613553,5607 S Tryon St,Charlotte,NC,28217,35.16988,-80.90249,5x7,5.0,7.0,,35.0,small,47.0,62.0
2026-09-04,publicstorage,2333,V_1500423,5607 S Tryon St,Charlotte,NC,28217,35.16988,-80.90249,7x10,7.0,10.0,,70.0,medium,76.0,101.0
2026-09-04,publicstorage,2333,V_1588554,5607 S Tryon St,Charlotte,NC,28217,35.16988,-80.90249,7x10,7.0,10.0,,70.0,medium,85.0,113.0
2026-09-04,publicstorage,2333,V_1588555,5607 S Tryon St,Charlotte,NC,28217,35.16988,-80.90249,7x15,7.0,15.0,,105.0,medium,80.0,134.0
2026-09-05,cubesmart,4962,9fdfd8ed-9da5-46e0-8319-711cd54f01d6,2324 S Point Rd,Belmont,NC,28012,35.18484,-81.02258,10x10,10.0,10.0,8.0,100.0,medium,50.4,84.0
2026-09-05,cubesmart,4962,db5666c9-c91f-4783-ba83-9c4f965682bf,2324 S Point Rd,Belmont,NC,28012,35.18484,-81.02258,10x10,10.0,10.0,8.0,100.0,medium,88.8,148.0
2026-09-05,cubesmart,4962,8fba6f1d-d2d9-4d11-806d-c93f4bc657c4,2324 S Point Rd,Belmont,NC,28012,35.18484,-81.02258,10x15,10.0,15.0,8.0,150.0,medium,113.4,189.0
2026-09-05,cubesmart,4962,e33cacbd-988e-457e-99ba-36f5226f56ba,2324 S Point Rd,Belmont,NC,28012,35.18484,-81.02258,10x15,10.0,15.0,8.0,150.0,medium,79.2,132.0
2026-09-05,cubesmart,4962,ac91ffcc-4d22-48fa-afd0-616657165403,2324 S Point Rd,Belmont,NC,28012,35.18484,-81.02258,10x20,10.0,20.0,8.0,200.0,large,114.6,191.0
2026-09-05,cubesmart,4962,421e4d28-6f6f-41f0-b1f8-11caab3581bd,2324 S Point Rd,Belmont,NC,28012,35.18484,-81.02258,10x20,10.0,20.0,8.0,200.0,large,142.2,237.0
2026-09-05,cubesmart,4962,c20a2124-f4e0-4975-addf-e2bc27fffb46,2324 S Point Rd,Belmont,NC,28012,35.18484,-81.02258,10x30,10.0,30.0,8.0,300.0,large,161.4,269.0
2026-09-05,cubesmart,4962,b49f9c9e-17bb-4d50-a1f5-63973dad7d42,2324 S Point Rd,Belmont,NC,28012,35.18484,-81.02258,15x20,15.0,20.0,8.0,300.0,large,175.8,293.0
2026-09-05,cubesmart,4962,8fd1711a-5060-4813-bf43-69536a016879,2324 S Point Rd,Belmont,NC,28012,35.18484,-81.02258,20 ft,,20.0,,,parking,80.4,134.0
2026-09-05,cubesmart,4962,d1921364-cdf5-4398-bb86-c5d2e7ee6693,2324 S Point Rd,Belmont,NC,28012,35.18484,-81.02258,5x10,5.0,10.0,8.0,50.0,small,27.6,46.0
2026-09-05,cubesmart,4962,056bbbf3-f590-478e-b66b-7d9991295d5b,2324 S Point Rd,Belmont,NC,28012,35.18484,-81.02258,5x10,5.0,10.0,8.0,50.0,small,50.4,84.0
2026-09-05,cubesmart,4962,27305387-0cc0-4d10-a29f-b1286944b917,2324 S Point Rd,Belmont,NC,28012,35.18484,-81.02258,5x5,5.0,5.0,8.0,25.0,small,25.8,43.0
2026-09-05,cubesmart,4962,a81b7e9c-ea9e-48bf-8270-c9cafb01b05b,2324 S Point Rd,Belmont,NC,28012,35.18484,-81.02258,7x10,7.0,10.0,8.0,70.0,small,55.8,93.0
2026-09-05,cubesmart,4962,6495987b-04a4-4b63-97cb-1dfd8bf60548,2324 S Point Rd,Belmont,NC,28012,35.18484,-81.02258,7x10,7.0,10.0,8.0,70.0,small,64.2,107.0
2026-09-05,cubesmart,4962,745f1de6-1ae6-4f38-95ce-7ab1e362ea3f,2324 S Point Rd,Belmont,NC,28012,35.18484,-81.02258,8x10,8.0,10.0,8.0,80.0,medium,35.4,59.0
2026-09-05,cubesmart,400,6c5c05c4-16e3-4276-bb5f-12f0a8c0be1c,5921 Wilkinson Blvd,Belmont,NC,28012,35.24889,-81.0611,10x10,10.0,10.0,8.0,100.0,medium,54.0,72.0
2026-09-05,cubesmart,400,962e486d-dfcf-4cff-b92e-40f8aa951c6c,5921 Wilkinson Blvd,Belmont,NC,28012,35.24889,-81.0611,10x10,10.0,10.0,8.0,100.0,medium,83.4,139.0
2026-09-05,cubesmart,400,48a8e1fd-eb77-4e51-a1f1-4440d66dcf35,5921 Wilkinson Blvd,Belmont,NC,28012,35.24889,-81.0611,10x15,10.0,15.0,8.0,150.0,medium,124.8,208.0
2026-09-05,cubesmart,400,941206b2-ef5b-4cd4-9bf3-2ae8cf818509,5921 Wilkinson Blvd,Belmont,NC,28012,35.24889,-81.0611,10x15,10.0,15.0,8.0,150.0,medium,88.8,148.0
2026-09-05,cubesmart,400,97ec4671-9736-45bd-95c4-307848624c9c,5921 Wilkinson Blvd,Belmont,NC,28012,35.24889,-81.0611,10x20,10.0,20.0,8.0,200.0,large,102.75,137.0
2026-09-05,cubesmart,400,2740755f-f646-42ac-9e82-f4f0c97dc1bd,5921 Wilkinson Blvd,Belmont,NC,28012,35.24889,-81.0611,10x20,10.0,20.0,8.0,200.0,large,165.0,275.0
2026-09-05,cubesmart,400,737b59cc-1c06-4a52-8d60-e14e08cc5271,5921 Wilkinson Blvd,Belmont,NC,28012,35.24889,-81.0611,15x20,15.0,20.0,8.0,300.0,large,136.8,228.0
2026-09-05,cubesmart,400,c9a60b0d-775a-4ef4-9869-1e2da8a2cf58,5921 Wilkinson Blvd,Belmont,NC,28012,35.24889,-81.0611,15x20,15.0,20.0,8.0,300.0,large,177.6,296.0
2026-09-05,cubesmart,400,91d0962b-eba6-479b-8857-ebb323500e76,5921 Wilkinson Blvd,Belmont,NC,28012,35.24889,-81.0611,20 ft,,20.0,,,parking,61.2,102.0
2026-09-05,cubesmart,400,9910976c-bbfd-4e5a-9c22-de2bb0bbf93b,5921 Wilkinson Blvd,Belmont,NC,28012,35.24889,-81.0611,20x20,20.0,20.0,8.0,400.0,large,217.8,363.0
2026-09-05,cubesmart,400,004acb28-2fcc-4008-9aff-6bc3d22e5ed4,5921 Wilkinson Blvd,Belmont,NC,28012,35.24889,-81.0611,5x10,5.0,10.0,8.0,50.0,small,45.0,75.0
2026-09-05,cubesmart,400,b5d765a3-ec5b-45b0-846d-d70e36f01591,5921 Wilkinson Blvd,Belmont,NC,28012,35.24889,-81.0611,5x10,5.0,10.0,8.0,50.0,small,58.8,98.0
2026-09-05,cubesmart,400,4c7626b3-b8dc-4789-a802-cf9fd5a83f2f,5921 Wilkinson Blvd,Belmont,NC,28012,35.24889,-81.0611,5x5,5.0,5.0,8.0,25.0,small,31.2,52.0
2026-09-05,cubesmart,5263,43ab79bf-2da5-4486-8672-43a98315a810,620 Webb Rd,Concord,NC,28025,35.37815,-80.58394,10x10,10.0,10.0,8.0,100.0,medium,57.0,114.0
2026-09-05,cubesmart,5263,01504710-7237-4466-92c0-c6101565447d,620 Webb Rd,Concord,NC,28025,35.37815,-80.58394,10x10,10.0,10.0,8.0,100.0,medium,91.0,182.0
2026-09-05,cubesmart,5263,c2e2b634-01fb-4b13-8cec-63dbd7c53c8a,620 Webb Rd,Concord,NC,28025,35.37815,-80.58394,10x13,10.0,13.0,8.0,130.0,medium,112.5,225.0
2026-09-05,cubesmart,5263,2a908fac-de6d-4de2-91d4-e9017320f60a,620 Webb Rd,Concord,NC,28025,35.37815,-80.58394,10x15,10.0,15.0,8.0,150.0,medium,123.0,246.0
2026-09-05,cubesmart,5263,78a70b0a-4c62-45c7-b5dc-9dddc4e8a99e,620 Webb Rd,Concord,NC,28025,35.37815,-80.58394,10x15,10.0,15.0,8.0,150.0,medium,123.0,246.0
2026-09-05,cubesmart,5263,6e0222cf-15ba-416a-b2c3-04d8e3423cd6,620 Webb Rd,Concord,NC,28025,35.37815,-80.58394,10x15,10.0,15.0,8.0,150.0,medium,80.5,161.0
2026-09-05,cubesmart,5263,7e740b8f-7b9f-49f5-bc4f-705cd760445a,620 Webb Rd,Concord,NC,28025,35.37815,-80.58394,10x20,10.0,20.0,8.0,200.0,large,102.5,205.0
2026-09-05,cubesmart,5263,e5cc71ac-c517-446b-acff-d15790ff9ff5,620 Webb Rd,Concord,NC,28025,35.37815,-80.58394,10x20,10.0,20.0,8.0,200.0,large,155.5,311.0
2026-09-05,cubesmart,5263,73893dd1-c3f2-4119-99a9-0f0321cc6438,620 Webb Rd,Concord,NC,28025,35.37815,-80.58394,10x20,10.0,20.0,8.0,200.0,large,155.5,311.0
2026-09-05,cubesmart,5263,084c537b-a234-40fa-8f7b-f54e7c0115ed,620 Webb Rd,Concord,NC,28025,35.37815,-80.58394,10x25,10.0,25.0,8.0,250.0,large,187.5,375.0
2026-09-05,cubesmart,5263,2a3f02cd-1b24-4a23-b584-b19df481f2ca,620 Webb Rd,Concord,NC,28025,35.37815,-80.58394,10x30,10.0,30.0,8.0,300.0,large,214.5,429.0
2026-09-05,cubesmart,5263,6176d1d8-f5b6-48ad-b121-7305de784a46,620 Webb Rd,Concord,NC,28025,35.37815,-80.58394,40 ft,,40.0,,,parking,69.6,116.0
2026-09-05,cubesmart,5263,ed2b9b5c-60af-4e87-855f-e5bbfa13ea0c,620 Webb Rd,Concord,NC,28025,35.37815,-80.58394,5x10,5.0,10.0,8.0,50.0,small,51.0,102.0
2026-09-05,cubesmart,5263,84c69aee-a7b4-4e06-a7da-68bd9f8365ea,620 Webb Rd,Concord,NC,28025,35.37815,-80.58394,5x10,5.0,10.0,8.0,50.0,small,51.0,102.0
2026-09-05,cubesmart,5263,7db45bb5-0a3f-464e-8fe0-71f4917f1351,620 Webb Rd,Concord,NC,28025,35.37815,-80.58394,5x5,5.0,5.0,8.0,25.0,small,30.5,61.0
2026-09-05,cubesmart,5263,e8aed165-0a3c-431d-a617-36f8036dc4c2,620 Webb Rd,Concord,NC,28025,35.37815,-80.58394,8x10,8.0,10.0,8.0,80.0,medium,76.0,152.0
2026-09-05,cubesmart,3281,ad1b709d-e08e-4548-9f4d-20b1fb6c8895,10921 Bailey Rd,Cornelius,NC,28031,35.46308,-80.85178,10x10,10.0,10.0,8.0,100.0,medium,101.5,203.0
2026-09-05,cubesmart,3281,c7b045d9-fb1b-4f24-a647-0ac3e12499dd,10921 Bailey Rd,Cornelius,NC,28031,35.46308,-80.85178,10x10,10.0,10.0,8.0,100.0,medium,104.0,208.0
2026-09-05,cubesmart,3281,15af0feb-d116-4893-b557-171ce9afc24c,10921 Bailey Rd,Cornelius,NC,28031,35.46308,-80.85178,10x15,10.0,15.0,8.0,150.0,medium,118.95,183.0
2026-09-05,cubesmart,3281,795ef59d-1aee-48ef-890c-805aadb54e7f,10921 Bailey Rd,Cornelius,NC,28031,35.46308,-80.85178,10x15,10.0,15.0,8.0,150.0,medium,121.0,242.0
2026-09-05,cubesmart,3281,0cdea52c-29ce-4313-af67-b72f178a043a,10921 Bailey Rd,Cornelius,NC,28031,35.46308,-80.85178,10x17,10.0,17.0,8.0,170.0,large,130.0,260.0
2026-09-05,cubesmart,3281,fcdc7acd-6d68-48d2-948a-0dc6d9c2b41e,10921 Bailey Rd,Cornelius,NC,28031,35.46308,-80.85178,10x20,10.0,20.0,8.0,200.0,large,129.35,199.0
2026-09-05,cubesmart,3281,301074c7-98d9-4104-b714-a46e782176a4,10921 Bailey Rd,Cornelius,NC,28031,35.46308,-80.85178,10x20,10.0,20.0,8.0,200.0,large,133.5,267.0
2026-09-05,cubesmart,3281,72d38cc1-9671-4714-abdb-a72f6fe9ede0,10921 Bailey Rd,Cornelius,NC,28031,35.46308,-80.85178,10x30,10.0,30.0,8.0,300.0,large,165.1,254.0
2026-09-05,cubesmart,3281,a0b997b9-84ed-4e79-9ed0-ad4614265038,10921 Bailey Rd,Cornelius,NC,28031,35.46308,-80.85178,15x20,15.0,20.0,8.0,300.0,large,189.0,378.0
2026-09-05,cubesmart,3281,333255a9-aaf8-4a01-9da4-e7aca4a18780,10921 Bailey Rd,Cornelius,NC,28031,35.46308,-80.85178,20 ft,,20.0,,,parking,55.8,93.0
2026-09-05,cubesmart,3281,3059e7c0-610d-4917-9bac-b035b4a76ea3,10921 Bailey Rd,Cornelius,NC,28031,35.46308,-80.85178,25 ft,,25.0,,,parking,61.8,103.0
2026-09-05,cubesmart,3281,3a1ca56d-6b8a-4d4d-8050-57b1bc0fedb3,10921 Bailey Rd,Cornelius,NC,28031,35.46308,-80.85178,30 ft,,30.0,,,parking,65.4,109.0
2026-09-05,cubesmart,3281,693a59d2-ffb3-4148-8ff1-cf044e4b4cc8,10921 Bailey Rd,Cornelius,NC,28031,35.46308,-80.85178,40 ft,,40.0,,,parking,76.8,128.0
2026-09-05,cubesmart,3281,bfd000ff-530f-4861-b3cc-416b119f9726,10921 Bailey Rd,Cornelius,NC,28031,35.46308,-80.85178,5x10,5.0,10.0,8.0,50.0,small,41.0,82.0
2026-09-05,cubesmart,3281,84b24b00-67a3-4ed4-b55b-e84bbcdf12ad,10921 Bailey Rd,Cornelius,NC,28031,35.46308,-80.85178,5x10,5.0,10.0,8.0,50.0,small,68.5,137.0
2026-09-05,cubesmart,3281,7835d1ea-7fed-45c9-bfb9-492cac43f5a4,10921 Bailey Rd,Cornelius,NC,28031,35.46308,-80.85178,5x10,5.0,10.0,8.0,50.0,small,68.5,137.0
2026-09-05,cubesmart,3281,1861c868-9379-42ff-ad47-610eb301882d,10921 Bailey Rd,Cornelius,NC,28031,35.46308,-80.85178,5x5,5.0,5.0,8.0,25.0,small,26.5,53.0
2026-09-05,cubesmart,3281,19799cb9-3860-4e86-87b7-8258ed328bc9,10921 Bailey Rd,Cornelius,NC,28031,35.46308,-80.85178,5x5,5.0,5.0,8.0,25.0,small,32.0,64.0
2026-09-05,cubesmart,3032,c8ffd2a5-8eb2-46bd-b6f7-0c46134e9aed,1105 Waxhaw Indian Trail Rd,Indian Trail,NC,28079,35.06715,-80.67944,10x12,10.0,12.0,8.0,120.0,medium,43.5,87.0
2026-09-05,cubesmart,3032,74bf53eb-fad9-4fe1-9ec4-8d59d9059a9d,1105 Waxhaw Indian Trail Rd,Indian Trail,NC,28079,35.06715,-80.67944,10x15,10.0,15.0,8.0,150.0,medium,61.0,122.0
2026-09-05,cubesmart,3032,bbd01532-c511-434c-bd11-dba09d3f2f55,1105 Waxhaw Indian Trail Rd,Indian Trail,NC,28079,35.06715,-80.67944,10x15,10.0,15.0,8.0,150.0,medium,62.5,125.0
2026-09-05,cubesmart,3032,e3dc5ee2-7ef6-4cfe-8d3b-530d0adacbe4,1105 Waxhaw Indian Trail Rd,Indian Trail,NC,28079,35.06715,-80.67944,10x20,10.0,20.0,10.0,200.0,large,80.5,161.0
2026-09-05,cubesmart,3032,3082e108-8908-467a-a839-e48e98379212,1105 Waxhaw Indian Trail Rd,Indian Trail,NC,28079,35.06715,-80.67944,10x20,10.0,20.0,8.0,200.0,large,82.0,164.0
2026-09-05,cubesmart,3032,db9faada-3155-4e2a-a9be-e920c992a4eb,1105 Waxhaw Indian Trail Rd,Indian Trail,NC,28079,35.06715,-80.67944,10x30,10.0,30.0,8.0,300.0,large,151.5,303.0
2026-09-05,cubesmart,3032,a6ab561f-e789-4dea-ad94-5877e516069e,1105 Waxhaw Indian Trail Rd,Indian Trail,NC,28079,35.06715,-80.67944,10x35,10.0,35.0,8.0,350.0,large,212.5,425.0
2026-09-05,cubesmart,3032,f9560802-c771-4a09-a136-16da059f2f7d,1105 Waxhaw Indian Trail Rd,Indian Trail,NC,28079,35.06715,-80.67944,20 ft,,20.0,,,parking,132.6,221.0
2026-09-05,cubesmart,3032,cbf28230-ce8f-42d4-8af2-ac90af6a9306,1105 Waxhaw Indian Trail Rd,Indian Trail,NC,28079,35.06715,-80.67944,20x20,20.0,20.0,8.0,400.0,large,236.0,472.0
2026-09-05,cubesmart,3032,38e635c7-fbc1-4442-b205-76d036b86b3b,1105 Waxhaw Indian Trail Rd,Indian Trail,NC,28079,35.06715,-80.67944,25 ft,,25.0,,,parking,129.6,216.0
2026-09-05,cubesmart,3032,ad7e7a7c-5635-4104-8a5f-b4b3a913b2f8,1105 Waxhaw Indian Trail Rd,Indian Trail,NC,28079,35.06715,-80.67944,30 ft,,30.0,,,parking,131.4,219.0
2026-09-05,cubesmart,3032,170ddad7-2fab-4e74-9189-b2bbb0fca51a,1105 Waxhaw Indian Trail Rd,Indian Trail,NC,28079,35.06715,-80.67944,40 ft,,40.0,,,parking,163.2,272.0
2026-09-05,cubesmart,3032,6f4d20f1-d08c-4d45-b5f6-2c21a41cb5cd,1105 Waxhaw Indian Trail Rd,Indian Trail,NC,28079,35.06715,-80.67944,5x10,5.0,10.0,8.0,50.0,small,27.0,54.0
2026-09-05,cubesmart,3032,f6f8f3b9-260f-482f-b93b-e812ac91bd77,1105 Waxhaw Indian Trail Rd,Indian Trail,NC,28079,35.06715,-80.67944,5x10,5.0,10.0,8.0,50.0,small,27.0,54.0
2026-09-05,cubesmart,3032,253d2140-8475-4e9d-a4af-f18283eff955,1105 Waxhaw Indian Trail Rd,Indian Trail,NC,28079,35.06715,-80.67944,5x15,5.0,15.0,8.0,75.0,small,34.5,69.0
2026-09-05,cubesmart,3032,6efbaf75-26bd-4cd2-bf7f-84955552af81,1105 Waxhaw Indian Trail Rd,Indian Trail,NC,28079,35.06715,-80.67944,5x5,5.0,5.0,8.0,25.0,small,15.5,31.0
2026-09-05,cubesmart,3032,970c3799-9b55-4c02-8716-130d3e0a7427,1105 Waxhaw Indian Trail Rd,Indian Trail,NC,28079,35.06715,-80.67944,5x7.5,5.0,7.5,10.0,37.5,small,17.0,34.0
2026-09-05,cubesmart,3032,bce0e4a6-a657-4440-a94c-9bc97573c4bf,1105 Waxhaw Indian Trail Rd,Indian Trail,NC,28079,35.06715,-80.67944,5x7.5,5.0,7.5,10.0,37.5,small,22.0,44.0
2026-09-05,cubesmart,3032,4eb40c4a-f3f5-464f-b092-c439869f8216,1105 Waxhaw Indian Trail Rd,Indian Trail,NC,28079,35.06715,-80.67944,7.5x10,7.5,10.0,10.0,75.0,small,31.5,63.0
2026-09-05,cubesmart,3282,6b9ccc50-d9f5-4c8d-94f8-3c1c98eb3bcc,12710 Lancaster Hwy,Pineville,NC,28134,35.06947,-80.87911,10x10,10.0,10.0,8.0,100.0,medium,52.65,81.0
2026-09-05,cubesmart,3282,2d10089b-0125-45ea-b165-3157a82e9242,12710 Lancaster Hwy,Pineville,NC,28134,35.06947,-80.87911,10x15,10.0,15.0,8.0,150.0,medium,100.5,201.0
2026-09-05,cubesmart,3282,b12d342f-a784-4aa3-a4fd-65f68cab613c,12710 Lancaster Hwy,Pineville,NC,28134,35.06947,-80.87911,10x20,10.0,20.0,8.0,200.0,large,250.0,500.0
2026-09-05,cubesmart,3282,8824bfa5-1c39-4dd0-b516-345774c09ebb,12710 Lancaster Hwy,Pineville,NC,28134,35.06947,-80.87911,10x20,10.0,20.0,8.0,200.0,large,282.5,565.0
2026-09-05,cubesmart,3282,0e5f6188-cbf4-4546-81a7-8dd00020a25a,12710 Lancaster Hwy,Pineville,NC,28134,35.06947,-80.87911,10x25,10.0,25.0,8.0,250.0,large,163.5,327.0
2026-09-05,cubesmart,3282,8c64fe6a-bc29-4e4c-be19-9472eae26b27,12710 Lancaster Hwy,Pineville,NC,28134,35.06947,-80.87911,10x30,10.0,30.0,8.0,300.0,large,471.5,943.0
2026-09-05,cubesmart,3282,e4c126be-fc66-4519-8301-2dd6c42d7abb,12710 Lancaster Hwy,Pineville,NC,28134,35.06947,-80.87911,20 ft,,20.0,,,parking,91.2,152.0
2026-09-05,cubesmart,3282,c80d6ecd-8bec-454b-888d-8936925ae0b1,12710 Lancaster Hwy,Pineville,NC,28134,35.06947,-80.87911,30 ft,,30.0,,,parking,87.6,146.0
2026-09-05,cubesmart,3282,f773324c-cbc9-45f2-aa6d-bb0b09fa29d5,12710 Lancaster Hwy,Pineville,NC,28134,35.06947,-80.87911,40 ft,,40.0,,,parking,118.8,198.0
2026-09-05,cubesmart,3282,5e8c84d6-eae3-448b-8804-beaf4ef05166,12710 Lancaster Hwy,Pineville,NC,28134,35.06947,-80.87911,5x10,5.0,10.0,8.0,50.0,small,53.3,82.0
2026-09-05,cubesmart,3282,d5ffb3ff-054d-42e7-b8b7-e56c7001e4db,12710 Lancaster Hwy,Pineville,NC,28134,35.06947,-80.87911,5x5,5.0,5.0,8.0,25.0,small,16.5,33.0
2026-09-05,cubesmart,4308,cbcf9401-203b-45de-a10d-92b1ce94ba88,13402 Lancaster Hwy,Pineville,NC,28134,35.06116,-80.87708,1.5x2,1.5,2.0,8.0,3.0,small,26.0,
2026-09-05,cubesmart,4308,5a0bf2cd-fedd-4396-8e08-edb0c7be10de,13402 Lancaster Hwy,Pineville,NC,28134,35.06116,-80.87708,10x10,10.0,10.0,8.0,100.0,medium,106.8,178.0
2026-09-05,cubesmart,4308,e26e91a9-0f2a-45d4-bf15-1bc2d61a6dec,13402 Lancaster Hwy,Pineville,NC,28134,35.06116,-80.87708,10x10,10.0,10.0,8.0,100.0,medium,91.2,152.0
2026-09-05,cubesmart,4308,468a9f0b-09c9-426b-8773-baceef3b9eb6,13402 Lancaster Hwy,Pineville,NC,28134,35.06116,-80.87708,10x15,10.0,15.0,8.0,150.0,medium,117.6,196.0
2026-09-05,cubesmart,4308,9b2f8d0c-7552-4dfa-939f-48557febd204,13402 Lancaster Hwy,Pineville,NC,28134,35.06116,-80.87708,10x15,10.0,15.0,8.0,150.0,medium,118.8,198.0
2026-09-05,cubesmart,4308,ad6eb9c9-3db7-4be8-877c-5d296b1f6785,13402 Lancaster Hwy,Pineville,NC,28134,35.06116,-80.87708,10x15,10.0,15.0,8.0,150.0,medium,135.0,225.0
2026-09-05,cubesmart,4308,72e0a00e-4b41-42b0-b568-e86363b4d0a4,13402 Lancaster Hwy,Pineville,NC,28134,35.06116,-80.87708,10x20,10.0,20.0,8.0,200.0,large,183.6,306.0
2026-09-05,cubesmart,4308,3e376ef7-5ec7-43a9-80e8-9925e157aecd,13402 Lancaster Hwy,Pineville,NC,28134,35.06116,-80.87708,10x20,10.0,20.0,8.0,200.0,large,196.8,328.0
2026-09-05,cubesmart,4308,0fd3e866-0abb-47ab-8870-5012d8e12199,13402 Lancaster Hwy,Pineville,NC,28134,35.06116,-80.87708,9x20,9.0,20.0,8.0,180.0,large,165.0,275.0
2026-09-05,cubesmart,4308,f05448ff-6ddc-486c-bbd7-fcd67458160b,13402 Lancaster Hwy,Pineville,NC,28134,35.06116,-80.87708,9x20,9.0,20.0,8.0,180.0,large,193.8,323.0
2026-09-05,cubesmart,4428,f5b9a96a-8cac-4ede-960d-9fdd924c532e,2701 S Tryon St,Charlotte,NC,28203,35.2044,-80.86998,10x10,10.0,10.0,8.0,100.0,medium,80.0,160.0
2026-09-05,cubesmart,4428,3cc2ebb0-1eab-473c-99b4-2a97ae7d0bd8,2701 S Tryon St,Charlotte,NC,28203,35.2044,-80.86998,10x15,10.0,15.0,8.0,150.0,medium,102.5,205.0
2026-09-05,cubesmart,4428,7ba0e105-130b-4e8b-8dea-53e5c92062d3,2701 S Tryon St,Charlotte,NC,28203,35.2044,-80.86998,10x20,10.0,20.0,8.0,200.0,large,154.0,308.0
2026-09-05,cubesmart,4428,310f95e2-990c-4ff6-af50-03d49bc7b20b,2701 S Tryon St,Charlotte,NC,28203,35.2044,-80.86998,15x20,15.0,20.0,8.0,300.0,large,293.0,586.0
2026-09-05,cubesmart,4428,483456fc-b2c6-4ed6-83cd-5eb29b472426,2701 S Tryon St,Charlotte,NC,28203,35.2044,-80.86998,1x2,1.0,2.0,4.0,2.0,small,23.0,
2026-09-05,cubesmart,4428,461a8ad6-8bd9-45e7-90c1-dc192711868d,2701 S Tryon St,Charlotte,NC,28203,35.2044,-80.86998,2x2,2.0,2.0,4.0,4.0,small,34.0,
2026-09-05,cubesmart,4428,2f0031a9-5213-47fc-a23d-0b0bf8ad863b,2701 S Tryon St,Charlotte,NC,28203,35.2044,-80.86998,2x3,2.0,3.0,4.0,6.0,small,43.0,
2026-09-05,cubesmart,4428,e03604e9-f76d-44ee-b8e8-4355d5167d58,2701 S Tryon St,Charlotte,NC,28203,35.2044,-80.86998,3x3,3.0,3.0,4.0,9.0,small,50.0,
2026-09-05,cubesmart,4428,d8bf0bfd-f8a4-4f39-abb7-885d7dbfbd0b,2701 S Tryon St,Charlotte,NC,28203,35.2044,-80.86998,5x10,5.0,10.0,8.0,50.0,small,47.45,73.0
2026-09-05,cubesmart,4428,3960a3d1-5ffa-4f27-8317-1be197ff9d0f,2701 S Tryon St,Charlotte,NC,28203,35.2044,-80.86998,5x5,5.0,5.0,8.0,25.0,small,29.0,58.0
2026-09-05,cubesmart,3829,c3a8de7f-d243-44b7-9a13-d99c0a27ca0f,2908 Monroe Rd,Charlotte,NC,28205,35.20391,-80.80577,10x10,10.0,10.0,8.0,100.0,medium,131.0,262.0
2026-09-05,cubesmart,3829,d14a4b14-0961-4d00-ba71-33d8104836bf,2908 Monroe Rd,Charlotte,NC,28205,35.20391,-80.80577,10x11,10.0,11.0,8.0,110.0,medium,132.0,264.0
2026-09-05,cubesmart,3829,a42425af-6f19-4326-809b-cc1676371096,2908 Monroe Rd,Charlotte,NC,28205,35.20391,-80.80577,10x15,10.0,15.0,8.0,150.0,medium,159.5,319.0
2026-09-05,cubesmart,3829,3245ac03-8737-44a1-9e4a-5e40f1763efe,2908 Monroe Rd,Charlotte,NC,28205,35.20391,-80.80577,10x15,10.0,15.0,8.0,150.0,medium,184.6,284.0
2026-09-05,cubesmart,3829,9ade5594-7b72-4dca-8cd1-a3e520c3b96f,2908 Monroe Rd,Charlotte,NC,28205,35.20391,-80.80577,10x16,10.0,16.0,8.0,160.0,large,202.0,404.0
2026-09-05,cubesmart,3829,f6978253-9401-4ca3-9525-bb486fb22762,2908 Monroe Rd,Charlotte,NC,28205,35.20391,-80.80577,10x19,10.0,19.0,8.0,190.0,large,216.0,432.0
2026-09-05,cubesmart,3829,a14fc35b-954a-496b-b8f8-e6d9da4ca0f3,2908 Monroe Rd,Charlotte,NC,28205,35.20391,-80.80577,10x20,10.0,20.0,8.0,200.0,large,279.5,430.0
2026-09-05,cubesmart,3829,cc8a1100-6e0c-4541-8d24-75f84543d711,2908 Monroe Rd,Charlotte,NC,28205,35.20391,-80.80577,10x22,10.0,22.0,8.0,220.0,large,250.0,500.0
2026-09-05,cubesmart,3829,60888e44-b4d4-42b3-9fb9-140c95bcde71,2908 Monroe Rd,Charlotte,NC,28205,35.20391,-80.80577,10x30,10.0,30.0,8.0,300.0,large,429.0,858.0
2026-09-05,cubesmart,3829,f25fc83f-71c5-40ef-babb-b6264e8353e6,2908 Monroe Rd,Charlotte,NC,28205,35.20391,-80.80577,12x13,12.0,13.0,8.0,156.0,large,169.0,338.0
2026-09-05,cubesmart,3829,bfc7f016-e99c-4c89-abe7-665b449ef859,2908 Monroe Rd,Charlotte,NC,28205,35.20391,-80.80577,4x6,4.0,6.0,8.0,24.0,small,37.5,75.0
2026-09-05,cubesmart,3829,d47571cb-5eca-4934-b0b0-32ffbe936834,2908 Monroe Rd,Charlotte,NC,28205,35.20391,-80.80577,5x10,5.0,10.0,8.0,50.0,small,69.5,139.0
2026-09-05,cubesmart,3829,b4477e7e-337b-4b6d-85a3-fff67c3f54de,2908 Monroe Rd,Charlotte,NC,28205,35.20391,-80.80577,5x15,5.0,15.0,8.0,75.0,small,80.0,160.0
2026-09-05,cubesmart,3829,7cccc7ca-1a90-4760-9c12-ba9b9231de55,2908 Monroe Rd,Charlotte,NC,28205,35.20391,-80.80577,5x5,5.0,5.0,4.0,25.0,small,29.0,58.0
2026-09-05,cubesmart,3829,b9bef006-0e1d-48b9-82f4-9da20312bc6c,2908 Monroe Rd,Charlotte,NC,28205,35.20391,-80.80577,5x5,5.0,5.0,8.0,25.0,small,30.55,47.0
2026-09-05,cubesmart,3829,b789c1aa-a31e-4a25-99e0-4d37e0f997c6,2908 Monroe Rd,Charlotte,NC,28205,35.20391,-80.80577,5x5,5.0,5.0,8.0,25.0,small,46.0,92.0
2026-09-05,cubesmart,3829,c9b36bd5-a016-4293-b1c9-c43b05c0a123,2908 Monroe Rd,Charlotte,NC,28205,35.20391,-80.80577,7.5x10,7.5,10.0,8.0,75.0,small,79.0,158.0
2026-09-05,cubesmart,3829,c3c5b0b5-85d4-48de-bb7e-7559725a2cc1,2908 Monroe Rd,Charlotte,NC,28205,35.20391,-80.80577,7.5x10,7.5,10.0,8.0,75.0,small,80.0,160.0
2026-09-05,cubesmart,3829,aabda7f4-1712-4edf-8ac9-5b59bb0c014d,2908 Monroe Rd,Charlotte,NC,28205,35.20391,-80.80577,7x7,7.0,7.0,8.0,49.0,small,62.0,124.0
2026-09-05,cubesmart,4144,3460b275-5f74-4ad0-b421-741a8353d9e1,1451 Bryant St,Charlotte,NC,28208,35.22733,-80.86679,10x10,10.0,10.0,8.0,100.0,medium,68.4,114.0
2026-09-05,cubesmart,4144,70ac6940-2f41-4901-bb0f-7cba8610aee8,1451 Bryant St,Charlotte,NC,28208,35.22733,-80.86679,10x15,10.0,15.0,8.0,150.0,medium,104.25,139.0
2026-09-05,cubesmart,4144,125484d1-f935-457c-b3fa-07b5e278eb1f,1451 Bryant St,Charlotte,NC,28208,35.22733,-80.86679,10x20,10.0,20.0,,200.0,parking,72.6,121.0
2026-09-05,cubesmart,4144,74f88d2c-ae3c-4695-a791-d04f0919778f,1451 Bryant St,Charlotte,NC,28208,35.22733,-80.86679,10x40,10.0,40.0,,400.0,parking,142.2,237.0
2026-09-05,cubesmart,4144,48611996-abba-40cd-bbb9-470652874a37,1451 Bryant St,Charlotte,NC,28208,35.22733,-80.86679,20x40,20.0,40.0,,800.0,parking,288.6,481.0
2026-09-05,cubesmart,4144,4fa1cf00-fd75-4165-bcae-50217884bc09,1451 Bryant St,Charlotte,NC,28208,35.22733,-80.86679,5x10,5.0,10.0,8.0,50.0,small,53.4,89.0
2026-09-05,cubesmart,4144,8b3b839c-3c9d-464c-bc7b-e7c037f0fc0a,1451 Bryant St,Charlotte,NC,28208,35.22733,-80.86679,5x10,5.0,10.0,8.0,50.0,small,53.4,89.0
2026-09-05,cubesmart,4144,1185e551-ce0c-4747-b8dd-bdba9d5c36da,1451 Bryant St,Charlotte,NC,28208,35.22733,-80.86679,5x5,5.0,5.0,8.0,25.0,small,25.8,43.0
2026-09-05,cubesmart,4144,e3b4ec39-5baa-4553-bd04-5ab651ee6e7e,1451 Bryant St,Charlotte,NC,28208,35.22733,-80.86679,5x7.5,5.0,7.5,8.0,37.5,small,28.8,48.0
2026-09-05,cubesmart,4144,9b18357b-0d8e-48f7-a287-5a32afbe958f,1451 Bryant St,Charlotte,NC,28208,35.22733,-80.86679,7.5x10,7.5,10.0,8.0,75.0,small,61.5,82.0
2026-09-05,cubesmart,4169,0d16dd1a-2375-4b96-be7e-37b710f288ae,2010 Rocky River Rd,Charlotte,NC,28213,35.2765,-80.72883,10x10,10.0,10.0,8.0,100.0,medium,107.25,143.0
2026-09-05,cubesmart,4169,e48cb836-e14e-4349-b0d3-02ce80c9263f,2010 Rocky River Rd,Charlotte,NC,28213,35.2765,-80.72883,10x15,10.0,15.0,8.0,150.0,medium,178.5,238.0
2026-09-05,cubesmart,4169,f607d65d-ab38-4dc6-9047-022b2de02cc7,2010 Rocky River Rd,Charlotte,NC,28213,35.2765,-80.72883,10x15,10.0,15.0,8.0,150.0,medium,206.4,344.0
2026-09-05,cubesmart,4169,261a1558-3d5e-43ce-a047-822ae069a602,2010 Rocky River Rd,Charlotte,NC,28213,35.2765,-80.72883,10x20,10.0,20.0,8.0,200.0,large,196.8,328.0
2026-09-05,cubesmart,4169,aa92ef81-530c-4a0f-af80-fef30d00bd0f,2010 Rocky River Rd,Charlotte,NC,28213,35.2765,-80.72883,10x20,10.0,20.0,8.0,200.0,large,221.4,369.0
2026-09-05,cubesmart,4169,acbd198f-a30d-4dbb-8fe0-7e67ed20df87,2010 Rocky River Rd,Charlotte,NC,28213,35.2765,-80.72883,10x25,10.0,25.0,8.0,250.0,large,363.0,484.0
2026-09-05,cubesmart,4169,34dca779-8fb1-41f7-a82c-72721f840365,2010 Rocky River Rd,Charlotte,NC,28213,35.2765,-80.72883,15x20,15.0,20.0,8.0,300.0,large,334.8,558.0
2026-09-05,cubesmart,4169,bfd04579-fa68-40e3-b9d6-09c75070ffa0,2010 Rocky River Rd,Charlotte,NC,28213,35.2765,-80.72883,2x3,2.0,3.0,8.0,6.0,small,47.6,56.0
2026-09-05,cubesmart,4169,ad75b778-2be9-4bbf-9538-bdb654dfb6ce,2010 Rocky River Rd,Charlotte,NC,28213,35.2765,-80.72883,3x3,3.0,3.0,8.0,9.0,small,53.55,63.0
2026-09-05,cubesmart,4169,f3fd6897-472e-41f5-8008-6a909ff1af66,2010 Rocky River Rd,Charlotte,NC,28213,35.2765,-80.72883,3x6,3.0,6.0,8.0,18.0,small,109.65,129.0
2026-09-05,cubesmart,4169,46d64d95-fd4b-42df-9259-445437d37334,2010 Rocky River Rd,Charlotte,NC,28213,35.2765,-80.72883,5x5,5.0,5.0,8.0,25.0,small,37.2,62.0
2026-09-05,cubesmart,4169,452aefed-d35a-48e7-acc1-d8daa6b1c019,2010 Rocky River Rd,Charlotte,NC,28213,35.2765,-80.72883,5x5,5.0,5.0,8.0,25.0,small,43.8,73.0
2026-09-05,cubesmart,4515,a1cf2f39-654c-494c-9b3b-e0f79baab04d,10609 Johnston Rd,Charlotte,NC,28226,35.08881,-80.85304,10x10,10.0,10.0,8.0,100.0,medium,110.0,220.0
2026-09-05,cubesmart,4515,9ab2de07-800b-4138-80fd-7c85adb683ab,10609 Johnston Rd,Charlotte,NC,28226,35.08881,-80.85304,10x10,10.0,10.0,8.0,100.0,medium,125.0,250.0
2026-09-05,cubesmart,4515,9a9ee237-c969-41e9-ab15-d36f35b08221,10609 Johnston Rd,Charlotte,NC,28226,35.08881,-80.85304,10x12,10.0,12.0,8.0,120.0,medium,114.5,229.0
2026-09-05,cubesmart,4515,e9e9ca3f-65f8-43aa-8a6e-ee08a06426e5,10609 Johnston Rd,Charlotte,NC,28226,35.08881,-80.85304,10x12,10.0,12.0,8.0,120.0,medium,114.5,229.0
2026-09-05,cubesmart,4515,6853fe03-0027-4c04-b26b-673c71b536ca,10609 Johnston Rd,Charlotte,NC,28226,35.08881,-80.85304,10x15,10.0,15.0,8.0,150.0,medium,129.5,259.0
2026-09-05,cubesmart,4515,028771ba-00b2-4919-a797-218a409ede11,10609 Johnston Rd,Charlotte,NC,28226,35.08881,-80.85304,10x15,10.0,15.0,8.0,150.0,medium,140.0,280.0
2026-09-05,cubesmart,4515,f6a4e89f-4a9a-459d-8d0e-04888e20b538,10609 Johnston Rd,Charlotte,NC,28226,35.08881,-80.85304,10x15,10.0,15.0,8.0,150.0,medium,201.0,402.0
2026-09-05,cubesmart,4515,0521c2b0-046e-44d5-959f-fb8868689672,10609 Johnston Rd,Charlotte,NC,28226,35.08881,-80.85304,10x18,10.0,18.0,8.0,180.0,large,163.5,327.0
2026-09-05,cubesmart,4515,6609e23d-560e-4140-bbc8-c2d61c7c5be6,10609 Johnston Rd,Charlotte,NC,28226,35.08881,-80.85304,10x20,10.0,20.0,8.0,200.0,large,159.9,246.0
2026-09-05,cubesmart,4515,a46323f4-d6fd-42f7-bfa5-056cbffec40a,10609 Johnston Rd,Charlotte,NC,28226,35.08881,-80.85304,10x25,10.0,25.0,8.0,250.0,large,163.15,251.0
2026-09-05,cubesmart,4515,bab2b7b5-0024-449a-b4ff-d5223d65a6f8,10609 Johnston Rd,Charlotte,NC,28226,35.08881,-80.85304,10x30,10.0,30.0,8.0,300.0,large,224.0,448.0
2026-09-05,cubesmart,4515,82822503-7b43-4fc8-a399-8d5014f29553,10609 Johnston Rd,Charlotte,NC,28226,35.08881,-80.85304,5x10,5.0,10.0,8.0,50.0,small,52.0,80.0
2026-09-05,cubesmart,4515,1b1c48c5-6090-4cf0-897f-94a9500e5ed6,10609 Johnston Rd,Charlotte,NC,28226,35.08881,-80.85304,5x10,5.0,10.0,8.0,50.0,small,62.0,124.0
2026-09-05,cubesmart,4515,529ff118-7ef3-40a1-8aa6-1d03c08cac31,10609 Johnston Rd,Charlotte,NC,28226,35.08881,-80.85304,5x15,5.0,15.0,8.0,75.0,small,66.3,102.0
2026-09-05,cubesmart,4515,5588b100-7a64-441a-b94e-db4d07e05c9f,10609 Johnston Rd,Charlotte,NC,28226,35.08881,-80.85304,5x5,5.0,5.0,8.0,25.0,small,26.5,53.0
2026-09-05,cubesmart,4515,d7a451d0-cf67-416f-b889-a305e13b563d,10609 Johnston Rd,Charlotte,NC,28226,35.08881,-80.85304,7x10,7.0,10.0,8.0,70.0,small,66.5,133.0
2026-09-05,cubesmart,4515,d68131fc-9714-48ee-be76-e65998e90158,10609 Johnston Rd,Charlotte,NC,28226,35.08881,-80.85304,7x8,7.0,8.0,8.0,56.0,small,64.0,128.0
2026-09-05,cubesmart,2668,79042368-c806-480e-a0f9-9122ec8b3120,7043 E Independence Blvd,Charlotte,NC,28227,35.16508,-80.74081,10x10,10.0,10.0,8.0,100.0,medium,46.2,77.0
2026-09-05,cubesmart,2668,1bb8c304-288d-4043-b323-e28134e4a513,7043 E Independence Blvd,Charlotte,NC,28227,35.16508,-80.74081,10x15,10.0,15.0,8.0,150.0,medium,108.0,180.0
2026-09-05,cubesmart,2668,e2f69298-54ba-4e33-8f20-e3e67115b033,7043 E Independence Blvd,Charlotte,NC,28227,35.16508,-80.74081,10x20,10.0,20.0,8.0,200.0,large,114.6,191.0
2026-09-05,cubesmart,2668,4ea49c54-bfdd-4cc7-b846-5856f730689f,7043 E Independence Blvd,Charlotte,NC,28227,35.16508,-80.74081,10x25,10.0,25.0,8.0,250.0,large,154.2,257.0
2026-09-05,cubesmart,2668,8726603b-d02d-4ed7-92b0-6555e87c9a42,7043 E Independence Blvd,Charlotte,NC,28227,35.16508,-80.74081,20x20,20.0,20.0,8.0,400.0,large,197.4,329.0
2026-09-05,cubesmart,2668,b62bc08d-7377-43e4-ad51-e8736142367a,7043 E Independence Blvd,Charlotte,NC,28227,35.16508,-80.74081,5x10,5.0,10.0,8.0,50.0,small,23.4,39.0
2026-09-05,cubesmart,2668,6387158b-d40f-4835-82a7-57cb4a36f19e,7043 E Independence Blvd,Charlotte,NC,28227,35.16508,-80.74081,5x15,5.0,15.0,8.0,75.0,small,35.4,59.0
2026-09-05,cubesmart,4843,240456b0-53b7-4abb-a0c7-5161b505dc8c,2601 Ridge Rd,Charlotte,NC,28269,35.3629,-80.74593,10x10,10.0,10.0,8.0,100.0,medium,80.0,160.0
2026-09-05,cubesmart,4843,b6a81141-ebda-4efa-b6c1-e6a9aa9c8e6c,2601 Ridge Rd,Charlotte,NC,28269,35.3629,-80.74593,10x13,10.0,13.0,8.0,130.0,medium,94.9,146.0
2026-09-05,cubesmart,4843,0f1d53bb-6c36-4cdf-a13b-9a973722a51c,2601 Ridge Rd,Charlotte,NC,28269,35.3629,-80.74593,10x13,10.0,13.0,8.0,130.0,medium,96.0,192.0
2026-09-05,cubesmart,4843,db262c21-c3bf-4501-935c-619f00da026c,2601 Ridge Rd,Charlotte,NC,28269,35.3629,-80.74593,10x15,10.0,15.0,8.0,150.0,medium,100.5,201.0
2026-09-05,cubesmart,4843,39ec313a-acd2-4ff9-be4e-3bcbc8f29659,2601 Ridge Rd,Charlotte,NC,28269,35.3629,-80.74593,10x20,10.0,20.0,8.0,200.0,large,109.0,218.0
2026-09-05,cubesmart,4843,6cafd916-a1a6-4a00-8003-dd35d4fd5052,2601 Ridge Rd,Charlotte,NC,28269,35.3629,-80.74593,10x20,10.0,20.0,8.0,200.0,large,224.5,449.0
2026-09-05,cubesmart,4843,8c79a8f6-2b52-4e6e-9225-6d8288660d7f,2601 Ridge Rd,Charlotte,NC,28269,35.3629,-80.74593,15x20,15.0,20.0,8.0,300.0,large,253.0,506.0
2026-09-05,cubesmart,4843,e1fc2765-d20c-4d76-8452-d6e0fb69b846,2601 Ridge Rd,Charlotte,NC,28269,35.3629,-80.74593,5x10,5.0,10.0,8.0,50.0,small,51.5,103.0
2026-09-05,cubesmart,4843,d749ec54-7df2-4260-aa4d-aef09c51ce89,2601 Ridge Rd,Charlotte,NC,28269,35.3629,-80.74593,5x10,5.0,10.0,8.0,50.0,small,65.0,130.0
2026-09-05,cubesmart,4843,6d83c23a-d237-4be5-b7f8-052a38318989,2601 Ridge Rd,Charlotte,NC,28269,35.3629,-80.74593,5x5,5.0,5.0,8.0,25.0,small,36.5,73.0
2026-09-05,cubesmart,4843,3bdab984-99f2-4808-9e2c-21cba08e06e1,2601 Ridge Rd,Charlotte,NC,28269,35.3629,-80.74593,8x10,8.0,10.0,8.0,80.0,medium,57.5,115.0
2026-09-05,cubesmart,4843,d3522863-61f5-43e6-bc8f-36f5446daa5b,2601 Ridge Rd,Charlotte,NC,28269,35.3629,-80.74593,8x10,8.0,10.0,8.0,80.0,medium,57.5,115.0
2026-09-05,cubesmart,328,85e8f7fb-0a72-4c67-93fd-d5d05f1e752c,5008 W W T Harris Blvd,Charlotte,NC,28269,35.33365,-80.81547,10x10,10.0,10.0,8.0,100.0,medium,124.8,208.0
2026-09-05,cubesmart,328,b11f7c31-0554-4cd3-904b-7ad644ff6ef3,5008 W W T Harris Blvd,Charlotte,NC,28269,35.33365,-80.81547,10x10,10.0,10.0,8.0,100.0,medium,81.0,135.0
2026-09-05,cubesmart,328,9627ce47-615a-4f8e-bc29-7bca62c0b615,5008 W W T Harris Blvd,Charlotte,NC,28269,35.33365,-80.81547,10x15,10.0,15.0,8.0,150.0,medium,175.8,293.0
2026-09-05,cubesmart,328,cdd67cb8-116d-44ca-b822-9043237444b5,5008 W W T Harris Blvd,Charlotte,NC,28269,35.33365,-80.81547,10x15,10.0,15.0,8.0,150.0,medium,203.4,339.0
2026-09-05,cubesmart,328,4e0a0b4f-dfe1-48af-b963-3dba36124fe7,5008 W W T Harris Blvd,Charlotte,NC,28269,35.33365,-80.81547,10x20,10.0,20.0,8.0,200.0,large,205.2,342.0
2026-09-05,cubesmart,328,7ac6fcdf-8e76-4653-997c-52d73039c29f,5008 W W T Harris Blvd,Charlotte,NC,28269,35.33365,-80.81547,10x20,10.0,20.0,8.0,200.0,large,228.6,381.0
2026-09-05,cubesmart,328,dc7772f3-fbd2-4704-bb2d-b3145a2d0802,5008 W W T Harris Blvd,Charlotte,NC,28269,35.33365,-80.81547,10x25,10.0,25.0,8.0,250.0,large,240.75,321.0
2026-09-05,cubesmart,328,8ea5ae0d-5c57-4c90-b4dc-67fd1e4a48e0,5008 W W T Harris Blvd,Charlotte,NC,28269,35.33365,-80.81547,20 ft,,20.0,,,parking,127.2,212.0
2026-09-05,cubesmart,328,f5d08318-57c7-48ab-9b3f-b535513634e6,5008 W W T Harris Blvd,Charlotte,NC,28269,35.33365,-80.81547,5x10,5.0,10.0,8.0,50.0,small,48.0,80.0
2026-09-05,cubesmart,328,80176cb9-1e3b-4e5d-ab3f-8e8965e1d214,5008 W W T Harris Blvd,Charlotte,NC,28269,35.33365,-80.81547,5x10,5.0,10.0,8.0,50.0,small,61.2,102.0
2026-09-05,cubesmart,328,dd9fe239-ebaf-486b-b0e8-8c0d3492f8bb,5008 W W T Harris Blvd,Charlotte,NC,28269,35.33365,-80.81547,5x20,5.0,20.0,8.0,100.0,medium,124.8,208.0
2026-09-05,cubesmart,328,f8c80f85-72f2-4ce8-aba3-15b24f8656b9,5008 W W T Harris Blvd,Charlotte,NC,28269,35.33365,-80.81547,5x5,5.0,5.0,8.0,25.0,small,33.0,55.0
2026-09-05,cubesmart,328,33c9629c-8467-46b7-af90-7b46574ec3e6,5008 W W T Harris Blvd,Charlotte,NC,28269,35.33365,-80.81547,5x5,5.0,5.0,8.0,25.0,small,46.2,77.0
2026-09-05,cubesmart,328,29cadbbb-da37-416f-962e-09bd786e8876,5008 W W T Harris Blvd,Charlotte,NC,28269,35.33365,-80.81547,5x6,5.0,6.0,8.0,30.0,small,36.0,60.0
2026-09-05,cubesmart,3439,360fa21f-bb7c-4120-9a61-c6f76da3aae2,16155 Lancaster Hwy,Charlotte,NC,28277,35.02827,-80.85031,10x10,10.0,10.0,8.0,100.0,medium,72.5,145.0
2026-09-05,cubesmart,3439,cc8f2c27-41aa-4f4c-b6d1-c821c13be944,16155 Lancaster Hwy,Charlotte,NC,28277,35.02827,-80.85031,10x10,10.0,10.0,8.0,100.0,medium,81.5,163.0
2026-09-05,cubesmart,3439,073d062a-1c3f-42d2-baa7-13da5e886f82,16155 Lancaster Hwy,Charlotte,NC,28277,35.02827,-80.85031,10x15,10.0,15.0,8.0,150.0,medium,110.0,220.0
2026-09-05,cubesmart,3439,601f73cd-7e83-4773-b4e6-c353f1c39074,16155 Lancaster Hwy,Charlotte,NC,28277,35.02827,-80.85031,10x20,10.0,20.0,8.0,200.0,large,183.95,283.0
2026-09-05,cubesmart,3439,d6ec1f52-5304-4bda-ada0-1d7cf454dccf,16155 Lancaster Hwy,Charlotte,NC,28277,35.02827,-80.85031,10x20,10.0,20.0,8.0,200.0,large,185.0,370.0
2026-09-05,cubesmart,3439,b65b6c7a-28a6-4564-9b9e-88acdc194a58,16155 Lancaster Hwy,Charlotte,NC,28277,35.02827,-80.85031,10x20,10.0,20.0,8.0,200.0,large,185.0,370.0
2026-09-05,cubesmart,3439,689f1e76-f612-4834-af8e-22b3562e7bd4,16155 Lancaster Hwy,Charlotte,NC,28277,35.02827,-80.85031,5x10,5.0,10.0,8.0,50.0,small,33.8,52.0
2026-09-05,cubesmart,3439,ae8104da-eb00-4460-9c17-4224999f06c8,16155 Lancaster Hwy,Charlotte,NC,28277,35.02827,-80.85031,5x5,5.0,5.0,8.0,25.0,small,27.0,54.0
2026-09-05,cubesmart,3439,82b0dd6d-3f75-4390-a32e-f8bfe0e2dac0,16155 Lancaster Hwy,Charlotte,NC,28277,35.02827,-80.85031,5x5,5.0,5.0,8.0,25.0,small,31.5,63.0
2026-09-05,publicstorage,1796,V_322793,3710 Monroe Road,Charlotte,NC,28205,35.20039,-80.79774,10x10,10.0,10.0,,100.0,medium,53.0,106.0
2026-09-05,publicstorage,1796,V_322792,3710 Monroe Road,Charlotte,NC,28205,35.20039,-80.79774,10x15,10.0,15.0,,150.0,large,81.0,162.0
2026-09-05,publicstorage,1796,V_1423025,3710 Monroe Road,Charlotte,NC,28205,35.20039,-80.79774,10x20,10.0,20.0,,200.0,large,100.0,200.0
2026-09-05,publicstorage,1796,V_649220,3710 Monroe Road,Charlotte,NC,28205,35.20039,-80.79774,10x20,10.0,20.0,,200.0,large,140.0,280.0
2026-09-05,publicstorage,1796,V_1423023,3710 Monroe Road,Charlotte,NC,28205,35.20039,-80.79774,10x20,10.0,20.0,,200.0,large,98.0,196.0
2026-09-05,publicstorage,1796,V_1536323,3710 Monroe Road,Charlotte,NC,28205,35.20039,-80.79774,10x25,10.0,25.0,,250.0,large,175.0,292.0
2026-09-05,publicstorage,1796,V_1554294,3710 Monroe Road,Charlotte,NC,28205,35.20039,-80.79774,12x30,12.0,30.0,,360.0,parking,210.0,280.0
2026-09-05,publicstorage,1796,V_1536322,3710 Monroe Road,Charlotte,NC,28205,35.20039,-80.79774,20x30,20.0,30.0,,600.0,large,328.0,546.0
2026-09-05,publicstorage,1796,V_322343,3710 Monroe Road,Charlotte,NC,28205,35.20039,-80.79774,30x30,30.0,30.0,,900.0,large,494.0,658.0
2026-09-05,publicstorage,1796,V_322790,3710 Monroe Road,Charlotte,NC,28205,35.20039,-80.79774,5x10,5.0,10.0,,50.0,small,32.0,64.0
2026-09-05,publicstorage,1796,V_1569099,3710 Monroe Road,Charlotte,NC,28205,35.20039,-80.79774,5x10,5.0,10.0,,50.0,small,42.0,84.0
2026-09-05,publicstorage,1796,V_322393,3710 Monroe Road,Charlotte,NC,28205,35.20039,-80.79774,9x15,9.0,15.0,,135.0,large,95.0,190.0
2026-09-05,publicstorage,2334,V_613570,1001 N Tryon St,Charlotte,NC,28206,35.23509,-80.83288,10x10,10.0,10.0,,100.0,medium,65.0,108.0
2026-09-05,publicstorage,2334,V_613574,1001 N Tryon St,Charlotte,NC,28206,35.23509,-80.83288,10x15,10.0,15.0,,150.0,large,126.0,168.0
2026-09-05,publicstorage,2334,V_1423096,1001 N Tryon St,Charlotte,NC,28206,35.23509,-80.83288,10x20,10.0,20.0,,200.0,large,156.0,208.0
2026-09-05,publicstorage,2334,V_1423099,1001 N Tryon St,Charlotte,NC,28206,35.23509,-80.83288,10x25,10.0,25.0,,250.0,large,201.0,268.0
2026-09-05,publicstorage,2334,V_1423095,1001 N Tryon St,Charlotte,NC,28206,35.23509,-80.83288,12x30,12.0,30.0,,360.0,large,269.0,359.0
2026-09-05,publicstorage,2334,V_613564,1001 N Tryon St,Charlotte,NC,28206,35.23509,-80.83288,15x15,15.0,15.0,,225.0,large,156.0,208.0
2026-09-05,publicstorage,2334,V_613573,1001 N Tryon St,Charlotte,NC,28206,35.23509,-80.83288,5x10,5.0,10.0,,50.0,small,40.0,80.0
2026-09-05,publicstorage,2334,V_613577,1001 N Tryon St,Charlotte,NC,28206,35.23509,-80.83288,5x15,5.0,15.0,,75.0,medium,56.0,94.0
2026-09-05,publicstorage,1168,V_596099,1508 Ashley Road,Charlotte,NC,28208,35.2418,-80.89735,10x10,10.0,10.0,,100.0,medium,99.0,132.0
2026-09-05,publicstorage,1168,V_178759,1508 Ashley Road,Charlotte,NC,28208,35.2418,-80.89735,10x15,10.0,15.0,,150.0,large,131.0,174.0
2026-09-05,publicstorage,1168,V_1423898,1508 Ashley Road,Charlotte,NC,28208,35.2418,-80.89735,10x20,10.0,20.0,,200.0,large,87.0,174.0
2026-09-05,publicstorage,1168,V_1566365,1508 Ashley Road,Charlotte,NC,28208,35.2418,-80.89735,5x10,5.0,10.0,,50.0,small,55.0,73.0
2026-09-05,publicstorage,1168,V_1566364,1508 Ashley Road,Charlotte,NC,28208,35.2418,-80.89735,5x5,5.0,5.0,,25.0,small,60.0,80.0
2026-09-05,publicstorage,2092,V_336791,3912 Wilkinson Blvd,Charlotte,NC,28208,35.22531,-80.90635,10x10,10.0,10.0,,100.0,medium,59.0,118.0
2026-09-05,publicstorage,2092,V_649382,3912 Wilkinson Blvd,Charlotte,NC,28208,35.22531,-80.90635,10x10,10.0,10.0,,100.0,medium,81.0,162.0
2026-09-05,publicstorage,2092,V_336797,3912 Wilkinson Blvd,Charlotte,NC,28208,35.22531,-80.90635,10x15,10.0,15.0,,150.0,large,131.0,175.0
2026-09-05,publicstorage,2092,V_1529990,3912 Wilkinson Blvd,Charlotte,NC,28208,35.22531,-80.90635,10x20,10.0,20.0,,200.0,large,128.0,214.0
2026-09-05,publicstorage,2092,V_1578229,3912 Wilkinson Blvd,Charlotte,NC,28208,35.22531,-80.90635,10x20,10.0,20.0,,200.0,large,137.0,228.0
2026-09-05,publicstorage,2092,V_1518018,3912 Wilkinson Blvd,Charlotte,NC,28208,35.22531,-80.90635,10x20,10.0,20.0,,200.0,parking,74.0,98.0
2026-09-05,publicstorage,2092,V_581805,3912 Wilkinson Blvd,Charlotte,NC,28208,35.22531,-80.90635,10x30,10.0,30.0,,300.0,large,178.0,254.0
2026-09-05,publicstorage,2092,V_325164,3912 Wilkinson Blvd,Charlotte,NC,28208,35.22531,-80.90635,15x20,15.0,20.0,,300.0,large,192.0,274.0
2026-09-05,publicstorage,2092,V_325170,3912 Wilkinson Blvd,Charlotte,NC,28208,35.22531,-80.90635,5x10,5.0,10.0,,50.0,small,54.0,90.0
2026-09-05,publicstorage,2092,V_325178,3912 Wilkinson Blvd,Charlotte,NC,28208,35.22531,-80.90635,5x5,5.0,5.0,,25.0,small,53.0,70.0
2026-09-05,publicstorage,1024,V_566786,4329 South Blvd,Charlotte,NC,28209,35.18362,-80.87503,10x15,10.0,15.0,,150.0,large,96.0,160.0
2026-09-05,publicstorage,1024,V_1423716,4329 South Blvd,Charlotte,NC,28209,35.18362,-80.87503,10x20,10.0,20.0,,200.0,large,100.0,200.0
2026-09-05,publicstorage,1024,V_1423715,4329 South Blvd,Charlotte,NC,28209,35.18362,-80.87503,10x30,10.0,30.0,,300.0,large,162.0,232.0
2026-09-05,publicstorage,1024,V_576913,4329 South Blvd,Charlotte,NC,28209,35.18362,-80.87503,5x10,5.0,10.0,,50.0,small,43.0,72.0
2026-09-05,publicstorage,1024,V_576914,4329 South Blvd,Charlotte,NC,28209,35.18362,-80.87503,5x15,5.0,15.0,,75.0,medium,42.0,84.0
2026-09-05,publicstorage,1024,V_587870,4329 South Blvd,Charlotte,NC,28209,35.18362,-80.87503,5x20,5.0,20.0,,100.0,medium,62.0,104.0
2026-09-05,publicstorage,2072,V_1493663,4555 South Blvd,Charlotte,NC,28209,35.17976,-80.87452,10x10,10.0,10.0,,100.0,medium,70.0,116.0
2026-09-05,publicstorage,2072,V_1493659,4555 South Blvd,Charlotte,NC,28209,35.17976,-80.87452,10x10,10.0,10.0,,100.0,medium,72.0,120.0
2026-09-05,publicstorage,2072,V_571004,4555 South Blvd,Charlotte,NC,28209,35.17976,-80.87452,10x12,10.0,12.0,,120.0,medium,85.0,142.0
2026-09-05,publicstorage,2072,V_1505497,4555 South Blvd,Charlotte,NC,28209,35.17976,-80.87452,10x15,10.0,15.0,,150.0,large,89.0,148.0
2026-09-05,publicstorage,2072,V_1493666,4555 South Blvd,Charlotte,NC,28209,35.17976,-80.87452,10x15,10.0,15.0,,150.0,large,91.0,152.0
2026-09-05,publicstorage,2072,V_570998,4555 South Blvd,Charlotte,NC,28209,35.17976,-80.87452,10x20,10.0,20.0,,200.0,large,151.0,216.0
2026-09-05,publicstorage,2072,V_1530050,4555 South Blvd,Charlotte,NC,28209,35.17976,-80.87452,10x20,10.0,20.0,,200.0,large,151.0,216.0
2026-09-05,publicstorage,2072,V_1506663,4555 South Blvd,Charlotte,NC,28209,35.17976,-80.87452,10x20,10.0,20.0,,200.0,large,175.0,250.0
2026-09-05,publicstorage,2072,V_571003,4555 South Blvd,Charlotte,NC,28209,35.17976,-80.87452,10x25,10.0,25.0,,250.0,large,155.0,207.0
2026-09-05,publicstorage,2072,V_582630,4555 South Blvd,Charlotte,NC,28209,35.17976,-80.87452,10x30,10.0,30.0,,300.0,large,143.0,191.0
2026-09-05,publicstorage,2072,V_582631,4555 South Blvd,Charlotte,NC,28209,35.17976,-80.87452,20x20,20.0,20.0,,400.0,large,224.0,299.0
2026-09-05,publicstorage,2072,V_1493672,4555 South Blvd,Charlotte,NC,28209,35.17976,-80.87452,5x10,5.0,10.0,,50.0,small,41.0,68.0
2026-09-05,publicstorage,2072,V_1493674,4555 South Blvd,Charlotte,NC,28209,35.17976,-80.87452,5x10,5.0,10.0,,50.0,small,46.0,76.0
2026-09-05,publicstorage,2072,V_1567802,4555 South Blvd,Charlotte,NC,28209,35.17976,-80.87452,5x10,5.0,10.0,,50.0,small,58.0,96.0
2026-09-05,publicstorage,2072,V_571120,4555 South Blvd,Charlotte,NC,28209,35.17976,-80.87452,5x5,5.0,5.0,,25.0,small,32.0,54.0
2026-09-05,publicstorage,2072,V_1493673,4555 South Blvd,Charlotte,NC,28209,35.17976,-80.87452,5x5,5.0,5.0,,25.0,small,32.0,54.0
2026-09-05,publicstorage,2072,V_321950,4555 South Blvd,Charlotte,NC,28209,35.17976,-80.87452,5x5,5.0,5.0,,25.0,small,32.0,54.0
2026-09-05,publicstorage,2072,V_1506665,4555 South Blvd,Charlotte,NC,28209,35.17976,-80.87452,5x5,5.0,5.0,,25.0,small,37.0,62.0
2026-09-05,publicstorage,2072,V_1567808,4555 South Blvd,Charlotte,NC,28209,35.17976,-80.87452,6x15,6.0,15.0,,90.0,medium,70.0,116.0
2026-09-05,publicstorage,2120,V_1500467,4715 Park Road,Charlotte,NC,28209,35.16605,-80.84994,10x10,10.0,10.0,,100.0,medium,137.0,182.0
2026-09-05,publicstorage,2120,V_1456047,4715 Park Road,Charlotte,NC,28209,35.16605,-80.84994,10x20,10.0,20.0,,200.0,large,206.0,274.0
2026-09-05,publicstorage,2120,V_1576846,4715 Park Road,Charlotte,NC,28209,35.16605,-80.84994,5x10,5.0,10.0,,50.0,small,57.0,82.0
2026-09-05,publicstorage,2120,V_1525774,4715 Park Road,Charlotte,NC,28209,35.16605,-80.84994,5x10,5.0,10.0,,50.0,small,67.0,96.0
2026-09-05,publicstorage,2441,V_625328,4730 N Tryon St,Charlotte,NC,28213,35.25684,-80.78595,10x10,10.0,10.0,,100.0,medium,58.0,116.0
2026-09-05,publicstorage,2441,V_625327,4730 N Tryon St,Charlotte,NC,28213,35.25684,-80.78595,10x15,10.0,15.0,,150.0,large,79.0,132.0
2026-09-05,publicstorage,2441,V_1423960,4730 N Tryon St,Charlotte,NC,28213,35.25684,-80.78595,10x20,10.0,20.0,,200.0,large,119.0,198.0
2026-09-05,publicstorage,2441,V_1539863,4730 N Tryon St,Charlotte,NC,28213,35.25684,-80.78595,12x28,12.0,28.0,,336.0,large,227.0,303.0
2026-09-05,publicstorage,2441,V_625338,4730 N Tryon St,Charlotte,NC,28213,35.25684,-80.78595,12x28,12.0,28.0,,336.0,large,232.0,309.0
2026-09-05,publicstorage,2441,V_1577807,4730 N Tryon St,Charlotte,NC,28213,35.25684,-80.78595,3x3,3.0,3.0,,9.0,small,21.0,42.0
2026-09-05,publicstorage,2441,V_625326,4730 N Tryon St,Charlotte,NC,28213,35.25684,-80.78595,5x10,5.0,10.0,,50.0,small,40.0,66.0
2026-09-05,publicstorage,2441,V_625332,4730 N Tryon St,Charlotte,NC,28213,35.25684,-80.78595,5x15,5.0,15.0,,75.0,medium,61.0,81.0
2026-09-05,publicstorage,2441,V_625333,4730 N Tryon St,Charlotte,NC,28213,35.25684,-80.78595,5x5,5.0,5.0,,25.0,small,30.0,60.0
2026-09-05,publicstorage,1164,V_586454,5748 N Tryon Street,Charlotte,NC,28213,35.26468,-80.76825,10x10,10.0,10.0,,100.0,medium,56.0,112.0
2026-09-05,publicstorage,1164,V_389390,5748 N Tryon Street,Charlotte,NC,28213,35.26468,-80.76825,10x15,10.0,15.0,,150.0,large,84.0,140.0
2026-09-05,publicstorage,1164,V_1423111,5748 N Tryon Street,Charlotte,NC,28213,35.26468,-80.76825,10x20,10.0,20.0,,200.0,large,139.0,232.0
2026-09-05,publicstorage,1164,V_1518027,5748 N Tryon Street,Charlotte,NC,28213,35.26468,-80.76825,10x20,10.0,20.0,,200.0,parking,70.0,116.0
2026-09-05,publicstorage,1164,V_579483,5748 N Tryon Street,Charlotte,NC,28213,35.26468,-80.76825,10x30,10.0,30.0,,300.0,large,136.0,226.0
2026-09-05,publicstorage,1164,V_583663,5748 N Tryon Street,Charlotte,NC,28213,35.26468,-80.76825,30x30,30.0,30.0,,900.0,large,495.0,660.0
2026-09-05,publicstorage,1164,V_586455,5748 N Tryon Street,Charlotte,NC,28213,35.26468,-80.76825,5x10,5.0,10.0,,50.0,small,37.0,74.0
2026-09-05,publicstorage,1164,V_188108,5748 N Tryon Street,Charlotte,NC,28213,35.26468,-80.76825,5x15,5.0,15.0,,75.0,medium,67.0,89.0
2026-09-05,publicstorage,1164,V_356673,5748 N Tryon Street,Charlotte,NC,28213,35.26468,-80.76825,5x20,5.0,20.0,,100.0,medium,61.0,122.0
2026-09-05,publicstorage,1164,V_1577824,5748 N Tryon Street,Charlotte,NC,28213,35.26468,-80.76825,5x5,5.0,5.0,,25.0,small,19.0,32.0
2026-09-05,publicstorage,1164,V_188111,5748 N Tryon Street,Charlotte,NC,28213,35.26468,-80.76825,5x5,5.0,5.0,,25.0,small,22.0,36.0
2026-09-05,publicstorage,2333,V_613533,5607 S Tryon St,Charlotte,NC,28217,35.16988,-80.90249,10x10,10.0,10.0,,100.0,medium,65.0,108.0
2026-09-05,publicstorage,2333,V_613536,5607 S Tryon St,Charlotte,NC,28217,35.16988,-80.90249,10x12,10.0,12.0,,120.0,medium,74.0,124.0
2026-09-05,publicstorage,2333,V_1575684,5607 S Tryon St,Charlotte,NC,28217,35.16988,-80.90249,10x12,10.0,12.0,,120.0,medium,78.0,130.0
2026-09-05,publicstorage,2333,V_613538,5607 S Tryon St,Charlotte,NC,28217,35.16988,-80.90249,10x15,10.0,15.0,,150.0,large,84.0,140.0
2026-09-05,publicstorage,2333,V_1500417,5607 S Tryon St,Charlotte,NC,28217,35.16988,-80.90249,10x15,10.0,15.0,,150.0,large,91.0,152.0
2026-09-05,publicstorage,2333,V_1575650,5607 S Tryon St,Charlotte,NC,28217,35.16988,-80.90249,10x20,10.0,20.0,,200.0,large,162.0,216.0
2026-09-05,publicstorage,2333,V_1538112,5607 S Tryon St,Charlotte,NC,28217,35.16988,-80.90249,10x25,10.0,25.0,,250.0,large,232.0,309.0
2026-09-05,publicstorage,2333,V_1538107,5607 S Tryon St,Charlotte,NC,28217,35.16988,-80.90249,10x30,10.0,30.0,,300.0,large,231.0,308.0
2026-09-05,publicstorage,2333,V_1538110,5607 S Tryon St,Charlotte,NC,28217,35.16988,-80.90249,4x5,4.0,5.0,,20.0,small,45.0,60.0
2026-09-05,publicstorage,2333,V_1575649,5607 S Tryon St,Charlotte,NC,28217,35.16988,-80.90249,5x10,5.0,10.0,,50.0,small,43.0,72.0
2026-09-05,publicstorage,2333,V_1500411,5607 S Tryon St,Charlotte,NC,28217,35.16988,-80.90249,5x10,5.0,10.0,,50.0,small,47.0,78.0
2026-09-05,publicstorage,2333,V_1538106,5607 S Tryon St,Charlotte,NC,28217,35.16988,-80.90249,5x10,5.0,10.0,,50.0,small,50.0,84.0
2026-09-05,publicstorage,2333,V_1575644,5607 S Tryon St,Charlotte,NC,28217,35.16988,-80.90249,5x10,5.0,10.0,,50.0,small,52.0,86.0
2026-09-05,publicstorage,2333,V_1575652,5607 S Tryon St,Charlotte,NC,28217,35.16988,-80.90249,5x12,5.0,12.0,,60.0,small,48.0,80.0
2026-09-05,publicstorage,2333,V_1533797,5607 S Tryon St,Charlotte,NC,28217,35.16988,-80.90249,5x5,5.0,5.0,,25.0,small,47.0,63.0
2026-09-05,publicstorage,2333,V_1500423,5607 S Tryon St,Charlotte,NC,28217,35.16988,-80.90249,7x10,7.0,10.0,,70.0,medium,76.0,101.0
2026-09-05,publicstorage,2333,V_1588554,5607 S Tryon St,Charlotte,NC,28217,35.16988,-80.90249,7x10,7.0,10.0,,70.0,medium,85.0,113.0
2026-09-05,publicstorage,2333,V_1588555,5607 S Tryon St,Charlotte,NC,28217,35.16988,-80.90249,7x15,7.0,15.0,,105.0,medium,80.0,134.0
2026-09-06,cubesmart,4962,9fdfd8ed-9da5-46e0-8319-711cd54f01d6,2324 S Point Rd,Belmont,NC,28012,35.18484,-81.02258,10x10,10.0,10.0,8.0,100.0,medium,50.4,84.0
2026-09-06,cubesmart,4962,db5666c9-c91f-4783-ba83-9c4f965682bf,2324 S Point Rd,Belmont,NC,28012,35.18484,-81.02258,10x10,10.0,10.0,8.0,100.0,medium,88.8,148.0
2026-09-06,cubesmart,4962,8fba6f1d-d2d9-4d11-806d-c93f4bc657c4,2324 S Point Rd,Belmont,NC,28012,35.18484,-81.02258,10x15,10.0,15.0,8.0,150.0,medium,113.4,189.0
2026-09-06,cubesmart,4962,e33cacbd-988e-457e-99ba-36f5226f56ba,2324 S Point Rd,Belmont,NC,28012,35.18484,-81.02258,10x15,10.0,15.0,8.0,150.0,medium,79.2,132.0
2026-09-06,cubesmart,4962,ac91ffcc-4d22-48fa-afd0-616657165403,2324 S Point Rd,Belmont,NC,28012,35.18484,-81.02258,10x20,10.0,20.0,8.0,200.0,large,114.6,191.0
2026-09-06,cubesmart,4962,421e4d28-6f6f-41f0-b1f8-11caab3581bd,2324 S Point Rd,Belmont,NC,28012,35.18484,-81.02258,10x20,10.0,20.0,8.0,200.0,large,142.2,237.0
2026-09-06,cubesmart,4962,c20a2124-f4e0-4975-addf-e2bc27fffb46,2324 S Point Rd,Belmont,NC,28012,35.18484,-81.02258,10x30,10.0,30.0,8.0,300.0,large,161.4,269.0
2026-09-06,cubesmart,4962,b49f9c9e-17bb-4d50-a1f5-63973dad7d42,2324 S Point Rd,Belmont,NC,28012,35.18484,-81.02258,15x20,15.0,20.0,8.0,300.0,large,175.8,293.0
2026-09-06,cubesmart,4962,8fd1711a-5060-4813-bf43-69536a016879,2324 S Point Rd,Belmont,NC,28012,35.18484,-81.02258,20 ft,,20.0,,,parking,80.4,134.0
2026-09-06,cubesmart,4962,d1921364-cdf5-4398-bb86-c5d2e7ee6693,2324 S Point Rd,Belmont,NC,28012,35.18484,-81.02258,5x10,5.0,10.0,8.0,50.0,small,27.6,46.0
2026-09-06,cubesmart,4962,056bbbf3-f590-478e-b66b-7d9991295d5b,2324 S Point Rd,Belmont,NC,28012,35.18484,-81.02258,5x10,5.0,10.0,8.0,50.0,small,50.4,84.0
2026-09-06,cubesmart,4962,27305387-0cc0-4d10-a29f-b1286944b917,2324 S Point Rd,Belmont,NC,28012,35.18484,-81.02258,5x5,5.0,5.0,8.0,25.0,small,25.8,43.0
2026-09-06,cubesmart,4962,a81b7e9c-ea9e-48bf-8270-c9cafb01b05b,2324 S Point Rd,Belmont,NC,28012,35.18484,-81.02258,7x10,7.0,10.0,8.0,70.0,small,55.8,93.0
2026-09-06,cubesmart,4962,6495987b-04a4-4b63-97cb-1dfd8bf60548,2324 S Point Rd,Belmont,NC,28012,35.18484,-81.02258,7x10,7.0,10.0,8.0,70.0,small,64.2,107.0
2026-09-06,cubesmart,4962,745f1de6-1ae6-4f38-95ce-7ab1e362ea3f,2324 S Point Rd,Belmont,NC,28012,35.18484,-81.02258,8x10,8.0,10.0,8.0,80.0,medium,35.4,59.0
2026-09-06,cubesmart,400,6c5c05c4-16e3-4276-bb5f-12f0a8c0be1c,5921 Wilkinson Blvd,Belmont,NC,28012,35.24889,-81.0611,10x10,10.0,10.0,8.0,100.0,medium,54.0,72.0
2026-09-06,cubesmart,400,962e486d-dfcf-4cff-b92e-40f8aa951c6c,5921 Wilkinson Blvd,Belmont,NC,28012,35.24889,-81.0611,10x10,10.0,10.0,8.0,100.0,medium,83.4,139.0
2026-09-06,cubesmart,400,48a8e1fd-eb77-4e51-a1f1-4440d66dcf35,5921 Wilkinson Blvd,Belmont,NC,28012,35.24889,-81.0611,10x15,10.0,15.0,8.0,150.0,medium,124.8,208.0
2026-09-06,cubesmart,400,941206b2-ef5b-4cd4-9bf3-2ae8cf818509,5921 Wilkinson Blvd,Belmont,NC,28012,35.24889,-81.0611,10x15,10.0,15.0,8.0,150.0,medium,88.8,148.0
2026-09-06,cubesmart,400,97ec4671-9736-45bd-95c4-307848624c9c,5921 Wilkinson Blvd,Belmont,NC,28012,35.24889,-81.0611,10x20,10.0,20.0,8.0,200.0,large,102.75,137.0
2026-09-06,cubesmart,400,2740755f-f646-42ac-9e82-f4f0c97dc1bd,5921 Wilkinson Blvd,Belmont,NC,28012,35.24889,-81.0611,10x20,10.0,20.0,8.0,200.0,large,165.0,275.0
2026-09-06,cubesmart,400,737b59cc-1c06-4a52-8d60-e14e08cc5271,5921 Wilkinson Blvd,Belmont,NC,28012,35.24889,-81.0611,15x20,15.0,20.0,8.0,300.0,large,136.8,228.0
2026-09-06,cubesmart,400,c9a60b0d-775a-4ef4-9869-1e2da8a2cf58,5921 Wilkinson Blvd,Belmont,NC,28012,35.24889,-81.0611,15x20,15.0,20.0,8.0,300.0,large,177.6,296.0
2026-09-06,cubesmart,400,91d0962b-eba6-479b-8857-ebb323500e76,5921 Wilkinson Blvd,Belmont,NC,28012,35.24889,-81.0611,20 ft,,20.0,,,parking,61.2,102.0
2026-09-06,cubesmart,400,9910976c-bbfd-4e5a-9c22-de2bb0bbf93b,5921 Wilkinson Blvd,Belmont,NC,28012,35.24889,-81.0611,20x20,20.0,20.0,8.0,400.0,large,217.8,363.0
2026-09-06,cubesmart,400,004acb28-2fcc-4008-9aff-6bc3d22e5ed4,5921 Wilkinson Blvd,Belmont,NC,28012,35.24889,-81.0611,5x10,5.0,10.0,8.0,50.0,small,45.0,75.0
2026-09-06,cubesmart,400,b5d765a3-ec5b-45b0-846d-d70e36f01591,5921 Wilkinson Blvd,Belmont,NC,28012,35.24889,-81.0611,5x10,5.0,10.0,8.0,50.0,small,58.8,98.0
2026-09-06,cubesmart,400,4c7626b3-b8dc-4789-a802-cf9fd5a83f2f,5921 Wilkinson Blvd,Belmont,NC,28012,35.24889,-81.0611,5x5,5.0,5.0,8.0,25.0,small,31.2,52.0
2026-09-06,cubesmart,5263,43ab79bf-2da5-4486-8672-43a98315a810,620 Webb Rd,Concord,NC,28025,35.37815,-80.58394,10x10,10.0,10.0,8.0,100.0,medium,57.0,114.0
2026-09-06,cubesmart,5263,01504710-7237-4466-92c0-c6101565447d,620 Webb Rd,Concord,NC,28025,35.37815,-80.58394,10x10,10.0,10.0,8.0,100.0,medium,91.0,182.0
2026-09-06,cubesmart,5263,c2e2b634-01fb-4b13-8cec-63dbd7c53c8a,620 Webb Rd,Concord,NC,28025,35.37815,-80.58394,10x13,10.0,13.0,8.0,130.0,medium,112.5,225.0
2026-09-06,cubesmart,5263,2a908fac-de6d-4de2-91d4-e9017320f60a,620 Webb Rd,Concord,NC,28025,35.37815,-80.58394,10x15,10.0,15.0,8.0,150.0,medium,123.0,246.0
2026-09-06,cubesmart,5263,78a70b0a-4c62-45c7-b5dc-9dddc4e8a99e,620 Webb Rd,Concord,NC,28025,35.37815,-80.58394,10x15,10.0,15.0,8.0,150.0,medium,123.0,246.0
2026-09-06,cubesmart,5263,6e0222cf-15ba-416a-b2c3-04d8e3423cd6,620 Webb Rd,Concord,NC,28025,35.37815,-80.58394,10x15,10.0,15.0,8.0,150.0,medium,80.5,161.0
2026-09-06,cubesmart,5263,7e740b8f-7b9f-49f5-bc4f-705cd760445a,620 Webb Rd,Concord,NC,28025,35.37815,-80.58394,10x20,10.0,20.0,8.0,200.0,large,102.5,205.0
2026-09-06,cubesmart,5263,e5cc71ac-c517-446b-acff-d15790ff9ff5,620 Webb Rd,Concord,NC,28025,35.37815,-80.58394,10x20,10.0,20.0,8.0,200.0,large,155.5,311.0
2026-09-06,cubesmart,5263,73893dd1-c3f2-4119-99a9-0f0321cc6438,620 Webb Rd,Concord,NC,28025,35.37815,-80.58394,10x20,10.0,20.0,8.0,200.0,large,155.5,311.0
2026-09-06,cubesmart,5263,084c537b-a234-40fa-8f7b-f54e7c0115ed,620 Webb Rd,Concord,NC,28025,35.37815,-80.58394,10x25,10.0,25.0,8.0,250.0,large,187.5,375.0
2026-09-06,cubesmart,5263,2a3f02cd-1b24-4a23-b584-b19df481f2ca,620 Webb Rd,Concord,NC,28025,35.37815,-80.58394,10x30,10.0,30.0,8.0,300.0,large,214.5,429.0
2026-09-06,cubesmart,5263,6176d1d8-f5b6-48ad-b121-7305de784a46,620 Webb Rd,Concord,NC,28025,35.37815,-80.58394,40 ft,,40.0,,,parking,69.6,116.0
2026-09-06,cubesmart,5263,ed2b9b5c-60af-4e87-855f-e5bbfa13ea0c,620 Webb Rd,Concord,NC,28025,35.37815,-80.58394,5x10,5.0,10.0,8.0,50.0,small,51.0,102.0
2026-09-06,cubesmart,5263,84c69aee-a7b4-4e06-a7da-68bd9f8365ea,620 Webb Rd,Concord,NC,28025,35.37815,-80.58394,5x10,5.0,10.0,8.0,50.0,small,51.0,102.0
2026-09-06,cubesmart,5263,7db45bb5-0a3f-464e-8fe0-71f4917f1351,620 Webb Rd,Concord,NC,28025,35.37815,-80.58394,5x5,5.0,5.0,8.0,25.0,small,30.5,61.0
2026-09-06,cubesmart,5263,e8aed165-0a3c-431d-a617-36f8036dc4c2,620 Webb Rd,Concord,NC,28025,35.37815,-80.58394,8x10,8.0,10.0,8.0,80.0,medium,76.0,152.0
2026-09-06,cubesmart,3281,ad1b709d-e08e-4548-9f4d-20b1fb6c8895,10921 Bailey Rd,Cornelius,NC,28031,35.46308,-80.85178,10x10,10.0,10.0,8.0,100.0,medium,101.5,203.0
2026-09-06,cubesmart,3281,c7b045d9-fb1b-4f24-a647-0ac3e12499dd,10921 Bailey Rd,Cornelius,NC,28031,35.46308,-80.85178,10x10,10.0,10.0,8.0,100.0,medium,104.0,208.0
2026-09-06,cubesmart,3281,15af0feb-d116-4893-b557-171ce9afc24c,10921 Bailey Rd,Cornelius,NC,28031,35.46308,-80.85178,10x15,10.0,15.0,8.0,150.0,medium,118.95,183.0
2026-09-06,cubesmart,3281,795ef59d-1aee-48ef-890c-805aadb54e7f,10921 Bailey Rd,Cornelius,NC,28031,35.46308,-80.85178,10x15,10.0,15.0,8.0,150.0,medium,121.0,242.0
2026-09-06,cubesmart,3281,0cdea52c-29ce-4313-af67-b72f178a043a,10921 Bailey Rd,Cornelius,NC,28031,35.46308,-80.85178,10x17,10.0,17.0,8.0,170.0,large,130.0,260.0
2026-09-06,cubesmart,3281,fcdc7acd-6d68-48d2-948a-0dc6d9c2b41e,10921 Bailey Rd,Cornelius,NC,28031,35.46308,-80.85178,10x20,10.0,20.0,8.0,200.0,large,129.35,199.0
2026-09-06,cubesmart,3281,301074c7-98d9-4104-b714-a46e782176a4,10921 Bailey Rd,Cornelius,NC,28031,35.46308,-80.85178,10x20,10.0,20.0,8.0,200.0,large,133.5,267.0
2026-09-06,cubesmart,3281,72d38cc1-9671-4714-abdb-a72f6fe9ede0,10921 Bailey Rd,Cornelius,NC,28031,35.46308,-80.85178,10x30,10.0,30.0,8.0,300.0,large,165.1,254.0
2026-09-06,cubesmart,3281,a0b997b9-84ed-4e79-9ed0-ad4614265038,10921 Bailey Rd,Cornelius,NC,28031,35.46308,-80.85178,15x20,15.0,20.0,8.0,300.0,large,189.0,378.0
2026-09-06,cubesmart,3281,333255a9-aaf8-4a01-9da4-e7aca4a18780,10921 Bailey Rd,Cornelius,NC,28031,35.46308,-80.85178,20 ft,,20.0,,,parking,55.8,93.0
2026-09-06,cubesmart,3281,3059e7c0-610d-4917-9bac-b035b4a76ea3,10921 Bailey Rd,Cornelius,NC,28031,35.46308,-80.85178,25 ft,,25.0,,,parking,61.8,103.0
2026-09-06,cubesmart,3281,3a1ca56d-6b8a-4d4d-8050-57b1bc0fedb3,10921 Bailey Rd,Cornelius,NC,28031,35.46308,-80.85178,30 ft,,30.0,,,parking,65.4,109.0
2026-09-06,cubesmart,3281,693a59d2-ffb3-4148-8ff1-cf044e4b4cc8,10921 Bailey Rd,Cornelius,NC,28031,35.46308,-80.85178,40 ft,,40.0,,,parking,76.8,128.0
2026-09-06,cubesmart,3281,bfd000ff-530f-4861-b3cc-416b119f9726,10921 Bailey Rd,Cornelius,NC,28031,35.46308,-80.85178,5x10,5.0,10.0,8.0,50.0,small,41.0,82.0
2026-09-06,cubesmart,3281,84b24b00-67a3-4ed4-b55b-e84bbcdf12ad,10921 Bailey Rd,Cornelius,NC,28031,35.46308,-80.85178,5x10,5.0,10.0,8.0,50.0,small,68.5,137.0
2026-09-06,cubesmart,3281,7835d1ea-7fed-45c9-bfb9-492cac43f5a4,10921 Bailey Rd,Cornelius,NC,28031,35.46308,-80.85178,5x10,5.0,10.0,8.0,50.0,small,68.5,137.0
2026-09-06,cubesmart,3281,1861c868-9379-42ff-ad47-610eb301882d,10921 Bailey Rd,Cornelius,NC,28031,35.46308,-80.85178,5x5,5.0,5.0,8.0,25.0,small,26.5,53.0
2026-09-06,cubesmart,3281,19799cb9-3860-4e86-87b7-8258ed328bc9,10921 Bailey Rd,Cornelius,NC,28031,35.46308,-80.85178,5x5,5.0,5.0,8.0,25.0,small,32.0,64.0
2026-09-06,cubesmart,3032,c8ffd2a5-8eb2-46bd-b6f7-0c46134e9aed,1105 Waxhaw Indian Trail Rd,Indian Trail,NC,28079,35.06715,-80.67944,10x12,10.0,12.0,8.0,120.0,medium,43.5,87.0
2026-09-06,cubesmart,3032,e3dc5ee2-7ef6-4cfe-8d3b-530d0adacbe4,1105 Waxhaw Indian Trail Rd,Indian Trail,NC,28079,35.06715,-80.67944,10x20,10.0,20.0,10.0,200.0,large,80.5,161.0
2026-09-06,cubesmart,3032,3082e108-8908-467a-a839-e48e98379212,1105 Waxhaw Indian Trail Rd,Indian Trail,NC,28079,35.06715,-80.67944,10x20,10.0,20.0,8.0,200.0,large,82.0,164.0
2026-09-06,cubesmart,3032,db9faada-3155-4e2a-a9be-e920c992a4eb,1105 Waxhaw Indian Trail Rd,Indian Trail,NC,28079,35.06715,-80.67944,10x30,10.0,30.0,8.0,300.0,large,151.5,303.0
2026-09-06,cubesmart,3032,a6ab561f-e789-4dea-ad94-5877e516069e,1105 Waxhaw Indian Trail Rd,Indian Trail,NC,28079,35.06715,-80.67944,10x35,10.0,35.0,8.0,350.0,large,212.5,425.0
2026-09-06,cubesmart,3032,f9560802-c771-4a09-a136-16da059f2f7d,1105 Waxhaw Indian Trail Rd,Indian Trail,NC,28079,35.06715,-80.67944,20 ft,,20.0,,,parking,132.6,221.0
2026-09-06,cubesmart,3032,cbf28230-ce8f-42d4-8af2-ac90af6a9306,1105 Waxhaw Indian Trail Rd,Indian Trail,NC,28079,35.06715,-80.67944,20x20,20.0,20.0,8.0,400.0,large,236.0,472.0
2026-09-06,cubesmart,3032,38e635c7-fbc1-4442-b205-76d036b86b3b,1105 Waxhaw Indian Trail Rd,Indian Trail,NC,28079,35.06715,-80.67944,25 ft,,25.0,,,parking,129.6,216.0
2026-09-06,cubesmart,3032,ad7e7a7c-5635-4104-8a5f-b4b3a913b2f8,1105 Waxhaw Indian Trail Rd,Indian Trail,NC,28079,35.06715,-80.67944,30 ft,,30.0,,,parking,131.4,219.0
2026-09-06,cubesmart,3032,170ddad7-2fab-4e74-9189-b2bbb0fca51a,1105 Waxhaw Indian Trail Rd,Indian Trail,NC,28079,35.06715,-80.67944,40 ft,,40.0,,,parking,163.2,272.0
2026-09-06,cubesmart,3032,6f4d20f1-d08c-4d45-b5f6-2c21a41cb5cd,1105 Waxhaw Indian Trail Rd,Indian Trail,NC,28079,35.06715,-80.67944,5x10,5.0,10.0,8.0,50.0,small,27.0,54.0
2026-09-06,cubesmart,3032,f6f8f3b9-260f-482f-b93b-e812ac91bd77,1105 Waxhaw Indian Trail Rd,Indian Trail,NC,28079,35.06715,-80.67944,5x10,5.0,10.0,8.0,50.0,small,27.0,54.0
2026-09-06,cubesmart,3032,253d2140-8475-4e9d-a4af-f18283eff955,1105 Waxhaw Indian Trail Rd,Indian Trail,NC,28079,35.06715,-80.67944,5x15,5.0,15.0,8.0,75.0,small,34.5,69.0
2026-09-06,cubesmart,3032,6efbaf75-26bd-4cd2-bf7f-84955552af81,1105 Waxhaw Indian Trail Rd,Indian Trail,NC,28079,35.06715,-80.67944,5x5,5.0,5.0,8.0,25.0,small,15.5,31.0
2026-09-06,cubesmart,3032,970c3799-9b55-4c02-8716-130d3e0a7427,1105 Waxhaw Indian Trail Rd,Indian Trail,NC,28079,35.06715,-80.67944,5x7.5,5.0,7.5,10.0,37.5,small,17.0,34.0
2026-09-06,cubesmart,3032,bce0e4a6-a657-4440-a94c-9bc97573c4bf,1105 Waxhaw Indian Trail Rd,Indian Trail,NC,28079,35.06715,-80.67944,5x7.5,5.0,7.5,10.0,37.5,small,22.0,44.0
2026-09-06,cubesmart,3032,4eb40c4a-f3f5-464f-b092-c439869f8216,1105 Waxhaw Indian Trail Rd,Indian Trail,NC,28079,35.06715,-80.67944,7.5x10,7.5,10.0,10.0,75.0,small,31.5,63.0
2026-09-06,cubesmart,3282,6b9ccc50-d9f5-4c8d-94f8-3c1c98eb3bcc,12710 Lancaster Hwy,Pineville,NC,28134,35.06947,-80.87911,10x10,10.0,10.0,8.0,100.0,medium,52.65,81.0
2026-09-06,cubesmart,3282,2d10089b-0125-45ea-b165-3157a82e9242,12710 Lancaster Hwy,Pineville,NC,28134,35.06947,-80.87911,10x15,10.0,15.0,8.0,150.0,medium,100.5,201.0
2026-09-06,cubesmart,3282,b12d342f-a784-4aa3-a4fd-65f68cab613c,12710 Lancaster Hwy,Pineville,NC,28134,35.06947,-80.87911,10x20,10.0,20.0,8.0,200.0,large,250.0,500.0
2026-09-06,cubesmart,3282,8824bfa5-1c39-4dd0-b516-345774c09ebb,12710 Lancaster Hwy,Pineville,NC,28134,35.06947,-80.87911,10x20,10.0,20.0,8.0,200.0,large,282.5,565.0
2026-09-06,cubesmart,3282,0e5f6188-cbf4-4546-81a7-8dd00020a25a,12710 Lancaster Hwy,Pineville,NC,28134,35.06947,-80.87911,10x25,10.0,25.0,8.0,250.0,large,163.5,327.0
2026-09-06,cubesmart,3282,8c64fe6a-bc29-4e4c-be19-9472eae26b27,12710 Lancaster Hwy,Pineville,NC,28134,35.06947,-80.87911,10x30,10.0,30.0,8.0,300.0,large,471.5,943.0
2026-09-06,cubesmart,3282,e4c126be-fc66-4519-8301-2dd6c42d7abb,12710 Lancaster Hwy,Pineville,NC,28134,35.06947,-80.87911,20 ft,,20.0,,,parking,91.2,152.0
2026-09-06,cubesmart,3282,c80d6ecd-8bec-454b-888d-8936925ae0b1,12710 Lancaster Hwy,Pineville,NC,28134,35.06947,-80.87911,30 ft,,30.0,,,parking,87.6,146.0
2026-09-06,cubesmart,3282,4bbdcd68-9644-4572-a332-d5d5a8bd44e5,12710 Lancaster Hwy,Pineville,NC,28134,35.06947,-80.87911,40 ft,,40.0,,,parking,128.4,214.0
2026-09-06,cubesmart,3282,d5ffb3ff-054d-42e7-b8b7-e56c7001e4db,12710 Lancaster Hwy,Pineville,NC,28134,35.06947,-80.87911,5x5,5.0,5.0,8.0,25.0,small,16.5,33.0
2026-09-06,cubesmart,4308,cbcf9401-203b-45de-a10d-92b1ce94ba88,13402 Lancaster Hwy,Pineville,NC,28134,35.06116,-80.87708,1.5x2,1.5,2.0,8.0,3.0,small,26.0,
2026-09-06,cubesmart,4308,64835ffd-99f0-4037-8b3b-9588869a12a2,13402 Lancaster Hwy,Pineville,NC,28134,35.06116,-80.87708,10x10,10.0,10.0,8.0,100.0,medium,115.8,193.0
2026-09-06,cubesmart,4308,e26e91a9-0f2a-45d4-bf15-1bc2d61a6dec,13402 Lancaster Hwy,Pineville,NC,28134,35.06116,-80.87708,10x10,10.0,10.0,8.0,100.0,medium,91.2,152.0
2026-09-06,cubesmart,4308,468a9f0b-09c9-426b-8773-baceef3b9eb6,13402 Lancaster Hwy,Pineville,NC,28134,35.06116,-80.87708,10x15,10.0,15.0,8.0,150.0,medium,117.6,196.0
2026-09-06,cubesmart,4308,9b2f8d0c-7552-4dfa-939f-48557febd204,13402 Lancaster Hwy,Pineville,NC,28134,35.06116,-80.87708,10x15,10.0,15.0,8.0,150.0,medium,118.8,198.0
2026-09-06,cubesmart,4308,ad6eb9c9-3db7-4be8-877c-5d296b1f6785,13402 Lancaster Hwy,Pineville,NC,28134,35.06116,-80.87708,10x15,10.0,15.0,8.0,150.0,medium,135.0,225.0
2026-09-06,cubesmart,4308,3e376ef7-5ec7-43a9-80e8-9925e157aecd,13402 Lancaster Hwy,Pineville,NC,28134,35.06116,-80.87708,10x20,10.0,20.0,8.0,200.0,large,196.8,328.0
2026-09-06,cubesmart,4308,73052279-68b3-4d6d-ae2b-221396435b55,13402 Lancaster Hwy,Pineville,NC,28134,35.06116,-80.87708,10x20,10.0,20.0,8.0,200.0,large,198.0,330.0
2026-09-06,cubesmart,4308,0fd3e866-0abb-47ab-8870-5012d8e12199,13402 Lancaster Hwy,Pineville,NC,28134,35.06116,-80.87708,9x20,9.0,20.0,8.0,180.0,large,165.0,275.0
2026-09-06,cubesmart,4308,f05448ff-6ddc-486c-bbd7-fcd67458160b,13402 Lancaster Hwy,Pineville,NC,28134,35.06116,-80.87708,9x20,9.0,20.0,8.0,180.0,large,193.8,323.0
2026-09-06,cubesmart,4428,977a8b19-95d1-438d-9f47-fc2b45398428,2701 S Tryon St,Charlotte,NC,28203,35.2044,-80.86998,10x10,10.0,10.0,8.0,100.0,medium,80.0,160.0
2026-09-06,cubesmart,4428,3cc2ebb0-1eab-473c-99b4-2a97ae7d0bd8,2701 S Tryon St,Charlotte,NC,28203,35.2044,-80.86998,10x15,10.0,15.0,8.0,150.0,medium,102.5,205.0
2026-09-06,cubesmart,4428,7ba0e105-130b-4e8b-8dea-53e5c92062d3,2701 S Tryon St,Charlotte,NC,28203,35.2044,-80.86998,10x20,10.0,20.0,8.0,200.0,large,154.0,308.0
2026-09-06,cubesmart,4428,310f95e2-990c-4ff6-af50-03d49bc7b20b,2701 S Tryon St,Charlotte,NC,28203,35.2044,-80.86998,15x20,15.0,20.0,8.0,300.0,large,293.0,586.0
2026-09-06,cubesmart,4428,483456fc-b2c6-4ed6-83cd-5eb29b472426,2701 S Tryon St,Charlotte,NC,28203,35.2044,-80.86998,1x2,1.0,2.0,4.0,2.0,small,23.0,
2026-09-06,cubesmart,4428,461a8ad6-8bd9-45e7-90c1-dc192711868d,2701 S Tryon St,Charlotte,NC,28203,35.2044,-80.86998,2x2,2.0,2.0,4.0,4.0,small,34.0,
2026-09-06,cubesmart,4428,2f0031a9-5213-47fc-a23d-0b0bf8ad863b,2701 S Tryon St,Charlotte,NC,28203,35.2044,-80.86998,2x3,2.0,3.0,4.0,6.0,small,43.0,
2026-09-06,cubesmart,4428,e03604e9-f76d-44ee-b8e8-4355d5167d58,2701 S Tryon St,Charlotte,NC,28203,35.2044,-80.86998,3x3,3.0,3.0,4.0,9.0,small,50.0,
2026-09-06,cubesmart,4428,d8bf0bfd-f8a4-4f39-abb7-885d7dbfbd0b,2701 S Tryon St,Charlotte,NC,28203,35.2044,-80.86998,5x10,5.0,10.0,8.0,50.0,small,47.45,73.0
2026-09-06,cubesmart,4428,b765faf1-3982-43d8-9c28-4b2ffaf52194,2701 S Tryon St,Charlotte,NC,28203,35.2044,-80.86998,5x10,5.0,10.0,8.0,50.0,small,57.5,115.0
2026-09-06,cubesmart,4428,cda4fead-ded7-4630-bd97-20ed153f9e5d,2701 S Tryon St,Charlotte,NC,28203,35.2044,-80.86998,5x12,5.0,12.0,8.0,60.0,small,54.5,109.0
2026-09-06,cubesmart,4428,3960a3d1-5ffa-4f27-8317-1be197ff9d0f,2701 S Tryon St,Charlotte,NC,28203,35.2044,-80.86998,5x5,5.0,5.0,8.0,25.0,small,29.0,58.0
2026-09-06,cubesmart,3829,c3a8de7f-d243-44b7-9a13-d99c0a27ca0f,2908 Monroe Rd,Charlotte,NC,28205,35.20391,-80.80577,10x10,10.0,10.0,8.0,100.0,medium,131.0,262.0
2026-09-06,cubesmart,3829,d14a4b14-0961-4d00-ba71-33d8104836bf,2908 Monroe Rd,Charlotte,NC,28205,35.20391,-80.80577,10x11,10.0,11.0,8.0,110.0,medium,132.0,264.0
2026-09-06,cubesmart,3829,a42425af-6f19-4326-809b-cc1676371096,2908 Monroe Rd,Charlotte,NC,28205,35.20391,-80.80577,10x15,10.0,15.0,8.0,150.0,medium,159.5,319.0
2026-09-06,cubesmart,3829,3245ac03-8737-44a1-9e4a-5e40f1763efe,2908 Monroe Rd,Charlotte,NC,28205,35.20391,-80.80577,10x15,10.0,15.0,8.0,150.0,medium,184.6,284.0
2026-09-06,cubesmart,3829,9ade5594-7b72-4dca-8cd1-a3e520c3b96f,2908 Monroe Rd,Charlotte,NC,28205,35.20391,-80.80577,10x16,10.0,16.0,8.0,160.0,large,202.0,404.0
2026-09-06,cubesmart,3829,f6978253-9401-4ca3-9525-bb486fb22762,2908 Monroe Rd,Charlotte,NC,28205,35.20391,-80.80577,10x19,10.0,19.0,8.0,190.0,large,216.0,432.0
2026-09-06,cubesmart,3829,a14fc35b-954a-496b-b8f8-e6d9da4ca0f3,2908 Monroe Rd,Charlotte,NC,28205,35.20391,-80.80577,10x20,10.0,20.0,8.0,200.0,large,279.5,430.0
2026-09-06,cubesmart,3829,cc8a1100-6e0c-4541-8d24-75f84543d711,2908 Monroe Rd,Charlotte,NC,28205,35.20391,-80.80577,10x22,10.0,22.0,8.0,220.0,large,250.0,500.0
2026-09-06,cubesmart,3829,3fa4e0bb-b597-4611-93e9-08745c3c2d9b,2908 Monroe Rd,Charlotte,NC,28205,35.20391,-80.80577,10x25,10.0,25.0,8.0,250.0,large,336.5,673.0
2026-09-06,cubesmart,3829,60888e44-b4d4-42b3-9fb9-140c95bcde71,2908 Monroe Rd,Charlotte,NC,28205,35.20391,-80.80577,10x30,10.0,30.0,8.0,300.0,large,429.0,858.0
2026-09-06,cubesmart,3829,f25fc83f-71c5-40ef-babb-b6264e8353e6,2908 Monroe Rd,Charlotte,NC,28205,35.20391,-80.80577,12x13,12.0,13.0,8.0,156.0,large,169.0,338.0
2026-09-06,cubesmart,3829,d47571cb-5eca-4934-b0b0-32ffbe936834,2908 Monroe Rd,Charlotte,NC,28205,35.20391,-80.80577,5x10,5.0,10.0,8.0,50.0,small,69.5,139.0
2026-09-06,cubesmart,3829,b4477e7e-337b-4b6d-85a3-fff67c3f54de,2908 Monroe Rd,Charlotte,NC,28205,35.20391,-80.80577,5x15,5.0,15.0,8.0,75.0,small,80.0,160.0
2026-09-06,cubesmart,3829,7cccc7ca-1a90-4760-9c12-ba9b9231de55,2908 Monroe Rd,Charlotte,NC,28205,35.20391,-80.80577,5x5,5.0,5.0,4.0,25.0,small,29.0,58.0
2026-09-06,cubesmart,3829,b9bef006-0e1d-48b9-82f4-9da20312bc6c,2908 Monroe Rd,Charlotte,NC,28205,35.20391,-80.80577,5x5,5.0,5.0,8.0,25.0,small,30.55,47.0
2026-09-06,cubesmart,3829,b789c1aa-a31e-4a25-99e0-4d37e0f997c6,2908 Monroe Rd,Charlotte,NC,28205,35.20391,-80.80577,5x5,5.0,5.0,8.0,25.0,small,46.0,92.0
2026-09-06,cubesmart,3829,c9b36bd5-a016-4293-b1c9-c43b05c0a123,2908 Monroe Rd,Charlotte,NC,28205,35.20391,-80.80577,7.5x10,7.5,10.0,8.0,75.0,small,79.0,158.0
2026-09-06,cubesmart,3829,c3c5b0b5-85d4-48de-bb7e-7559725a2cc1,2908 Monroe Rd,Charlotte,NC,28205,35.20391,-80.80577,7.5x10,7.5,10.0,8.0,75.0,small,80.0,160.0
2026-09-06,cubesmart,3829,ac305b26-b521-4dce-8c2a-bbd5103988c0,2908 Monroe Rd,Charlotte,NC,28205,35.20391,-80.80577,7.5x10,7.5,10.0,8.0,75.0,small,81.5,163.0
2026-09-06,cubesmart,3829,aabda7f4-1712-4edf-8ac9-5b59bb0c014d,2908 Monroe Rd,Charlotte,NC,28205,35.20391,-80.80577,7x7,7.0,7.0,8.0,49.0,small,62.0,124.0
2026-09-06,cubesmart,4144,3460b275-5f74-4ad0-b421-741a8353d9e1,1451 Bryant St,Charlotte,NC,28208,35.22733,-80.86679,10x10,10.0,10.0,8.0,100.0,medium,68.4,114.0
2026-09-06,cubesmart,4144,70ac6940-2f41-4901-bb0f-7cba8610aee8,1451 Bryant St,Charlotte,NC,28208,35.22733,-80.86679,10x15,10.0,15.0,8.0,150.0,medium,104.25,139.0
2026-09-06,cubesmart,4144,125484d1-f935-457c-b3fa-07b5e278eb1f,1451 Bryant St,Charlotte,NC,28208,35.22733,-80.86679,10x20,10.0,20.0,,200.0,parking,72.6,121.0
2026-09-06,cubesmart,4144,74f88d2c-ae3c-4695-a791-d04f0919778f,1451 Bryant St,Charlotte,NC,28208,35.22733,-80.86679,10x40,10.0,40.0,,400.0,parking,142.2,237.0
2026-09-06,cubesmart,4144,48611996-abba-40cd-bbb9-470652874a37,1451 Bryant St,Charlotte,NC,28208,35.22733,-80.86679,20x40,20.0,40.0,,800.0,parking,288.6,481.0
2026-09-06,cubesmart,4144,4fa1cf00-fd75-4165-bcae-50217884bc09,1451 Bryant St,Charlotte,NC,28208,35.22733,-80.86679,5x10,5.0,10.0,8.0,50.0,small,53.4,89.0
2026-09-06,cubesmart,4144,8b3b839c-3c9d-464c-bc7b-e7c037f0fc0a,1451 Bryant St,Charlotte,NC,28208,35.22733,-80.86679,5x10,5.0,10.0,8.0,50.0,small,53.4,89.0
2026-09-06,cubesmart,4144,1185e551-ce0c-4747-b8dd-bdba9d5c36da,1451 Bryant St,Charlotte,NC,28208,35.22733,-80.86679,5x5,5.0,5.0,8.0,25.0,small,25.8,43.0
2026-09-06,cubesmart,4144,e3b4ec39-5baa-4553-bd04-5ab651ee6e7e,1451 Bryant St,Charlotte,NC,28208,35.22733,-80.86679,5x7.5,5.0,7.5,8.0,37.5,small,28.8,48.0
2026-09-06,cubesmart,4144,9b18357b-0d8e-48f7-a287-5a32afbe958f,1451 Bryant St,Charlotte,NC,28208,35.22733,-80.86679,7.5x10,7.5,10.0,8.0,75.0,small,57.0,76.0
2026-09-06,cubesmart,4169,96e383a4-1949-4d73-a2da-8fcc29986047,2010 Rocky River Rd,Charlotte,NC,28213,35.2765,-80.72883,10x10,10.0,10.0,8.0,100.0,medium,107.25,143.0
2026-09-06,cubesmart,4169,e48cb836-e14e-4349-b0d3-02ce80c9263f,2010 Rocky River Rd,Charlotte,NC,28213,35.2765,-80.72883,10x15,10.0,15.0,8.0,150.0,medium,159.0,212.0
2026-09-06,cubesmart,4169,f607d65d-ab38-4dc6-9047-022b2de02cc7,2010 Rocky River Rd,Charlotte,NC,28213,35.2765,-80.72883,10x15,10.0,15.0,8.0,150.0,medium,206.4,344.0
2026-09-06,cubesmart,4169,261a1558-3d5e-43ce-a047-822ae069a602,2010 Rocky River Rd,Charlotte,NC,28213,35.2765,-80.72883,10x20,10.0,20.0,8.0,200.0,large,196.8,328.0
2026-09-06,cubesmart,4169,aa92ef81-530c-4a0f-af80-fef30d00bd0f,2010 Rocky River Rd,Charlotte,NC,28213,35.2765,-80.72883,10x20,10.0,20.0,8.0,200.0,large,221.4,369.0
2026-09-06,cubesmart,4169,0464f52d-4da9-4c7d-86fa-c175c5046f72,2010 Rocky River Rd,Charlotte,NC,28213,35.2765,-80.72883,10x25,10.0,25.0,8.0,250.0,large,290.4,484.0
2026-09-06,cubesmart,4169,34dca779-8fb1-41f7-a82c-72721f840365,2010 Rocky River Rd,Charlotte,NC,28213,35.2765,-80.72883,15x20,15.0,20.0,8.0,300.0,large,334.8,558.0
2026-09-06,cubesmart,4169,bfd04579-fa68-40e3-b9d6-09c75070ffa0,2010 Rocky River Rd,Charlotte,NC,28213,35.2765,-80.72883,2x3,2.0,3.0,8.0,6.0,small,47.6,56.0
2026-09-06,cubesmart,4169,ad75b778-2be9-4bbf-9538-bdb654dfb6ce,2010 Rocky River Rd,Charlotte,NC,28213,35.2765,-80.72883,3x3,3.0,3.0,8.0,9.0,small,53.55,63.0
2026-09-06,cubesmart,4169,f3fd6897-472e-41f5-8008-6a909ff1af66,2010 Rocky River Rd,Charlotte,NC,28213,35.2765,-80.72883,3x6,3.0,6.0,8.0,18.0,small,109.65,129.0
2026-09-06,cubesmart,4169,46d64d95-fd4b-42df-9259-445437d37334,2010 Rocky River Rd,Charlotte,NC,28213,35.2765,-80.72883,5x5,5.0,5.0,8.0,25.0,small,37.2,62.0
2026-09-06,cubesmart,4169,452aefed-d35a-48e7-acc1-d8daa6b1c019,2010 Rocky River Rd,Charlotte,NC,28213,35.2765,-80.72883,5x5,5.0,5.0,8.0,25.0,small,43.8,73.0
2026-09-06,cubesmart,4515,a1cf2f39-654c-494c-9b3b-e0f79baab04d,10609 Johnston Rd,Charlotte,NC,28226,35.08881,-80.85304,10x10,10.0,10.0,8.0,100.0,medium,110.0,220.0
2026-09-06,cubesmart,4515,9ab2de07-800b-4138-80fd-7c85adb683ab,10609 Johnston Rd,Charlotte,NC,28226,35.08881,-80.85304,10x10,10.0,10.0,8.0,100.0,medium,125.0,250.0
2026-09-06,cubesmart,4515,e9e9ca3f-65f8-43aa-8a6e-ee08a06426e5,10609 Johnston Rd,Charlotte,NC,28226,35.08881,-80.85304,10x12,10.0,12.0,8.0,120.0,medium,114.5,229.0
2026-09-06,cubesmart,4515,6853fe03-0027-4c04-b26b-673c71b536ca,10609 Johnston Rd,Charlotte,NC,28226,35.08881,-80.85304,10x15,10.0,15.0,8.0,150.0,medium,129.5,259.0
2026-09-06,cubesmart,4515,028771ba-00b2-4919-a797-218a409ede11,10609 Johnston Rd,Charlotte,NC,28226,35.08881,-80.85304,10x15,10.0,15.0,8.0,150.0,medium,140.0,280.0
2026-09-06,cubesmart,4515,f6a4e89f-4a9a-459d-8d0e-04888e20b538,10609 Johnston Rd,Charlotte,NC,28226,35.08881,-80.85304,10x15,10.0,15.0,8.0,150.0,medium,201.0,402.0
2026-09-06,cubesmart,4515,0521c2b0-046e-44d5-959f-fb8868689672,10609 Johnston Rd,Charlotte,NC,28226,35.08881,-80.85304,10x18,10.0,18.0,8.0,180.0,large,163.5,327.0
2026-09-06,cubesmart,4515,6609e23d-560e-4140-bbc8-c2d61c7c5be6,10609 Johnston Rd,Charlotte,NC,28226,35.08881,-80.85304,10x20,10.0,20.0,8.0,200.0,large,159.9,246.0
2026-09-06,cubesmart,4515,a46323f4-d6fd-42f7-bfa5-056cbffec40a,10609 Johnston Rd,Charlotte,NC,28226,35.08881,-80.85304,10x25,10.0,25.0,8.0,250.0,large,163.15,251.0
2026-09-06,cubesmart,4515,bab2b7b5-0024-449a-b4ff-d5223d65a6f8,10609 Johnston Rd,Charlotte,NC,28226,35.08881,-80.85304,10x30,10.0,30.0,8.0,300.0,large,224.0,448.0
2026-09-06,cubesmart,4515,82822503-7b43-4fc8-a399-8d5014f29553,10609 Johnston Rd,Charlotte,NC,28226,35.08881,-80.85304,5x10,5.0,10.0,8.0,50.0,small,52.0,80.0
2026-09-06,cubesmart,4515,1b1c48c5-6090-4cf0-897f-94a9500e5ed6,10609 Johnston Rd,Charlotte,NC,28226,35.08881,-80.85304,5x10,5.0,10.0,8.0,50.0,small,62.0,124.0
2026-09-06,cubesmart,4515,529ff118-7ef3-40a1-8aa6-1d03c08cac31,10609 Johnston Rd,Charlotte,NC,28226,35.08881,-80.85304,5x15,5.0,15.0,8.0,75.0,small,66.3,102.0
2026-09-06,cubesmart,4515,5588b100-7a64-441a-b94e-db4d07e05c9f,10609 Johnston Rd,Charlotte,NC,28226,35.08881,-80.85304,5x5,5.0,5.0,8.0,25.0,small,26.5,53.0
2026-09-06,cubesmart,4515,35586b70-9d07-44b5-bc35-5bfd3e5bf398,10609 Johnston Rd,Charlotte,NC,28226,35.08881,-80.85304,6x10,6.0,10.0,8.0,60.0,small,57.85,89.0
2026-09-06,cubesmart,4515,d7a451d0-cf67-416f-b889-a305e13b563d,10609 Johnston Rd,Charlotte,NC,28226,35.08881,-80.85304,7x10,7.0,10.0,8.0,70.0,small,66.5,133.0
2026-09-06,cubesmart,4515,d68131fc-9714-48ee-be76-e65998e90158,10609 Johnston Rd,Charlotte,NC,28226,35.08881,-80.85304,7x8,7.0,8.0,8.0,56.0,small,64.0,128.0
2026-09-06,cubesmart,2668,79042368-c806-480e-a0f9-9122ec8b3120,7043 E Independence Blvd,Charlotte,NC,28227,35.16508,-80.74081,10x10,10.0,10.0,8.0,100.0,medium,46.2,77.0
2026-09-06,cubesmart,2668,1bb8c304-288d-4043-b323-e28134e4a513,7043 E Independence Blvd,Charlotte,NC,28227,35.16508,-80.74081,10x15,10.0,15.0,8.0,150.0,medium,108.0,180.0
2026-09-06,cubesmart,2668,e2f69298-54ba-4e33-8f20-e3e67115b033,7043 E Independence Blvd,Charlotte,NC,28227,35.16508,-80.74081,10x20,10.0,20.0,8.0,200.0,large,114.6,191.0
2026-09-06,cubesmart,2668,4ea49c54-bfdd-4cc7-b846-5856f730689f,7043 E Independence Blvd,Charlotte,NC,28227,35.16508,-80.74081,10x25,10.0,25.0,8.0,250.0,large,154.2,257.0
2026-09-06,cubesmart,2668,8726603b-d02d-4ed7-92b0-6555e87c9a42,7043 E Independence Blvd,Charlotte,NC,28227,35.16508,-80.74081,20x20,20.0,20.0,8.0,400.0,large,197.4,329.0
2026-09-06,cubesmart,2668,b62bc08d-7377-43e4-ad51-e8736142367a,7043 E Independence Blvd,Charlotte,NC,28227,35.16508,-80.74081,5x10,5.0,10.0,8.0,50.0,small,23.4,39.0
2026-09-06,cubesmart,2668,6387158b-d40f-4835-82a7-57cb4a36f19e,7043 E Independence Blvd,Charlotte,NC,28227,35.16508,-80.74081,5x15,5.0,15.0,8.0,75.0,small,35.4,59.0
2026-09-06,cubesmart,4843,240456b0-53b7-4abb-a0c7-5161b505dc8c,2601 Ridge Rd,Charlotte,NC,28269,35.3629,-80.74593,10x10,10.0,10.0,8.0,100.0,medium,80.0,160.0
2026-09-06,cubesmart,4843,b6a81141-ebda-4efa-b6c1-e6a9aa9c8e6c,2601 Ridge Rd,Charlotte,NC,28269,35.3629,-80.74593,10x13,10.0,13.0,8.0,130.0,medium,94.9,146.0
2026-09-06,cubesmart,4843,0f1d53bb-6c36-4cdf-a13b-9a973722a51c,2601 Ridge Rd,Charlotte,NC,28269,35.3629,-80.74593,10x13,10.0,13.0,8.0,130.0,medium,96.0,192.0
2026-09-06,cubesmart,4843,db262c21-c3bf-4501-935c-619f00da026c,2601 Ridge Rd,Charlotte,NC,28269,35.3629,-80.74593,10x15,10.0,15.0,8.0,150.0,medium,100.5,201.0
2026-09-06,cubesmart,4843,39ec313a-acd2-4ff9-be4e-3bcbc8f29659,2601 Ridge Rd,Charlotte,NC,28269,35.3629,-80.74593,10x20,10.0,20.0,8.0,200.0,large,109.0,218.0
2026-09-06,cubesmart,4843,6cafd916-a1a6-4a00-8003-dd35d4fd5052,2601 Ridge Rd,Charlotte,NC,28269,35.3629,-80.74593,10x20,10.0,20.0,8.0,200.0,large,224.5,449.0
2026-09-06,cubesmart,4843,8c79a8f6-2b52-4e6e-9225-6d8288660d7f,2601 Ridge Rd,Charlotte,NC,28269,35.3629,-80.74593,15x20,15.0,20.0,8.0,300.0,large,253.0,506.0
2026-09-06,cubesmart,4843,d82ca6b1-bad6-4586-8e6b-d07deb4b93d9,2601 Ridge Rd,Charlotte,NC,28269,35.3629,-80.74593,5x10,5.0,10.0,8.0,50.0,small,55.5,111.0
2026-09-06,cubesmart,4843,d749ec54-7df2-4260-aa4d-aef09c51ce89,2601 Ridge Rd,Charlotte,NC,28269,35.3629,-80.74593,5x10,5.0,10.0,8.0,50.0,small,65.0,130.0
2026-09-06,cubesmart,4843,6d83c23a-d237-4be5-b7f8-052a38318989,2601 Ridge Rd,Charlotte,NC,28269,35.3629,-80.74593,5x5,5.0,5.0,8.0,25.0,small,36.5,73.0
2026-09-06,cubesmart,4843,8d0ee611-785e-4f99-975a-c8ba63f6d682,2601 Ridge Rd,Charlotte,NC,28269,35.3629,-80.74593,7x15,7.0,15.0,8.0,105.0,medium,84.5,169.0
2026-09-06,cubesmart,4843,3bdab984-99f2-4808-9e2c-21cba08e06e1,2601 Ridge Rd,Charlotte,NC,28269,35.3629,-80.74593,8x10,8.0,10.0,8.0,80.0,medium,57.5,115.0
2026-09-06,cubesmart,4843,d3522863-61f5-43e6-bc8f-36f5446daa5b,2601 Ridge Rd,Charlotte,NC,28269,35.3629,-80.74593,8x10,8.0,10.0,8.0,80.0,medium,57.5,115.0
2026-09-06,cubesmart,328,85e8f7fb-0a72-4c67-93fd-d5d05f1e752c,5008 W W T Harris Blvd,Charlotte,NC,28269,35.33365,-80.81547,10x10,10.0,10.0,8.0,100.0,medium,124.8,208.0
2026-09-06,cubesmart,328,270dda89-0dd1-4d41-8b52-99690cf79556,5008 W W T Harris Blvd,Charlotte,NC,28269,35.33365,-80.81547,10x10,10.0,10.0,8.0,100.0,medium,99.0,165.0
2026-09-06,cubesmart,328,9627ce47-615a-4f8e-bc29-7bca62c0b615,5008 W W T Harris Blvd,Charlotte,NC,28269,35.33365,-80.81547,10x15,10.0,15.0,8.0,150.0,medium,175.8,293.0
2026-09-06,cubesmart,328,cdd67cb8-116d-44ca-b822-9043237444b5,5008 W W T Harris Blvd,Charlotte,NC,28269,35.33365,-80.81547,10x15,10.0,15.0,8.0,150.0,medium,203.4,339.0
2026-09-06,cubesmart,328,4e0a0b4f-dfe1-48af-b963-3dba36124fe7,5008 W W T Harris Blvd,Charlotte,NC,28269,35.33365,-80.81547,10x20,10.0,20.0,8.0,200.0,large,205.2,342.0
2026-09-06,cubesmart,328,7ac6fcdf-8e76-4653-997c-52d73039c29f,5008 W W T Harris Blvd,Charlotte,NC,28269,35.33365,-80.81547,10x20,10.0,20.0,8.0,200.0,large,228.6,381.0
2026-09-06,cubesmart,328,dc7772f3-fbd2-4704-bb2d-b3145a2d0802,5008 W W T Harris Blvd,Charlotte,NC,28269,35.33365,-80.81547,10x25,10.0,25.0,8.0,250.0,large,240.75,321.0
2026-09-06,cubesmart,328,8ea5ae0d-5c57-4c90-b4dc-67fd1e4a48e0,5008 W W T Harris Blvd,Charlotte,NC,28269,35.33365,-80.81547,20 ft,,20.0,,,parking,127.2,212.0
2026-09-06,cubesmart,328,f5d08318-57c7-48ab-9b3f-b535513634e6,5008 W W T Harris Blvd,Charlotte,NC,28269,35.33365,-80.81547,5x10,5.0,10.0,8.0,50.0,small,48.0,80.0
2026-09-06,cubesmart,328,80176cb9-1e3b-4e5d-ab3f-8e8965e1d214,5008 W W T Harris Blvd,Charlotte,NC,28269,35.33365,-80.81547,5x10,5.0,10.0,8.0,50.0,small,61.2,102.0
2026-09-06,cubesmart,328,dd9fe239-ebaf-486b-b0e8-8c0d3492f8bb,5008 W W T Harris Blvd,Charlotte,NC,28269,35.33365,-80.81547,5x20,5.0,20.0,8.0,100.0,medium,124.8,208.0
2026-09-06,cubesmart,328,f8c80f85-72f2-4ce8-aba3-15b24f8656b9,5008 W W T Harris Blvd,Charlotte,NC,28269,35.33365,-80.81547,5x5,5.0,5.0,8.0,25.0,small,33.0,55.0
2026-09-06,cubesmart,328,33c9629c-8467-46b7-af90-7b46574ec3e6,5008 W W T Harris Blvd,Charlotte,NC,28269,35.33365,-80.81547,5x5,5.0,5.0,8.0,25.0,small,46.2,77.0
2026-09-06,cubesmart,328,29cadbbb-da37-416f-962e-09bd786e8876,5008 W W T Harris Blvd,Charlotte,NC,28269,35.33365,-80.81547,5x6,5.0,6.0,8.0,30.0,small,36.0,60.0
2026-09-06,cubesmart,3439,360fa21f-bb7c-4120-9a61-c6f76da3aae2,16155 Lancaster Hwy,Charlotte,NC,28277,35.02827,-80.85031,10x10,10.0,10.0,8.0,100.0,medium,72.5,145.0
2026-09-06,cubesmart,3439,cc8f2c27-41aa-4f4c-b6d1-c821c13be944,16155 Lancaster Hwy,Charlotte,NC,28277,35.02827,-80.85031,10x10,10.0,10.0,8.0,100.0,medium,81.5,163.0
2026-09-06,cubesmart,3439,d002a020-3778-45ef-b024-cb7b16d7282c,16155 Lancaster Hwy,Charlotte,NC,28277,35.02827,-80.85031,10x15,10.0,15.0,8.0,150.0,medium,110.0,220.0
2026-09-06,cubesmart,3439,601f73cd-7e83-4773-b4e6-c353f1c39074,16155 Lancaster Hwy,Charlotte,NC,28277,35.02827,-80.85031,10x20,10.0,20.0,8.0,200.0,large,183.95,283.0
2026-09-06,cubesmart,3439,d6ec1f52-5304-4bda-ada0-1d7cf454dccf,16155 Lancaster Hwy,Charlotte,NC,28277,35.02827,-80.85031,10x20,10.0,20.0,8.0,200.0,large,185.0,370.0
2026-09-06,cubesmart,3439,b65b6c7a-28a6-4564-9b9e-88acdc194a58,16155 Lancaster Hwy,Charlotte,NC,28277,35.02827,-80.85031,10x20,10.0,20.0,8.0,200.0,large,185.0,370.0
2026-09-06,cubesmart,3439,689f1e76-f612-4834-af8e-22b3562e7bd4,16155 Lancaster Hwy,Charlotte,NC,28277,35.02827,-80.85031,5x10,5.0,10.0,8.0,50.0,small,33.8,52.0
2026-09-06,cubesmart,3439,ae8104da-eb00-4460-9c17-4224999f06c8,16155 Lancaster Hwy,Charlotte,NC,28277,35.02827,-80.85031,5x5,5.0,5.0,8.0,25.0,small,27.0,54.0
2026-09-06,cubesmart,3439,82b0dd6d-3f75-4390-a32e-f8bfe0e2dac0,16155 Lancaster Hwy,Charlotte,NC,28277,35.02827,-80.85031,5x5,5.0,5.0,8.0,25.0,small,31.5,63.0
2026-09-06,publicstorage,1796,V_322793,3710 Monroe Road,Charlotte,NC,28205,35.20039,-80.79774,10x10,10.0,10.0,,100.0,medium,53.0,106.0
2026-09-06,publicstorage,1796,V_322792,3710 Monroe Road,Charlotte,NC,28205,35.20039,-80.79774,10x15,10.0,15.0,,150.0,large,81.0,162.0
2026-09-06,publicstorage,1796,V_1423025,3710 Monroe Road,Charlotte,NC,28205,35.20039,-80.79774,10x20,10.0,20.0,,200.0,large,100.0,200.0
2026-09-06,publicstorage,1796,V_649220,3710 Monroe Road,Charlotte,NC,28205,35.20039,-80.79774,10x20,10.0,20.0,,200.0,large,140.0,280.0
2026-09-06,publicstorage,1796,V_1423023,3710 Monroe Road,Charlotte,NC,28205,35.20039,-80.79774,10x20,10.0,20.0,,200.0,large,98.0,196.0
2026-09-06,publicstorage,1796,V_1536323,3710 Monroe Road,Charlotte,NC,28205,35.20039,-80.79774,10x25,10.0,25.0,,250.0,large,175.0,292.0
2026-09-06,publicstorage,1796,V_1554294,3710 Monroe Road,Charlotte,NC,28205,35.20039,-80.79774,12x30,12.0,30.0,,360.0,parking,210.0,280.0
2026-09-06,publicstorage,1796,V_1536322,3710 Monroe Road,Charlotte,NC,28205,35.20039,-80.79774,20x30,20.0,30.0,,600.0,large,328.0,546.0
2026-09-06,publicstorage,1796,V_322343,3710 Monroe Road,Charlotte,NC,28205,35.20039,-80.79774,30x30,30.0,30.0,,900.0,large,494.0,658.0
2026-09-06,publicstorage,1796,V_322790,3710 Monroe Road,Charlotte,NC,28205,35.20039,-80.79774,5x10,5.0,10.0,,50.0,small,32.0,64.0
2026-09-06,publicstorage,1796,V_1569099,3710 Monroe Road,Charlotte,NC,28205,35.20039,-80.79774,5x10,5.0,10.0,,50.0,small,42.0,84.0
2026-09-06,publicstorage,1796,V_322393,3710 Monroe Road,Charlotte,NC,28205,35.20039,-80.79774,9x15,9.0,15.0,,135.0,large,95.0,190.0
2026-09-06,publicstorage,2334,V_613570,1001 N Tryon St,Charlotte,NC,28206,35.23509,-80.83288,10x10,10.0,10.0,,100.0,medium,65.0,108.0
2026-09-06,publicstorage,2334,V_613574,1001 N Tryon St,Charlotte,NC,28206,35.23509,-80.83288,10x15,10.0,15.0,,150.0,large,126.0,168.0
2026-09-06,publicstorage,2334,V_1423096,1001 N Tryon St,Charlotte,NC,28206,35.23509,-80.83288,10x20,10.0,20.0,,200.0,large,156.0,208.0
2026-09-06,publicstorage,2334,V_1423099,1001 N Tryon St,Charlotte,NC,28206,35.23509,-80.83288,10x25,10.0,25.0,,250.0,large,201.0,268.0
2026-09-06,publicstorage,2334,V_1423095,1001 N Tryon St,Charlotte,NC,28206,35.23509,-80.83288,12x30,12.0,30.0,,360.0,large,269.0,359.0
2026-09-06,publicstorage,2334,V_613564,1001 N Tryon St,Charlotte,NC,28206,35.23509,-80.83288,15x15,15.0,15.0,,225.0,large,156.0,208.0
2026-09-06,publicstorage,2334,V_613573,1001 N Tryon St,Charlotte,NC,28206,35.23509,-80.83288,5x10,5.0,10.0,,50.0,small,40.0,80.0
2026-09-06,publicstorage,2334,V_613577,1001 N Tryon St,Charlotte,NC,28206,35.23509,-80.83288,5x15,5.0,15.0,,75.0,medium,56.0,94.0
2026-09-06,publicstorage,1168,V_596099,1508 Ashley Road,Charlotte,NC,28208,35.2418,-80.89735,10x10,10.0,10.0,,100.0,medium,99.0,132.0
2026-09-06,publicstorage,1168,V_178759,1508 Ashley Road,Charlotte,NC,28208,35.2418,-80.89735,10x15,10.0,15.0,,150.0,large,131.0,174.0
2026-09-06,publicstorage,1168,V_1423898,1508 Ashley Road,Charlotte,NC,28208,35.2418,-80.89735,10x20,10.0,20.0,,200.0,large,87.0,174.0
2026-09-06,publicstorage,1168,V_1566365,1508 Ashley Road,Charlotte,NC,28208,35.2418,-80.89735,5x10,5.0,10.0,,50.0,small,55.0,73.0
2026-09-06,publicstorage,1168,V_1566364,1508 Ashley Road,Charlotte,NC,28208,35.2418,-80.89735,5x5,5.0,5.0,,25.0,small,60.0,80.0
2026-09-06,publicstorage,2092,V_336791,3912 Wilkinson Blvd,Charlotte,NC,28208,35.22531,-80.90635,10x10,10.0,10.0,,100.0,medium,59.0,118.0
2026-09-06,publicstorage,2092,V_649382,3912 Wilkinson Blvd,Charlotte,NC,28208,35.22531,-80.90635,10x10,10.0,10.0,,100.0,medium,81.0,162.0
2026-09-06,publicstorage,2092,V_336797,3912 Wilkinson Blvd,Charlotte,NC,28208,35.22531,-80.90635,10x15,10.0,15.0,,150.0,large,131.0,175.0
2026-09-06,publicstorage,2092,V_1529990,3912 Wilkinson Blvd,Charlotte,NC,28208,35.22531,-80.90635,10x20,10.0,20.0,,200.0,large,128.0,214.0
2026-09-06,publicstorage,2092,V_1578229,3912 Wilkinson Blvd,Charlotte,NC,28208,35.22531,-80.90635,10x20,10.0,20.0,,200.0,large,137.0,228.0
2026-09-06,publicstorage,2092,V_1518018,3912 Wilkinson Blvd,Charlotte,NC,28208,35.22531,-80.90635,10x20,10.0,20.0,,200.0,parking,74.0,98.0
2026-09-06,publicstorage,2092,V_325164,3912 Wilkinson Blvd,Charlotte,NC,28208,35.22531,-80.90635,15x20,15.0,20.0,,300.0,large,192.0,274.0
2026-09-06,publicstorage,2092,V_325174,3912 Wilkinson Blvd,Charlotte,NC,28208,35.22531,-80.90635,5x10,5.0,10.0,,50.0,small,54.0,90.0
2026-09-06,publicstorage,2092,V_325178,3912 Wilkinson Blvd,Charlotte,NC,28208,35.22531,-80.90635,5x5,5.0,5.0,,25.0,small,53.0,70.0
2026-09-06,publicstorage,1024,V_566786,4329 South Blvd,Charlotte,NC,28209,35.18362,-80.87503,10x15,10.0,15.0,,150.0,large,96.0,160.0
2026-09-06,publicstorage,1024,V_1423716,4329 South Blvd,Charlotte,NC,28209,35.18362,-80.87503,10x20,10.0,20.0,,200.0,large,100.0,200.0
2026-09-06,publicstorage,1024,V_1423715,4329 South Blvd,Charlotte,NC,28209,35.18362,-80.87503,10x30,10.0,30.0,,300.0,large,162.0,232.0
2026-09-06,publicstorage,1024,V_576913,4329 South Blvd,Charlotte,NC,28209,35.18362,-80.87503,5x10,5.0,10.0,,50.0,small,43.0,72.0
2026-09-06,publicstorage,1024,V_576914,4329 South Blvd,Charlotte,NC,28209,35.18362,-80.87503,5x15,5.0,15.0,,75.0,medium,42.0,84.0
2026-09-06,publicstorage,1024,V_587870,4329 South Blvd,Charlotte,NC,28209,35.18362,-80.87503,5x20,5.0,20.0,,100.0,medium,62.0,104.0
2026-09-06,publicstorage,2072,V_1493663,4555 South Blvd,Charlotte,NC,28209,35.17976,-80.87452,10x10,10.0,10.0,,100.0,medium,70.0,116.0
2026-09-06,publicstorage,2072,V_1493659,4555 South Blvd,Charlotte,NC,28209,35.17976,-80.87452,10x10,10.0,10.0,,100.0,medium,72.0,120.0
2026-09-06,publicstorage,2072,V_571004,4555 South Blvd,Charlotte,NC,28209,35.17976,-80.87452,10x12,10.0,12.0,,120.0,medium,85.0,142.0
2026-09-06,publicstorage,2072,V_1505497,4555 South Blvd,Charlotte,NC,28209,35.17976,-80.87452,10x15,10.0,15.0,,150.0,large,89.0,148.0
2026-09-06,publicstorage,2072,V_1493666,4555 South Blvd,Charlotte,NC,28209,35.17976,-80.87452,10x15,10.0,15.0,,150.0,large,91.0,152.0
2026-09-06,publicstorage,2072,V_570998,4555 South Blvd,Charlotte,NC,28209,35.17976,-80.87452,10x20,10.0,20.0,,200.0,large,151.0,216.0
2026-09-06,publicstorage,2072,V_1530050,4555 South Blvd,Charlotte,NC,28209,35.17976,-80.87452,10x20,10.0,20.0,,200.0,large,151.0,216.0
2026-09-06,publicstorage,2072,V_1506663,4555 South Blvd,Charlotte,NC,28209,35.17976,-80.87452,10x20,10.0,20.0,,200.0,large,175.0,250.0
2026-09-06,publicstorage,2072,V_571003,4555 South Blvd,Charlotte,NC,28209,35.17976,-80.87452,10x25,10.0,25.0,,250.0,large,155.0,207.0
2026-09-06,publicstorage,2072,V_582630,4555 South Blvd,Charlotte,NC,28209,35.17976,-80.87452,10x30,10.0,30.0,,300.0,large,143.0,191.0
2026-09-06,publicstorage,2072,V_582631,4555 South Blvd,Charlotte,NC,28209,35.17976,-80.87452,20x20,20.0,20.0,,400.0,large,224.0,299.0
2026-09-06,publicstorage,2072,V_1493672,4555 South Blvd,Charlotte,NC,28209,35.17976,-80.87452,5x10,5.0,10.0,,50.0,small,41.0,68.0
2026-09-06,publicstorage,2072,V_1493674,4555 South Blvd,Charlotte,NC,28209,35.17976,-80.87452,5x10,5.0,10.0,,50.0,small,46.0,76.0
2026-09-06,publicstorage,2072,V_1567802,4555 South Blvd,Charlotte,NC,28209,35.17976,-80.87452,5x10,5.0,10.0,,50.0,small,58.0,96.0
2026-09-06,publicstorage,2072,V_321950,4555 South Blvd,Charlotte,NC,28209,35.17976,-80.87452,5x5,5.0,5.0,,25.0,small,32.0,54.0
2026-09-06,publicstorage,2072,V_571120,4555 South Blvd,Charlotte,NC,28209,35.17976,-80.87452,5x5,5.0,5.0,,25.0,small,32.0,54.0
2026-09-06,publicstorage,2072,V_1493673,4555 South Blvd,Charlotte,NC,28209,35.17976,-80.87452,5x5,5.0,5.0,,25.0,small,32.0,54.0
2026-09-06,publicstorage,2072,V_1506665,4555 South Blvd,Charlotte,NC,28209,35.17976,-80.87452,5x5,5.0,5.0,,25.0,small,37.0,62.0
2026-09-06,publicstorage,2072,V_1567808,4555 South Blvd,Charlotte,NC,28209,35.17976,-80.87452,6x15,6.0,15.0,,90.0,medium,70.0,116.0
2026-09-06,publicstorage,2120,V_1500467,4715 Park Road,Charlotte,NC,28209,35.16605,-80.84994,10x10,10.0,10.0,,100.0,medium,137.0,182.0
2026-09-06,publicstorage,2120,V_1456047,4715 Park Road,Charlotte,NC,28209,35.16605,-80.84994,10x20,10.0,20.0,,200.0,large,206.0,274.0
2026-09-06,publicstorage,2120,V_1576846,4715 Park Road,Charlotte,NC,28209,35.16605,-80.84994,5x10,5.0,10.0,,50.0,small,57.0,82.0
2026-09-06,publicstorage,2441,V_625328,4730 N Tryon St,Charlotte,NC,28213,35.25684,-80.78595,10x10,10.0,10.0,,100.0,medium,58.0,116.0
2026-09-06,publicstorage,2441,V_625327,4730 N Tryon St,Charlotte,NC,28213,35.25684,-80.78595,10x15,10.0,15.0,,150.0,large,79.0,132.0
2026-09-06,publicstorage,2441,V_1423960,4730 N Tryon St,Charlotte,NC,28213,35.25684,-80.78595,10x20,10.0,20.0,,200.0,large,119.0,198.0
2026-09-06,publicstorage,2441,V_1539863,4730 N Tryon St,Charlotte,NC,28213,35.25684,-80.78595,12x28,12.0,28.0,,336.0,large,227.0,303.0
2026-09-06,publicstorage,2441,V_625338,4730 N Tryon St,Charlotte,NC,28213,35.25684,-80.78595,12x28,12.0,28.0,,336.0,large,232.0,309.0
2026-09-06,publicstorage,2441,V_1577807,4730 N Tryon St,Charlotte,NC,28213,35.25684,-80.78595,3x3,3.0,3.0,,9.0,small,21.0,42.0
2026-09-06,publicstorage,2441,V_625326,4730 N Tryon St,Charlotte,NC,28213,35.25684,-80.78595,5x10,5.0,10.0,,50.0,small,40.0,66.0
2026-09-06,publicstorage,2441,V_625332,4730 N Tryon St,Charlotte,NC,28213,35.25684,-80.78595,5x15,5.0,15.0,,75.0,medium,61.0,81.0
2026-09-06,publicstorage,2441,V_625333,4730 N Tryon St,Charlotte,NC,28213,35.25684,-80.78595,5x5,5.0,5.0,,25.0,small,30.0,60.0
2026-09-06,publicstorage,1164,V_586454,5748 N Tryon Street,Charlotte,NC,28213,35.26468,-80.76825,10x10,10.0,10.0,,100.0,medium,56.0,112.0
2026-09-06,publicstorage,1164,V_389390,5748 N Tryon Street,Charlotte,NC,28213,35.26468,-80.76825,10x15,10.0,15.0,,150.0,large,84.0,140.0
2026-09-06,publicstorage,1164,V_1423111,5748 N Tryon Street,Charlotte,NC,28213,35.26468,-80.76825,10x20,10.0,20.0,,200.0,large,139.0,232.0
2026-09-06,publicstorage,1164,V_1518027,5748 N Tryon Street,Charlotte,NC,28213,35.26468,-80.76825,10x20,10.0,20.0,,200.0,parking,70.0,116.0
2026-09-06,publicstorage,1164,V_579483,5748 N Tryon Street,Charlotte,NC,28213,35.26468,-80.76825,10x30,10.0,30.0,,300.0,large,136.0,226.0
2026-09-06,publicstorage,1164,V_583663,5748 N Tryon Street,Charlotte,NC,28213,35.26468,-80.76825,30x30,30.0,30.0,,900.0,large,495.0,660.0
2026-09-06,publicstorage,1164,V_586455,5748 N Tryon Street,Charlotte,NC,28213,35.26468,-80.76825,5x10,5.0,10.0,,50.0,small,37.0,74.0
2026-09-06,publicstorage,1164,V_188108,5748 N Tryon Street,Charlotte,NC,28213,35.26468,-80.76825,5x15,5.0,15.0,,75.0,medium,67.0,89.0
2026-09-06,publicstorage,1164,V_356673,5748 N Tryon Street,Charlotte,NC,28213,35.26468,-80.76825,5x20,5.0,20.0,,100.0,medium,61.0,122.0
2026-09-06,publicstorage,1164,V_1577824,5748 N Tryon Street,Charlotte,NC,28213,35.26468,-80.76825,5x5,5.0,5.0,,25.0,small,19.0,32.0
2026-09-06,publicstorage,1164,V_188111,5748 N Tryon Street,Charlotte,NC,28213,35.26468,-80.76825,5x5,5.0,5.0,,25.0,small,22.0,36.0
2026-09-06,publicstorage,2333,V_613533,5607 S Tryon St,Charlotte,NC,28217,35.16988,-80.90249,10x10,10.0,10.0,,100.0,medium,65.0,108.0
2026-09-06,publicstorage,2333,V_613536,5607 S Tryon St,Charlotte,NC,28217,35.16988,-80.90249,10x12,10.0,12.0,,120.0,medium,74.0,124.0
2026-09-06,publicstorage,2333,V_1575684,5607 S Tryon St,Charlotte,NC,28217,35.16988,-80.90249,10x12,10.0,12.0,,120.0,medium,78.0,130.0
2026-09-06,publicstorage,2333,V_613538,5607 S Tryon St,Charlotte,NC,28217,35.16988,-80.90249,10x15,10.0,15.0,,150.0,large,84.0,140.0
2026-09-06,publicstorage,2333,V_1500417,5607 S Tryon St,Charlotte,NC,28217,35.16988,-80.90249,10x15,10.0,15.0,,150.0,large,91.0,152.0
2026-09-06,publicstorage,2333,V_1575650,5607 S Tryon St,Charlotte,NC,28217,35.16988,-80.90249,10x20,10.0,20.0,,200.0,large,162.0,216.0
2026-09-06,publicstorage,2333,V_1538112,5607 S Tryon St,Charlotte,NC,28217,35.16988,-80.90249,10x25,10.0,25.0,,250.0,large,232.0,309.0
2026-09-06,publicstorage,2333,V_1538107,5607 S Tryon St,Charlotte,NC,28217,35.16988,-80.90249,10x30,10.0,30.0,,300.0,large,231.0,308.0
2026-09-06,publicstorage,2333,V_1538110,5607 S Tryon St,Charlotte,NC,28217,35.16988,-80.90249,4x5,4.0,5.0,,20.0,small,45.0,60.0
2026-09-06,publicstorage,2333,V_1575649,5607 S Tryon St,Charlotte,NC,28217,35.16988,-80.90249,5x10,5.0,10.0,,50.0,small,43.0,72.0
2026-09-06,publicstorage,2333,V_1500411,5607 S Tryon St,Charlotte,NC,28217,35.16988,-80.90249,5x10,5.0,10.0,,50.0,small,47.0,78.0
2026-09-06,publicstorage,2333,V_1538106,5607 S Tryon St,Charlotte,NC,28217,35.16988,-80.90249,5x10,5.0,10.0,,50.0,small,50.0,84.0
2026-09-06,publicstorage,2333,V_1575644,5607 S Tryon St,Charlotte,NC,28217,35.16988,-80.90249,5x10,5.0,10.0,,50.0,small,52.0,86.0
2026-09-06,publicstorage,2333,V_1575652,5607 S Tryon St,Charlotte,NC,28217,35.16988,-80.90249,5x12,5.0,12.0,,60.0,small,48.0,80.0
2026-09-06,publicstorage,2333,V_1533797,5607 S Tryon St,Charlotte,NC,28217,35.16988,-80.90249,5x5,5.0,5.0,,25.0,small,47.0,63.0
2026-09-06,publicstorage,2333,V_1500423,5607 S Tryon St,Charlotte,NC,28217,35.16988,-80.90249,7x10,7.0,10.0,,70.0,medium,76.0,101.0
2026-09-06,publicstorage,2333,V_1588554,5607 S Tryon St,Charlotte,NC,28217,35.16988,-80.90249,7x10,7.0,10.0,,70.0,medium,85.0,113.0
2026-09-06,publicstorage,2333,V_1588555,5607 S Tryon St,Charlotte,NC,28217,35.16988,-80.90249,7x15,7.0,15.0,,105.0,medium,80.0,134.0
2026-09-07,cubesmart,4962,9fdfd8ed-9da5-46e0-8319-711cd54f01d6,2324 S Point Rd,Belmont,NC,28012,35.18484,-81.02258,10x10,10.0,10.0,8.0,100.0,medium,50.4,84.0
2026-09-07,cubesmart,4962,db5666c9-c91f-4783-ba83-9c4f965682bf,2324 S Point Rd,Belmont,NC,28012,35.18484,-81.02258,10x10,10.0,10.0,8.0,100.0,medium,88.8,148.0
2026-09-07,cubesmart,4962,8fba6f1d-d2d9-4d11-806d-c93f4bc657c4,2324 S Point Rd,Belmont,NC,28012,35.18484,-81.02258,10x15,10.0,15.0,8.0,150.0,medium,113.4,189.0
2026-09-07,cubesmart,4962,e33cacbd-988e-457e-99ba-36f5226f56ba,2324 S Point Rd,Belmont,NC,28012,35.18484,-81.02258,10x15,10.0,15.0,8.0,150.0,medium,79.2,132.0
2026-09-07,cubesmart,4962,ac91ffcc-4d22-48fa-afd0-616657165403,2324 S Point Rd,Belmont,NC,28012,35.18484,-81.02258,10x20,10.0,20.0,8.0,200.0,large,114.6,191.0
2026-09-07,cubesmart,4962,421e4d28-6f6f-41f0-b1f8-11caab3581bd,2324 S Point Rd,Belmont,NC,28012,35.18484,-81.02258,10x20,10.0,20.0,8.0,200.0,large,142.2,237.0
2026-09-07,cubesmart,4962,c20a2124-f4e0-4975-addf-e2bc27fffb46,2324 S Point Rd,Belmont,NC,28012,35.18484,-81.02258,10x30,10.0,30.0,8.0,300.0,large,161.4,269.0
2026-09-07,cubesmart,4962,b49f9c9e-17bb-4d50-a1f5-63973dad7d42,2324 S Point Rd,Belmont,NC,28012,35.18484,-81.02258,15x20,15.0,20.0,8.0,300.0,large,175.8,293.0
2026-09-07,cubesmart,4962,8fd1711a-5060-4813-bf43-69536a016879,2324 S Point Rd,Belmont,NC,28012,35.18484,-81.02258,20 ft,,20.0,,,parking,80.4,134.0
2026-09-07,cubesmart,4962,d1921364-cdf5-4398-bb86-c5d2e7ee6693,2324 S Point Rd,Belmont,NC,28012,35.18484,-81.02258,5x10,5.0,10.0,8.0,50.0,small,27.6,46.0
2026-09-07,cubesmart,4962,056bbbf3-f590-478e-b66b-7d9991295d5b,2324 S Point Rd,Belmont,NC,28012,35.18484,-81.02258,5x10,5.0,10.0,8.0,50.0,small,50.4,84.0
2026-09-07,cubesmart,4962,27305387-0cc0-4d10-a29f-b1286944b917,2324 S Point Rd,Belmont,NC,28012,35.18484,-81.02258,5x5,5.0,5.0,8.0,25.0,small,25.8,43.0
2026-09-07,cubesmart,4962,a81b7e9c-ea9e-48bf-8270-c9cafb01b05b,2324 S Point Rd,Belmont,NC,28012,35.18484,-81.02258,7x10,7.0,10.0,8.0,70.0,small,55.8,93.0
2026-09-07,cubesmart,4962,6495987b-04a4-4b63-97cb-1dfd8bf60548,2324 S Point Rd,Belmont,NC,28012,35.18484,-81.02258,7x10,7.0,10.0,8.0,70.0,small,64.2,107.0
2026-09-07,cubesmart,4962,745f1de6-1ae6-4f38-95ce-7ab1e362ea3f,2324 S Point Rd,Belmont,NC,28012,35.18484,-81.02258,8x10,8.0,10.0,8.0,80.0,medium,35.4,59.0
2026-09-07,cubesmart,400,6c5c05c4-16e3-4276-bb5f-12f0a8c0be1c,5921 Wilkinson Blvd,Belmont,NC,28012,35.24889,-81.0611,10x10,10.0,10.0,8.0,100.0,medium,54.0,72.0
2026-09-07,cubesmart,400,48a8e1fd-eb77-4e51-a1f1-4440d66dcf35,5921 Wilkinson Blvd,Belmont,NC,28012,35.24889,-81.0611,10x15,10.0,15.0,8.0,150.0,medium,124.8,208.0
2026-09-07,cubesmart,400,941206b2-ef5b-4cd4-9bf3-2ae8cf818509,5921 Wilkinson Blvd,Belmont,NC,28012,35.24889,-81.0611,10x15,10.0,15.0,8.0,150.0,medium,88.8,148.0
2026-09-07,cubesmart,400,97ec4671-9736-45bd-95c4-307848624c9c,5921 Wilkinson Blvd,Belmont,NC,28012,35.24889,-81.0611,10x20,10.0,20.0,8.0,200.0,large,102.75,137.0
2026-09-07,cubesmart,400,2740755f-f646-42ac-9e82-f4f0c97dc1bd,5921 Wilkinson Blvd,Belmont,NC,28012,35.24889,-81.0611,10x20,10.0,20.0,8.0,200.0,large,165.0,275.0
2026-09-07,cubesmart,400,737b59cc-1c06-4a52-8d60-e14e08cc5271,5921 Wilkinson Blvd,Belmont,NC,28012,35.24889,-81.0611,15x20,15.0,20.0,8.0,300.0,large,136.8,228.0
2026-09-07,cubesmart,400,c9a60b0d-775a-4ef4-9869-1e2da8a2cf58,5921 Wilkinson Blvd,Belmont,NC,28012,35.24889,-81.0611,15x20,15.0,20.0,8.0,300.0,large,177.6,296.0
2026-09-07,cubesmart,400,91d0962b-eba6-479b-8857-ebb323500e76,5921 Wilkinson Blvd,Belmont,NC,28012,35.24889,-81.0611,20 ft,,20.0,,,parking,61.2,102.0
2026-09-07,cubesmart,400,9910976c-bbfd-4e5a-9c22-de2bb0bbf93b,5921 Wilkinson Blvd,Belmont,NC,28012,35.24889,-81.0611,20x20,20.0,20.0,8.0,400.0,large,217.8,363.0
2026-09-07,cubesmart,400,004acb28-2fcc-4008-9aff-6bc3d22e5ed4,5921 Wilkinson Blvd,Belmont,NC,28012,35.24889,-81.0611,5x10,5.0,10.0,8.0,50.0,small,45.0,75.0
2026-09-07,cubesmart,400,b5d765a3-ec5b-45b0-846d-d70e36f01591,5921 Wilkinson Blvd,Belmont,NC,28012,35.24889,-81.0611,5x10,5.0,10.0,8.0,50.0,small,58.8,98.0
2026-09-07,cubesmart,400,90d5bccd-6691-42e4-bb1c-351065a8c1f9,5921 Wilkinson Blvd,Belmont,NC,28012,35.24889,-81.0611,5x5,5.0,5.0,8.0,25.0,small,34.2,57.0
2026-09-07,cubesmart,5263,43ab79bf-2da5-4486-8672-43a98315a810,620 Webb Rd,Concord,NC,28025,35.37815,-80.58394,10x10,10.0,10.0,8.0,100.0,medium,57.0,114.0
2026-09-07,cubesmart,5263,01504710-7237-4466-92c0-c6101565447d,620 Webb Rd,Concord,NC,28025,35.37815,-80.58394,10x10,10.0,10.0,8.0,100.0,medium,91.0,182.0
2026-09-07,cubesmart,5263,c2e2b634-01fb-4b13-8cec-63dbd7c53c8a,620 Webb Rd,Concord,NC,28025,35.37815,-80.58394,10x13,10.0,13.0,8.0,130.0,medium,112.5,225.0
2026-09-07,cubesmart,5263,2a908fac-de6d-4de2-91d4-e9017320f60a,620 Webb Rd,Concord,NC,28025,35.37815,-80.58394,10x15,10.0,15.0,8.0,150.0,medium,123.0,246.0
2026-09-07,cubesmart,5263,78a70b0a-4c62-45c7-b5dc-9dddc4e8a99e,620 Webb Rd,Concord,NC,28025,35.37815,-80.58394,10x15,10.0,15.0,8.0,150.0,medium,123.0,246.0
2026-09-07,cubesmart,5263,6e0222cf-15ba-416a-b2c3-04d8e3423cd6,620 Webb Rd,Concord,NC,28025,35.37815,-80.58394,10x15,10.0,15.0,8.0,150.0,medium,80.5,161.0
2026-09-07,cubesmart,5263,7e740b8f-7b9f-49f5-bc4f-705cd760445a,620 Webb Rd,Concord,NC,28025,35.37815,-80.58394,10x20,10.0,20.0,8.0,200.0,large,102.5,205.0
2026-09-07,cubesmart,5263,e5cc71ac-c517-446b-acff-d15790ff9ff5,620 Webb Rd,Concord,NC,28025,35.37815,-80.58394,10x20,10.0,20.0,8.0,200.0,large,155.5,311.0
2026-09-07,cubesmart,5263,73893dd1-c3f2-4119-99a9-0f0321cc6438,620 Webb Rd,Concord,NC,28025,35.37815,-80.58394,10x20,10.0,20.0,8.0,200.0,large,155.5,311.0
2026-09-07,cubesmart,5263,084c537b-a234-40fa-8f7b-f54e7c0115ed,620 Webb Rd,Concord,NC,28025,35.37815,-80.58394,10x25,10.0,25.0,8.0,250.0,large,187.5,375.0
2026-09-07,cubesmart,5263,2a3f02cd-1b24-4a23-b584-b19df481f2ca,620 Webb Rd,Concord,NC,28025,35.37815,-80.58394,10x30,10.0,30.0,8.0,300.0,large,214.5,429.0
2026-09-07,cubesmart,5263,6176d1d8-f5b6-48ad-b121-7305de784a46,620 Webb Rd,Concord,NC,28025,35.37815,-80.58394,40 ft,,40.0,,,parking,69.6,116.0
2026-09-07,cubesmart,5263,ed2b9b5c-60af-4e87-855f-e5bbfa13ea0c,620 Webb Rd,Concord,NC,28025,35.37815,-80.58394,5x10,5.0,10.0,8.0,50.0,small,51.0,102.0
2026-09-07,cubesmart,5263,84c69aee-a7b4-4e06-a7da-68bd9f8365ea,620 Webb Rd,Concord,NC,28025,35.37815,-80.58394,5x10,5.0,10.0,8.0,50.0,small,51.0,102.0
2026-09-07,cubesmart,5263,7db45bb5-0a3f-464e-8fe0-71f4917f1351,620 Webb Rd,Concord,NC,28025,35.37815,-80.58394,5x5,5.0,5.0,8.0,25.0,small,30.5,61.0
2026-09-07,cubesmart,5263,e8aed165-0a3c-431d-a617-36f8036dc4c2,620 Webb Rd,Concord,NC,28025,35.37815,-80.58394,8x10,8.0,10.0,8.0,80.0,medium,76.0,152.0
2026-09-07,cubesmart,3281,ad1b709d-e08e-4548-9f4d-20b1fb6c8895,10921 Bailey Rd,Cornelius,NC,28031,35.46308,-80.85178,10x10,10.0,10.0,8.0,100.0,medium,101.5,203.0
2026-09-07,cubesmart,3281,c7b045d9-fb1b-4f24-a647-0ac3e12499dd,10921 Bailey Rd,Cornelius,NC,28031,35.46308,-80.85178,10x10,10.0,10.0,8.0,100.0,medium,104.0,208.0
2026-09-07,cubesmart,3281,15af0feb-d116-4893-b557-171ce9afc24c,10921 Bailey Rd,Cornelius,NC,28031,35.46308,-80.85178,10x15,10.0,15.0,8.0,150.0,medium,118.95,183.0
2026-09-07,cubesmart,3281,795ef59d-1aee-48ef-890c-805aadb54e7f,10921 Bailey Rd,Cornelius,NC,28031,35.46308,-80.85178,10x15,10.0,15.0,8.0,150.0,medium,121.0,242.0
2026-09-07,cubesmart,3281,0cdea52c-29ce-4313-af67-b72f178a043a,10921 Bailey Rd,Cornelius,NC,28031,35.46308,-80.85178,10x17,10.0,17.0,8.0,170.0,large,130.0,260.0
2026-09-07,cubesmart,3281,fcdc7acd-6d68-48d2-948a-0dc6d9c2b41e,10921 Bailey Rd,Cornelius,NC,28031,35.46308,-80.85178,10x20,10.0,20.0,8.0,200.0,large,129.35,199.0
2026-09-07,cubesmart,3281,301074c7-98d9-4104-b714-a46e782176a4,10921 Bailey Rd,Cornelius,NC,28031,35.46308,-80.85178,10x20,10.0,20.0,8.0,200.0,large,133.5,267.0
2026-09-07,cubesmart,3281,72d38cc1-9671-4714-abdb-a72f6fe9ede0,10921 Bailey Rd,Cornelius,NC,28031,35.46308,-80.85178,10x30,10.0,30.0,8.0,300.0,large,165.1,254.0
2026-09-07,cubesmart,3281,a0b997b9-84ed-4e79-9ed0-ad4614265038,10921 Bailey Rd,Cornelius,NC,28031,35.46308,-80.85178,15x20,15.0,20.0,8.0,300.0,large,189.0,378.0
2026-09-07,cubesmart,3281,333255a9-aaf8-4a01-9da4-e7aca4a18780,10921 Bailey Rd,Cornelius,NC,28031,35.46308,-80.85178,20 ft,,20.0,,,parking,55.8,93.0
2026-09-07,cubesmart,3281,3059e7c0-610d-4917-9bac-b035b4a76ea3,10921 Bailey Rd,Cornelius,NC,28031,35.46308,-80.85178,25 ft,,25.0,,,parking,61.8,103.0
2026-09-07,cubesmart,3281,3a1ca56d-6b8a-4d4d-8050-57b1bc0fedb3,10921 Bailey Rd,Cornelius,NC,28031,35.46308,-80.85178,30 ft,,30.0,,,parking,65.4,109.0
2026-09-07,cubesmart,3281,693a59d2-ffb3-4148-8ff1-cf044e4b4cc8,10921 Bailey Rd,Cornelius,NC,28031,35.46308,-80.85178,40 ft,,40.0,,,parking,76.8,128.0
2026-09-07,cubesmart,3281,bfd000ff-530f-4861-b3cc-416b119f9726,10921 Bailey Rd,Cornelius,NC,28031,35.46308,-80.85178,5x10,5.0,10.0,8.0,50.0,small,41.0,82.0
2026-09-07,cubesmart,3281,84b24b00-67a3-4ed4-b55b-e84bbcdf12ad,10921 Bailey Rd,Cornelius,NC,28031,35.46308,-80.85178,5x10,5.0,10.0,8.0,50.0,small,68.5,137.0
2026-09-07,cubesmart,3281,7835d1ea-7fed-45c9-bfb9-492cac43f5a4,10921 Bailey Rd,Cornelius,NC,28031,35.46308,-80.85178,5x10,5.0,10.0,8.0,50.0,small,68.5,137.0
2026-09-07,cubesmart,3281,1861c868-9379-42ff-ad47-610eb301882d,10921 Bailey Rd,Cornelius,NC,28031,35.46308,-80.85178,5x5,5.0,5.0,8.0,25.0,small,26.5,53.0
2026-09-07,cubesmart,3281,19799cb9-3860-4e86-87b7-8258ed328bc9,10921 Bailey Rd,Cornelius,NC,28031,35.46308,-80.85178,5x5,5.0,5.0,8.0,25.0,small,32.0,64.0
2026-09-07,cubesmart,3032,c8ffd2a5-8eb2-46bd-b6f7-0c46134e9aed,1105 Waxhaw Indian Trail Rd,Indian Trail,NC,28079,35.06715,-80.67944,10x12,10.0,12.0,8.0,120.0,medium,43.5,87.0
2026-09-07,cubesmart,3032,e3dc5ee2-7ef6-4cfe-8d3b-530d0adacbe4,1105 Waxhaw Indian Trail Rd,Indian Trail,NC,28079,35.06715,-80.67944,10x20,10.0,20.0,10.0,200.0,large,80.5,161.0
2026-09-07,cubesmart,3032,3082e108-8908-467a-a839-e48e98379212,1105 Waxhaw Indian Trail Rd,Indian Trail,NC,28079,35.06715,-80.67944,10x20,10.0,20.0,8.0,200.0,large,82.0,164.0
2026-09-07,cubesmart,3032,db9faada-3155-4e2a-a9be-e920c992a4eb,1105 Waxhaw Indian Trail Rd,Indian Trail,NC,28079,35.06715,-80.67944,10x30,10.0,30.0,8.0,300.0,large,151.5,303.0
2026-09-07,cubesmart,3032,a6ab561f-e789-4dea-ad94-5877e516069e,1105 Waxhaw Indian Trail Rd,Indian Trail,NC,28079,35.06715,-80.67944,10x35,10.0,35.0,8.0,350.0,large,212.5,425.0
2026-09-07,cubesmart,3032,f9560802-c771-4a09-a136-16da059f2f7d,1105 Waxhaw Indian Trail Rd,Indian Trail,NC,28079,35.06715,-80.67944,20 ft,,20.0,,,parking,132.6,221.0
2026-09-07,cubesmart,3032,cbf28230-ce8f-42d4-8af2-ac90af6a9306,1105 Waxhaw Indian Trail Rd,Indian Trail,NC,28079,35.06715,-80.67944,20x20,20.0,20.0,8.0,400.0,large,236.0,472.0
2026-09-07,cubesmart,3032,38e635c7-fbc1-4442-b205-76d036b86b3b,1105 Waxhaw Indian Trail Rd,Indian Trail,NC,28079,35.06715,-80.67944,25 ft,,25.0,,,parking,129.6,216.0
2026-09-07,cubesmart,3032,ad7e7a7c-5635-4104-8a5f-b4b3a913b2f8,1105 Waxhaw Indian Trail Rd,Indian Trail,NC,28079,35.06715,-80.67944,30 ft,,30.0,,,parking,131.4,219.0
2026-09-07,cubesmart,3032,170ddad7-2fab-4e74-9189-b2bbb0fca51a,1105 Waxhaw Indian Trail Rd,Indian Trail,NC,28079,35.06715,-80.67944,40 ft,,40.0,,,parking,163.2,272.0
2026-09-07,cubesmart,3032,6f4d20f1-d08c-4d45-b5f6-2c21a41cb5cd,1105 Waxhaw Indian Trail Rd,Indian Trail,NC,28079,35.06715,-80.67944,5x10,5.0,10.0,8.0,50.0,small,27.0,54.0
2026-09-07,cubesmart,3032,f6f8f3b9-260f-482f-b93b-e812ac91bd77,1105 Waxhaw Indian Trail Rd,Indian Trail,NC,28079,35.06715,-80.67944,5x10,5.0,10.0,8.0,50.0,small,27.0,54.0
2026-09-07,cubesmart,3032,253d2140-8475-4e9d-a4af-f18283eff955,1105 Waxhaw Indian Trail Rd,Indian Trail,NC,28079,35.06715,-80.67944,5x15,5.0,15.0,8.0,75.0,small,34.5,69.0
2026-09-07,cubesmart,3032,6efbaf75-26bd-4cd2-bf7f-84955552af81,1105 Waxhaw Indian Trail Rd,Indian Trail,NC,28079,35.06715,-80.67944,5x5,5.0,5.0,8.0,25.0,small,15.5,31.0
2026-09-07,cubesmart,3032,970c3799-9b55-4c02-8716-130d3e0a7427,1105 Waxhaw Indian Trail Rd,Indian Trail,NC,28079,35.06715,-80.67944,5x7.5,5.0,7.5,10.0,37.5,small,17.0,34.0
2026-09-07,cubesmart,3032,bce0e4a6-a657-4440-a94c-9bc97573c4bf,1105 Waxhaw Indian Trail Rd,Indian Trail,NC,28079,35.06715,-80.67944,5x7.5,5.0,7.5,10.0,37.5,small,22.0,44.0
2026-09-07,cubesmart,3032,4eb40c4a-f3f5-464f-b092-c439869f8216,1105 Waxhaw Indian Trail Rd,Indian Trail,NC,28079,35.06715,-80.67944,7.5x10,7.5,10.0,10.0,75.0,small,31.5,63.0
2026-09-07,cubesmart,3282,6b9ccc50-d9f5-4c8d-94f8-3c1c98eb3bcc,12710 Lancaster Hwy,Pineville,NC,28134,35.06947,-80.87911,10x10,10.0,10.0,8.0,100.0,medium,52.65,81.0
2026-09-07,cubesmart,3282,2d10089b-0125-45ea-b165-3157a82e9242,12710 Lancaster Hwy,Pineville,NC,28134,35.06947,-80.87911,10x15,10.0,15.0,8.0,150.0,medium,100.5,201.0
2026-09-07,cubesmart,3282,b12d342f-a784-4aa3-a4fd-65f68cab613c,12710 Lancaster Hwy,Pineville,NC,28134,35.06947,-80.87911,10x20,10.0,20.0,8.0,200.0,large,250.0,500.0
2026-09-07,cubesmart,3282,8824bfa5-1c39-4dd0-b516-345774c09ebb,12710 Lancaster Hwy,Pineville,NC,28134,35.06947,-80.87911,10x20,10.0,20.0,8.0,200.0,large,282.5,565.0
2026-09-07,cubesmart,3282,0e5f6188-cbf4-4546-81a7-8dd00020a25a,12710 Lancaster Hwy,Pineville,NC,28134,35.06947,-80.87911,10x25,10.0,25.0,8.0,250.0,large,163.5,327.0
2026-09-07,cubesmart,3282,8c64fe6a-bc29-4e4c-be19-9472eae26b27,12710 Lancaster Hwy,Pineville,NC,28134,35.06947,-80.87911,10x30,10.0,30.0,8.0,300.0,large,471.5,943.0
2026-09-07,cubesmart,3282,e4c126be-fc66-4519-8301-2dd6c42d7abb,12710 Lancaster Hwy,Pineville,NC,28134,35.06947,-80.87911,20 ft,,20.0,,,parking,91.2,152.0
2026-09-07,cubesmart,3282,c80d6ecd-8bec-454b-888d-8936925ae0b1,12710 Lancaster Hwy,Pineville,NC,28134,35.06947,-80.87911,30 ft,,30.0,,,parking,87.6,146.0
2026-09-07,cubesmart,3282,4bbdcd68-9644-4572-a332-d5d5a8bd44e5,12710 Lancaster Hwy,Pineville,NC,28134,35.06947,-80.87911,40 ft,,40.0,,,parking,118.8,198.0
2026-09-07,cubesmart,3282,d5ffb3ff-054d-42e7-b8b7-e56c7001e4db,12710 Lancaster Hwy,Pineville,NC,28134,35.06947,-80.87911,5x5,5.0,5.0,8.0,25.0,small,16.5,33.0
2026-09-07,cubesmart,4308,cbcf9401-203b-45de-a10d-92b1ce94ba88,13402 Lancaster Hwy,Pineville,NC,28134,35.06116,-80.87708,1.5x2,1.5,2.0,8.0,3.0,small,26.0,
2026-09-07,cubesmart,4308,64835ffd-99f0-4037-8b3b-9588869a12a2,13402 Lancaster Hwy,Pineville,NC,28134,35.06116,-80.87708,10x10,10.0,10.0,8.0,100.0,medium,106.8,178.0
2026-09-07,cubesmart,4308,e26e91a9-0f2a-45d4-bf15-1bc2d61a6dec,13402 Lancaster Hwy,Pineville,NC,28134,35.06116,-80.87708,10x10,10.0,10.0,8.0,100.0,medium,91.2,152.0
2026-09-07,cubesmart,4308,468a9f0b-09c9-426b-8773-baceef3b9eb6,13402 Lancaster Hwy,Pineville,NC,28134,35.06116,-80.87708,10x15,10.0,15.0,8.0,150.0,medium,117.6,196.0
2026-09-07,cubesmart,4308,9b2f8d0c-7552-4dfa-939f-48557febd204,13402 Lancaster Hwy,Pineville,NC,28134,35.06116,-80.87708,10x15,10.0,15.0,8.0,150.0,medium,118.8,198.0
2026-09-07,cubesmart,4308,ad6eb9c9-3db7-4be8-877c-5d296b1f6785,13402 Lancaster Hwy,Pineville,NC,28134,35.06116,-80.87708,10x15,10.0,15.0,8.0,150.0,medium,135.0,225.0
2026-09-07,cubesmart,4308,73052279-68b3-4d6d-ae2b-221396435b55,13402 Lancaster Hwy,Pineville,NC,28134,35.06116,-80.87708,10x20,10.0,20.0,8.0,200.0,large,183.6,306.0
2026-09-07,cubesmart,4308,3e376ef7-5ec7-43a9-80e8-9925e157aecd,13402 Lancaster Hwy,Pineville,NC,28134,35.06116,-80.87708,10x20,10.0,20.0,8.0,200.0,large,196.8,328.0
2026-09-07,cubesmart,4308,0fd3e866-0abb-47ab-8870-5012d8e12199,13402 Lancaster Hwy,Pineville,NC,28134,35.06116,-80.87708,9x20,9.0,20.0,8.0,180.0,large,165.0,275.0
2026-09-07,cubesmart,4308,f05448ff-6ddc-486c-bbd7-fcd67458160b,13402 Lancaster Hwy,Pineville,NC,28134,35.06116,-80.87708,9x20,9.0,20.0,8.0,180.0,large,193.8,323.0
2026-09-07,cubesmart,4428,977a8b19-95d1-438d-9f47-fc2b45398428,2701 S Tryon St,Charlotte,NC,28203,35.2044,-80.86998,10x10,10.0,10.0,8.0,100.0,medium,80.0,160.0
2026-09-07,cubesmart,4428,3cc2ebb0-1eab-473c-99b4-2a97ae7d0bd8,2701 S Tryon St,Charlotte,NC,28203,35.2044,-80.86998,10x15,10.0,15.0,8.0,150.0,medium,102.5,205.0
2026-09-07,cubesmart,4428,7ba0e105-130b-4e8b-8dea-53e5c92062d3,2701 S Tryon St,Charlotte,NC,28203,35.2044,-80.86998,10x20,10.0,20.0,8.0,200.0,large,154.0,308.0
2026-09-07,cubesmart,4428,310f95e2-990c-4ff6-af50-03d49bc7b20b,2701 S Tryon St,Charlotte,NC,28203,35.2044,-80.86998,15x20,15.0,20.0,8.0,300.0,large,293.0,586.0
2026-09-07,cubesmart,4428,483456fc-b2c6-4ed6-83cd-5eb29b472426,2701 S Tryon St,Charlotte,NC,28203,35.2044,-80.86998,1x2,1.0,2.0,4.0,2.0,small,23.0,
2026-09-07,cubesmart,4428,461a8ad6-8bd9-45e7-90c1-dc192711868d,2701 S Tryon St,Charlotte,NC,28203,35.2044,-80.86998,2x2,2.0,2.0,4.0,4.0,small,34.0,
2026-09-07,cubesmart,4428,2f0031a9-5213-47fc-a23d-0b0bf8ad863b,2701 S Tryon St,Charlotte,NC,28203,35.2044,-80.86998,2x3,2.0,3.0,4.0,6.0,small,43.0,
2026-09-07,cubesmart,4428,e03604e9-f76d-44ee-b8e8-4355d5167d58,2701 S Tryon St,Charlotte,NC,28203,35.2044,-80.86998,3x3,3.0,3.0,4.0,9.0,small,50.0,
2026-09-07,cubesmart,4428,d8bf0bfd-f8a4-4f39-abb7-885d7dbfbd0b,2701 S Tryon St,Charlotte,NC,28203,35.2044,-80.86998,5x10,5.0,10.0,8.0,50.0,small,47.45,73.0
2026-09-07,cubesmart,4428,b765faf1-3982-43d8-9c28-4b2ffaf52194,2701 S Tryon St,Charlotte,NC,28203,35.2044,-80.86998,5x10,5.0,10.0,8.0,50.0,small,57.5,115.0
2026-09-07,cubesmart,4428,cda4fead-ded7-4630-bd97-20ed153f9e5d,2701 S Tryon St,Charlotte,NC,28203,35.2044,-80.86998,5x12,5.0,12.0,8.0,60.0,small,54.5,109.0
2026-09-07,cubesmart,4428,3960a3d1-5ffa-4f27-8317-1be197ff9d0f,2701 S Tryon St,Charlotte,NC,28203,35.2044,-80.86998,5x5,5.0,5.0,8.0,25.0,small,29.0,58.0
2026-09-07,cubesmart,3829,c3a8de7f-d243-44b7-9a13-d99c0a27ca0f,2908 Monroe Rd,Charlotte,NC,28205,35.20391,-80.80577,10x10,10.0,10.0,8.0,100.0,medium,131.0,262.0
2026-09-07,cubesmart,3829,d14a4b14-0961-4d00-ba71-33d8104836bf,2908 Monroe Rd,Charlotte,NC,28205,35.20391,-80.80577,10x11,10.0,11.0,8.0,110.0,medium,132.0,264.0
2026-09-07,cubesmart,3829,a42425af-6f19-4326-809b-cc1676371096,2908 Monroe Rd,Charlotte,NC,28205,35.20391,-80.80577,10x15,10.0,15.0,8.0,150.0,medium,159.5,319.0
2026-09-07,cubesmart,3829,3245ac03-8737-44a1-9e4a-5e40f1763efe,2908 Monroe Rd,Charlotte,NC,28205,35.20391,-80.80577,10x15,10.0,15.0,8.0,150.0,medium,184.6,284.0
2026-09-07,cubesmart,3829,9ade5594-7b72-4dca-8cd1-a3e520c3b96f,2908 Monroe Rd,Charlotte,NC,28205,35.20391,-80.80577,10x16,10.0,16.0,8.0,160.0,large,202.0,404.0
2026-09-07,cubesmart,3829,f6978253-9401-4ca3-9525-bb486fb22762,2908 Monroe Rd,Charlotte,NC,28205,35.20391,-80.80577,10x19,10.0,19.0,8.0,190.0,large,216.0,432.0
2026-09-07,cubesmart,3829,a14fc35b-954a-496b-b8f8-e6d9da4ca0f3,2908 Monroe Rd,Charlotte,NC,28205,35.20391,-80.80577,10x20,10.0,20.0,8.0,200.0,large,279.5,430.0
2026-09-07,cubesmart,3829,cc8a1100-6e0c-4541-8d24-75f84543d711,2908 Monroe Rd,Charlotte,NC,28205,35.20391,-80.80577,10x22,10.0,22.0,8.0,220.0,large,250.0,500.0
2026-09-07,cubesmart,3829,3fa4e0bb-b597-4611-93e9-08745c3c2d9b,2908 Monroe Rd,Charlotte,NC,28205,35.20391,-80.80577,10x25,10.0,25.0,8.0,250.0,large,336.5,673.0
2026-09-07,cubesmart,3829,60888e44-b4d4-42b3-9fb9-140c95bcde71,2908 Monroe Rd,Charlotte,NC,28205,35.20391,-80.80577,10x30,10.0,30.0,8.0,300.0,large,429.0,858.0
2026-09-07,cubesmart,3829,f25fc83f-71c5-40ef-babb-b6264e8353e6,2908 Monroe Rd,Charlotte,NC,28205,35.20391,-80.80577,12x13,12.0,13.0,8.0,156.0,large,169.0,338.0
2026-09-07,cubesmart,3829,31f59c46-ea17-463e-b5b8-48a7e74b4484,2908 Monroe Rd,Charlotte,NC,28205,35.20391,-80.80577,5x10,5.0,10.0,8.0,50.0,small,75.0,150.0
2026-09-07,cubesmart,3829,b4477e7e-337b-4b6d-85a3-fff67c3f54de,2908 Monroe Rd,Charlotte,NC,28205,35.20391,-80.80577,5x15,5.0,15.0,8.0,75.0,small,80.0,160.0
2026-09-07,cubesmart,3829,7cccc7ca-1a90-4760-9c12-ba9b9231de55,2908 Monroe Rd,Charlotte,NC,28205,35.20391,-80.80577,5x5,5.0,5.0,4.0,25.0,small,29.0,58.0
2026-09-07,cubesmart,3829,b9bef006-0e1d-48b9-82f4-9da20312bc6c,2908 Monroe Rd,Charlotte,NC,28205,35.20391,-80.80577,5x5,5.0,5.0,8.0,25.0,small,30.55,47.0
2026-09-07,cubesmart,3829,b789c1aa-a31e-4a25-99e0-4d37e0f997c6,2908 Monroe Rd,Charlotte,NC,28205,35.20391,-80.80577,5x5,5.0,5.0,8.0,25.0,small,46.0,92.0
2026-09-07,cubesmart,3829,c9b36bd5-a016-4293-b1c9-c43b05c0a123,2908 Monroe Rd,Charlotte,NC,28205,35.20391,-80.80577,7.5x10,7.5,10.0,8.0,75.0,small,79.0,158.0
2026-09-07,cubesmart,3829,c3c5b0b5-85d4-48de-bb7e-7559725a2cc1,2908 Monroe Rd,Charlotte,NC,28205,35.20391,-80.80577,7.5x10,7.5,10.0,8.0,75.0,small,80.0,160.0
2026-09-07,cubesmart,3829,ac305b26-b521-4dce-8c2a-bbd5103988c0,2908 Monroe Rd,Charlotte,NC,28205,35.20391,-80.80577,7.5x10,7.5,10.0,8.0,75.0,small,81.5,163.0
2026-09-07,cubesmart,4144,3460b275-5f74-4ad0-b421-741a8353d9e1,1451 Bryant St,Charlotte,NC,28208,35.22733,-80.86679,10x10,10.0,10.0,8.0,100.0,medium,68.4,114.0
2026-09-07,cubesmart,4144,70ac6940-2f41-4901-bb0f-7cba8610aee8,1451 Bryant St,Charlotte,NC,28208,35.22733,-80.86679,10x15,10.0,15.0,8.0,150.0,medium,104.25,139.0
2026-09-07,cubesmart,4144,125484d1-f935-457c-b3fa-07b5e278eb1f,1451 Bryant St,Charlotte,NC,28208,35.22733,-80.86679,10x20,10.0,20.0,,200.0,parking,72.6,121.0
2026-09-07,cubesmart,4144,74f88d2c-ae3c-4695-a791-d04f0919778f,1451 Bryant St,Charlotte,NC,28208,35.22733,-80.86679,10x40,10.0,40.0,,400.0,parking,142.2,237.0
2026-09-07,cubesmart,4144,48611996-abba-40cd-bbb9-470652874a37,1451 Bryant St,Charlotte,NC,28208,35.22733,-80.86679,20x40,20.0,40.0,,800.0,parking,288.6,481.0
2026-09-07,cubesmart,4144,4fa1cf00-fd75-4165-bcae-50217884bc09,1451 Bryant St,Charlotte,NC,28208,35.22733,-80.86679,5x10,5.0,10.0,8.0,50.0,small,53.4,89.0
2026-09-07,cubesmart,4144,8b3b839c-3c9d-464c-bc7b-e7c037f0fc0a,1451 Bryant St,Charlotte,NC,28208,35.22733,-80.86679,5x10,5.0,10.0,8.0,50.0,small,53.4,89.0
2026-09-07,cubesmart,4144,1185e551-ce0c-4747-b8dd-bdba9d5c36da,1451 Bryant St,Charlotte,NC,28208,35.22733,-80.86679,5x5,5.0,5.0,8.0,25.0,small,25.8,43.0
2026-09-07,cubesmart,4144,e3b4ec39-5baa-4553-bd04-5ab651ee6e7e,1451 Bryant St,Charlotte,NC,28208,35.22733,-80.86679,5x7.5,5.0,7.5,8.0,37.5,small,28.8,48.0
2026-09-07,cubesmart,4144,9b18357b-0d8e-48f7-a287-5a32afbe958f,1451 Bryant St,Charlotte,NC,28208,35.22733,-80.86679,7.5x10,7.5,10.0,8.0,75.0,small,57.0,76.0
2026-09-07,cubesmart,4169,5ff64daa-7f73-4119-b8dd-79eb7d27babe,2010 Rocky River Rd,Charlotte,NC,28213,35.2765,-80.72883,10x10,10.0,10.0,8.0,100.0,medium,107.25,143.0
2026-09-07,cubesmart,4169,e48cb836-e14e-4349-b0d3-02ce80c9263f,2010 Rocky River Rd,Charlotte,NC,28213,35.2765,-80.72883,10x15,10.0,15.0,8.0,150.0,medium,159.0,212.0
2026-09-07,cubesmart,4169,f607d65d-ab38-4dc6-9047-022b2de02cc7,2010 Rocky River Rd,Charlotte,NC,28213,35.2765,-80.72883,10x15,10.0,15.0,8.0,150.0,medium,206.4,344.0
2026-09-07,cubesmart,4169,261a1558-3d5e-43ce-a047-822ae069a602,2010 Rocky River Rd,Charlotte,NC,28213,35.2765,-80.72883,10x20,10.0,20.0,8.0,200.0,large,196.8,328.0
2026-09-07,cubesmart,4169,aa92ef81-530c-4a0f-af80-fef30d00bd0f,2010 Rocky River Rd,Charlotte,NC,28213,35.2765,-80.72883,10x20,10.0,20.0,8.0,200.0,large,221.4,369.0
2026-09-07,cubesmart,4169,0464f52d-4da9-4c7d-86fa-c175c5046f72,2010 Rocky River Rd,Charlotte,NC,28213,35.2765,-80.72883,10x25,10.0,25.0,8.0,250.0,large,375.6,626.0
2026-09-07,cubesmart,4169,34dca779-8fb1-41f7-a82c-72721f840365,2010 Rocky River Rd,Charlotte,NC,28213,35.2765,-80.72883,15x20,15.0,20.0,8.0,300.0,large,334.8,558.0
2026-09-07,cubesmart,4169,bfd04579-fa68-40e3-b9d6-09c75070ffa0,2010 Rocky River Rd,Charlotte,NC,28213,35.2765,-80.72883,2x3,2.0,3.0,8.0,6.0,small,47.6,56.0
2026-09-07,cubesmart,4169,ad75b778-2be9-4bbf-9538-bdb654dfb6ce,2010 Rocky River Rd,Charlotte,NC,28213,35.2765,-80.72883,3x3,3.0,3.0,8.0,9.0,small,53.55,63.0
2026-09-07,cubesmart,4169,f3fd6897-472e-41f5-8008-6a909ff1af66,2010 Rocky River Rd,Charlotte,NC,28213,35.2765,-80.72883,3x6,3.0,6.0,8.0,18.0,small,109.65,129.0
2026-09-07,cubesmart,4169,46d64d95-fd4b-42df-9259-445437d37334,2010 Rocky River Rd,Charlotte,NC,28213,35.2765,-80.72883,5x5,5.0,5.0,8.0,25.0,small,37.2,62.0
2026-09-07,cubesmart,4169,452aefed-d35a-48e7-acc1-d8daa6b1c019,2010 Rocky River Rd,Charlotte,NC,28213,35.2765,-80.72883,5x5,5.0,5.0,8.0,25.0,small,43.8,73.0
2026-09-07,cubesmart,4515,a1cf2f39-654c-494c-9b3b-e0f79baab04d,10609 Johnston Rd,Charlotte,NC,28226,35.08881,-80.85304,10x10,10.0,10.0,8.0,100.0,medium,110.0,220.0
2026-09-07,cubesmart,4515,9ab2de07-800b-4138-80fd-7c85adb683ab,10609 Johnston Rd,Charlotte,NC,28226,35.08881,-80.85304,10x10,10.0,10.0,8.0,100.0,medium,125.0,250.0
2026-09-07,cubesmart,4515,e9e9ca3f-65f8-43aa-8a6e-ee08a06426e5,10609 Johnston Rd,Charlotte,NC,28226,35.08881,-80.85304,10x12,10.0,12.0,8.0,120.0,medium,114.5,229.0
2026-09-07,cubesmart,4515,6853fe03-0027-4c04-b26b-673c71b536ca,10609 Johnston Rd,Charlotte,NC,28226,35.08881,-80.85304,10x15,10.0,15.0,8.0,150.0,medium,129.5,259.0
2026-09-07,cubesmart,4515,028771ba-00b2-4919-a797-218a409ede11,10609 Johnston Rd,Charlotte,NC,28226,35.08881,-80.85304,10x15,10.0,15.0,8.0,150.0,medium,140.0,280.0
2026-09-07,cubesmart,4515,f6a4e89f-4a9a-459d-8d0e-04888e20b538,10609 Johnston Rd,Charlotte,NC,28226,35.08881,-80.85304,10x15,10.0,15.0,8.0,150.0,medium,201.0,402.0
2026-09-07,cubesmart,4515,0521c2b0-046e-44d5-959f-fb8868689672,10609 Johnston Rd,Charlotte,NC,28226,35.08881,-80.85304,10x18,10.0,18.0,8.0,180.0,large,163.5,327.0
2026-09-07,cubesmart,4515,6609e23d-560e-4140-bbc8-c2d61c7c5be6,10609 Johnston Rd,Charlotte,NC,28226,35.08881,-80.85304,10x20,10.0,20.0,8.0,200.0,large,159.9,246.0
2026-09-07,cubesmart,4515,a46323f4-d6fd-42f7-bfa5-056cbffec40a,10609 Johnston Rd,Charlotte,NC,28226,35.08881,-80.85304,10x25,10.0,25.0,8.0,250.0,large,163.15,251.0
2026-09-07,cubesmart,4515,bab2b7b5-0024-449a-b4ff-d5223d65a6f8,10609 Johnston Rd,Charlotte,NC,28226,35.08881,-80.85304,10x30,10.0,30.0,8.0,300.0,large,224.0,448.0
2026-09-07,cubesmart,4515,82822503-7b43-4fc8-a399-8d5014f29553,10609 Johnston Rd,Charlotte,NC,28226,35.08881,-80.85304,5x10,5.0,10.0,8.0,50.0,small,52.0,80.0
2026-09-07,cubesmart,4515,1b1c48c5-6090-4cf0-897f-94a9500e5ed6,10609 Johnston Rd,Charlotte,NC,28226,35.08881,-80.85304,5x10,5.0,10.0,8.0,50.0,small,62.0,124.0
2026-09-07,cubesmart,4515,529ff118-7ef3-40a1-8aa6-1d03c08cac31,10609 Johnston Rd,Charlotte,NC,28226,35.08881,-80.85304,5x15,5.0,15.0,8.0,75.0,small,66.3,102.0
2026-09-07,cubesmart,4515,5588b100-7a64-441a-b94e-db4d07e05c9f,10609 Johnston Rd,Charlotte,NC,28226,35.08881,-80.85304,5x5,5.0,5.0,8.0,25.0,small,26.5,53.0
2026-09-07,cubesmart,4515,35586b70-9d07-44b5-bc35-5bfd3e5bf398,10609 Johnston Rd,Charlotte,NC,28226,35.08881,-80.85304,6x10,6.0,10.0,8.0,60.0,small,57.85,89.0
2026-09-07,cubesmart,4515,d7a451d0-cf67-416f-b889-a305e13b563d,10609 Johnston Rd,Charlotte,NC,28226,35.08881,-80.85304,7x10,7.0,10.0,8.0,70.0,small,66.5,133.0
2026-09-07,cubesmart,4515,d68131fc-9714-48ee-be76-e65998e90158,10609 Johnston Rd,Charlotte,NC,28226,35.08881,-80.85304,7x8,7.0,8.0,8.0,56.0,small,64.0,128.0
2026-09-07,cubesmart,2668,79042368-c806-480e-a0f9-9122ec8b3120,7043 E Independence Blvd,Charlotte,NC,28227,35.16508,-80.74081,10x10,10.0,10.0,8.0,100.0,medium,46.2,77.0
2026-09-07,cubesmart,2668,1bb8c304-288d-4043-b323-e28134e4a513,7043 E Independence Blvd,Charlotte,NC,28227,35.16508,-80.74081,10x15,10.0,15.0,8.0,150.0,medium,108.0,180.0
2026-09-07,cubesmart,2668,e2f69298-54ba-4e33-8f20-e3e67115b033,7043 E Independence Blvd,Charlotte,NC,28227,35.16508,-80.74081,10x20,10.0,20.0,8.0,200.0,large,114.6,191.0
2026-09-07,cubesmart,2668,4ea49c54-bfdd-4cc7-b846-5856f730689f,7043 E Independence Blvd,Charlotte,NC,28227,35.16508,-80.74081,10x25,10.0,25.0,8.0,250.0,large,154.2,257.0
2026-09-07,cubesmart,2668,8726603b-d02d-4ed7-92b0-6555e87c9a42,7043 E Independence Blvd,Charlotte,NC,28227,35.16508,-80.74081,20x20,20.0,20.0,8.0,400.0,large,197.4,329.0
2026-09-07,cubesmart,2668,b62bc08d-7377-43e4-ad51-e8736142367a,7043 E Independence Blvd,Charlotte,NC,28227,35.16508,-80.74081,5x10,5.0,10.0,8.0,50.0,small,23.4,39.0
2026-09-07,cubesmart,2668,6387158b-d40f-4835-82a7-57cb4a36f19e,7043 E Independence Blvd,Charlotte,NC,28227,35.16508,-80.74081,5x15,5.0,15.0,8.0,75.0,small,35.4,59.0
2026-09-07,cubesmart,4843,240456b0-53b7-4abb-a0c7-5161b505dc8c,2601 Ridge Rd,Charlotte,NC,28269,35.3629,-80.74593,10x10,10.0,10.0,8.0,100.0,medium,80.0,160.0
2026-09-07,cubesmart,4843,b6a81141-ebda-4efa-b6c1-e6a9aa9c8e6c,2601 Ridge Rd,Charlotte,NC,28269,35.3629,-80.74593,10x13,10.0,13.0,8.0,130.0,medium,94.9,146.0
2026-09-07,cubesmart,4843,0f1d53bb-6c36-4cdf-a13b-9a973722a51c,2601 Ridge Rd,Charlotte,NC,28269,35.3629,-80.74593,10x13,10.0,13.0,8.0,130.0,medium,96.0,192.0
2026-09-07,cubesmart,4843,db262c21-c3bf-4501-935c-619f00da026c,2601 Ridge Rd,Charlotte,NC,28269,35.3629,-80.74593,10x15,10.0,15.0,8.0,150.0,medium,100.5,201.0
2026-09-07,cubesmart,4843,39ec313a-acd2-4ff9-be4e-3bcbc8f29659,2601 Ridge Rd,Charlotte,NC,28269,35.3629,-80.74593,10x20,10.0,20.0,8.0,200.0,large,109.0,218.0
2026-09-07,cubesmart,4843,6cafd916-a1a6-4a00-8003-dd35d4fd5052,2601 Ridge Rd,Charlotte,NC,28269,35.3629,-80.74593,10x20,10.0,20.0,8.0,200.0,large,224.5,449.0
2026-09-07,cubesmart,4843,8c79a8f6-2b52-4e6e-9225-6d8288660d7f,2601 Ridge Rd,Charlotte,NC,28269,35.3629,-80.74593,15x20,15.0,20.0,8.0,300.0,large,253.0,506.0
2026-09-07,cubesmart,4843,d82ca6b1-bad6-4586-8e6b-d07deb4b93d9,2601 Ridge Rd,Charlotte,NC,28269,35.3629,-80.74593,5x10,5.0,10.0,8.0,50.0,small,51.5,103.0
2026-09-07,cubesmart,4843,d749ec54-7df2-4260-aa4d-aef09c51ce89,2601 Ridge Rd,Charlotte,NC,28269,35.3629,-80.74593,5x10,5.0,10.0,8.0,50.0,small,65.0,130.0
2026-09-07,cubesmart,4843,6d83c23a-d237-4be5-b7f8-052a38318989,2601 Ridge Rd,Charlotte,NC,28269,35.3629,-80.74593,5x5,5.0,5.0,8.0,25.0,small,36.5,73.0
2026-09-07,cubesmart,4843,8d0ee611-785e-4f99-975a-c8ba63f6d682,2601 Ridge Rd,Charlotte,NC,28269,35.3629,-80.74593,7x15,7.0,15.0,8.0,105.0,medium,84.5,169.0
2026-09-07,cubesmart,4843,3bdab984-99f2-4808-9e2c-21cba08e06e1,2601 Ridge Rd,Charlotte,NC,28269,35.3629,-80.74593,8x10,8.0,10.0,8.0,80.0,medium,57.5,115.0
2026-09-07,cubesmart,4843,d3522863-61f5-43e6-bc8f-36f5446daa5b,2601 Ridge Rd,Charlotte,NC,28269,35.3629,-80.74593,8x10,8.0,10.0,8.0,80.0,medium,57.5,115.0
2026-09-07,cubesmart,328,85e8f7fb-0a72-4c67-93fd-d5d05f1e752c,5008 W W T Harris Blvd,Charlotte,NC,28269,35.33365,-80.81547,10x10,10.0,10.0,8.0,100.0,medium,124.8,208.0
2026-09-07,cubesmart,328,270dda89-0dd1-4d41-8b52-99690cf79556,5008 W W T Harris Blvd,Charlotte,NC,28269,35.33365,-80.81547,10x10,10.0,10.0,8.0,100.0,medium,99.0,165.0
2026-09-07,cubesmart,328,9627ce47-615a-4f8e-bc29-7bca62c0b615,5008 W W T Harris Blvd,Charlotte,NC,28269,35.33365,-80.81547,10x15,10.0,15.0,8.0,150.0,medium,175.8,293.0
2026-09-07,cubesmart,328,cdd67cb8-116d-44ca-b822-9043237444b5,5008 W W T Harris Blvd,Charlotte,NC,28269,35.33365,-80.81547,10x15,10.0,15.0,8.0,150.0,medium,203.4,339.0
2026-09-07,cubesmart,328,4e0a0b4f-dfe1-48af-b963-3dba36124fe7,5008 W W T Harris Blvd,Charlotte,NC,28269,35.33365,-80.81547,10x20,10.0,20.0,8.0,200.0,large,205.2,342.0
2026-09-07,cubesmart,328,7ac6fcdf-8e76-4653-997c-52d73039c29f,5008 W W T Harris Blvd,Charlotte,NC,28269,35.33365,-80.81547,10x20,10.0,20.0,8.0,200.0,large,228.6,381.0
2026-09-07,cubesmart,328,dc7772f3-fbd2-4704-bb2d-b3145a2d0802,5008 W W T Harris Blvd,Charlotte,NC,28269,35.33365,-80.81547,10x25,10.0,25.0,8.0,250.0,large,240.75,321.0
2026-09-07,cubesmart,328,8ea5ae0d-5c57-4c90-b4dc-67fd1e4a48e0,5008 W W T Harris Blvd,Charlotte,NC,28269,35.33365,-80.81547,20 ft,,20.0,,,parking,127.2,212.0
2026-09-07,cubesmart,328,f5d08318-57c7-48ab-9b3f-b535513634e6,5008 W W T Harris Blvd,Charlotte,NC,28269,35.33365,-80.81547,5x10,5.0,10.0,8.0,50.0,small,48.0,80.0
2026-09-07,cubesmart,328,80176cb9-1e3b-4e5d-ab3f-8e8965e1d214,5008 W W T Harris Blvd,Charlotte,NC,28269,35.33365,-80.81547,5x10,5.0,10.0,8.0,50.0,small,61.2,102.0
2026-09-07,cubesmart,328,dd9fe239-ebaf-486b-b0e8-8c0d3492f8bb,5008 W W T Harris Blvd,Charlotte,NC,28269,35.33365,-80.81547,5x20,5.0,20.0,8.0,100.0,medium,124.8,208.0
2026-09-07,cubesmart,328,f8c80f85-72f2-4ce8-aba3-15b24f8656b9,5008 W W T Harris Blvd,Charlotte,NC,28269,35.33365,-80.81547,5x5,5.0,5.0,8.0,25.0,small,33.0,55.0
2026-09-07,cubesmart,328,33c9629c-8467-46b7-af90-7b46574ec3e6,5008 W W T Harris Blvd,Charlotte,NC,28269,35.33365,-80.81547,5x5,5.0,5.0,8.0,25.0,small,46.2,77.0
2026-09-07,cubesmart,328,29cadbbb-da37-416f-962e-09bd786e8876,5008 W W T Harris Blvd,Charlotte,NC,28269,35.33365,-80.81547,5x6,5.0,6.0,8.0,30.0,small,36.0,60.0
2026-09-07,cubesmart,3439,360fa21f-bb7c-4120-9a61-c6f76da3aae2,16155 Lancaster Hwy,Charlotte,NC,28277,35.02827,-80.85031,10x10,10.0,10.0,8.0,100.0,medium,72.5,145.0
2026-09-07,cubesmart,3439,54752140-ac8f-48d3-8af6-74836c2f7e5d,16155 Lancaster Hwy,Charlotte,NC,28277,35.02827,-80.85031,10x10,10.0,10.0,8.0,100.0,medium,81.5,163.0
2026-09-07,cubesmart,3439,d002a020-3778-45ef-b024-cb7b16d7282c,16155 Lancaster Hwy,Charlotte,NC,28277,35.02827,-80.85031,10x15,10.0,15.0,8.0,150.0,medium,110.0,220.0
2026-09-07,cubesmart,3439,7a287354-e1dc-49d3-a3c4-a8dc3aa65252,16155 Lancaster Hwy,Charlotte,NC,28277,35.02827,-80.85031,10x15,10.0,15.0,8.0,150.0,medium,116.35,179.0
2026-09-07,cubesmart,3439,601f73cd-7e83-4773-b4e6-c353f1c39074,16155 Lancaster Hwy,Charlotte,NC,28277,35.02827,-80.85031,10x20,10.0,20.0,8.0,200.0,large,183.95,283.0
2026-09-07,cubesmart,3439,d6ec1f52-5304-4bda-ada0-1d7cf454dccf,16155 Lancaster Hwy,Charlotte,NC,28277,35.02827,-80.85031,10x20,10.0,20.0,8.0,200.0,large,185.0,370.0
2026-09-07,cubesmart,3439,b65b6c7a-28a6-4564-9b9e-88acdc194a58,16155 Lancaster Hwy,Charlotte,NC,28277,35.02827,-80.85031,10x20,10.0,20.0,8.0,200.0,large,185.0,370.0
2026-09-07,cubesmart,3439,689f1e76-f612-4834-af8e-22b3562e7bd4,16155 Lancaster Hwy,Charlotte,NC,28277,35.02827,-80.85031,5x10,5.0,10.0,8.0,50.0,small,33.8,52.0
2026-09-07,cubesmart,3439,ae8104da-eb00-4460-9c17-4224999f06c8,16155 Lancaster Hwy,Charlotte,NC,28277,35.02827,-80.85031,5x5,5.0,5.0,8.0,25.0,small,27.0,54.0
2026-09-07,cubesmart,3439,82b0dd6d-3f75-4390-a32e-f8bfe0e2dac0,16155 Lancaster Hwy,Charlotte,NC,28277,35.02827,-80.85031,5x5,5.0,5.0,8.0,25.0,small,31.5,63.0
2026-09-07,publicstorage,1796,V_322793,3710 Monroe Road,Charlotte,NC,28205,35.20039,-80.79774,10x10,10.0,10.0,,100.0,medium,53.0,106.0
2026-09-07,publicstorage,1796,V_322792,3710 Monroe Road,Charlotte,NC,28205,35.20039,-80.79774,10x15,10.0,15.0,,150.0,large,81.0,162.0
2026-09-07,publicstorage,1796,V_1423025,3710 Monroe Road,Charlotte,NC,28205,35.20039,-80.79774,10x20,10.0,20.0,,200.0,large,100.0,200.0
2026-09-07,publicstorage,1796,V_649220,3710 Monroe Road,Charlotte,NC,28205,35.20039,-80.79774,10x20,10.0,20.0,,200.0,large,140.0,280.0
2026-09-07,publicstorage,1796,V_1423023,3710 Monroe Road,Charlotte,NC,28205,35.20039,-80.79774,10x20,10.0,20.0,,200.0,large,98.0,196.0
2026-09-07,publicstorage,1796,V_1536323,3710 Monroe Road,Charlotte,NC,28205,35.20039,-80.79774,10x25,10.0,25.0,,250.0,large,175.0,292.0
2026-09-07,publicstorage,1796,V_1554294,3710 Monroe Road,Charlotte,NC,28205,35.20039,-80.79774,12x30,12.0,30.0,,360.0,parking,210.0,280.0
2026-09-07,publicstorage,1796,V_1536322,3710 Monroe Road,Charlotte,NC,28205,35.20039,-80.79774,20x30,20.0,30.0,,600.0,large,328.0,546.0
2026-09-07,publicstorage,1796,V_322343,3710 Monroe Road,Charlotte,NC,28205,35.20039,-80.79774,30x30,30.0,30.0,,900.0,large,494.0,658.0
2026-09-07,publicstorage,1796,V_322790,3710 Monroe Road,Charlotte,NC,28205,35.20039,-80.79774,5x10,5.0,10.0,,50.0,small,32.0,64.0
2026-09-07,publicstorage,1796,V_1569099,3710 Monroe Road,Charlotte,NC,28205,35.20039,-80.79774,5x10,5.0,10.0,,50.0,small,42.0,84.0
2026-09-07,publicstorage,1796,V_322393,3710 Monroe Road,Charlotte,NC,28205,35.20039,-80.79774,9x15,9.0,15.0,,135.0,large,95.0,190.0
2026-09-07,publicstorage,2334,V_613570,1001 N Tryon St,Charlotte,NC,28206,35.23509,-80.83288,10x10,10.0,10.0,,100.0,medium,65.0,108.0
2026-09-07,publicstorage,2334,V_613574,1001 N Tryon St,Charlotte,NC,28206,35.23509,-80.83288,10x15,10.0,15.0,,150.0,large,126.0,168.0
2026-09-07,publicstorage,2334,V_1423096,1001 N Tryon St,Charlotte,NC,28206,35.23509,-80.83288,10x20,10.0,20.0,,200.0,large,156.0,208.0
2026-09-07,publicstorage,2334,V_1423099,1001 N Tryon St,Charlotte,NC,28206,35.23509,-80.83288,10x25,10.0,25.0,,250.0,large,201.0,268.0
2026-09-07,publicstorage,2334,V_1423095,1001 N Tryon St,Charlotte,NC,28206,35.23509,-80.83288,12x30,12.0,30.0,,360.0,large,269.0,359.0
2026-09-07,publicstorage,2334,V_613564,1001 N Tryon St,Charlotte,NC,28206,35.23509,-80.83288,15x15,15.0,15.0,,225.0,large,156.0,208.0
2026-09-07,publicstorage,2334,V_613573,1001 N Tryon St,Charlotte,NC,28206,35.23509,-80.83288,5x10,5.0,10.0,,50.0,small,40.0,80.0
2026-09-07,publicstorage,2334,V_613577,1001 N Tryon St,Charlotte,NC,28206,35.23509,-80.83288,5x15,5.0,15.0,,75.0,medium,56.0,94.0
2026-09-07,publicstorage,1168,V_596099,1508 Ashley Road,Charlotte,NC,28208,35.2418,-80.89735,10x10,10.0,10.0,,100.0,medium,99.0,132.0
2026-09-07,publicstorage,1168,V_1423898,1508 Ashley Road,Charlotte,NC,28208,35.2418,-80.89735,10x20,10.0,20.0,,200.0,large,87.0,174.0
2026-09-07,publicstorage,1168,V_1566364,1508 Ashley Road,Charlotte,NC,28208,35.2418,-80.89735,5x5,5.0,5.0,,25.0,small,60.0,80.0
2026-09-07,publicstorage,2092,V_336791,3912 Wilkinson Blvd,Charlotte,NC,28208,35.22531,-80.90635,10x10,10.0,10.0,,100.0,medium,59.0,118.0
2026-09-07,publicstorage,2092,V_649382,3912 Wilkinson Blvd,Charlotte,NC,28208,35.22531,-80.90635,10x10,10.0,10.0,,100.0,medium,81.0,162.0
2026-09-07,publicstorage,2092,V_336797,3912 Wilkinson Blvd,Charlotte,NC,28208,35.22531,-80.90635,10x15,10.0,15.0,,150.0,large,131.0,175.0
2026-09-07,publicstorage,2092,V_1529990,3912 Wilkinson Blvd,Charlotte,NC,28208,35.22531,-80.90635,10x20,10.0,20.0,,200.0,large,128.0,214.0
2026-09-07,publicstorage,2092,V_1578229,3912 Wilkinson Blvd,Charlotte,NC,28208,35.22531,-80.90635,10x20,10.0,20.0,,200.0,large,137.0,228.0
2026-09-07,publicstorage,2092,V_325164,3912 Wilkinson Blvd,Charlotte,NC,28208,35.22531,-80.90635,15x20,15.0,20.0,,300.0,large,192.0,274.0
2026-09-07,publicstorage,2092,V_325174,3912 Wilkinson Blvd,Charlotte,NC,28208,35.22531,-80.90635,5x10,5.0,10.0,,50.0,small,54.0,90.0
2026-09-07,publicstorage,2092,V_325178,3912 Wilkinson Blvd,Charlotte,NC,28208,35.22531,-80.90635,5x5,5.0,5.0,,25.0,small,53.0,70.0
2026-09-07,publicstorage,1024,V_576911,4329 South Blvd,Charlotte,NC,28209,35.18362,-80.87503,10x10,10.0,10.0,,100.0,medium,66.0,110.0
2026-09-07,publicstorage,1024,V_566786,4329 South Blvd,Charlotte,NC,28209,35.18362,-80.87503,10x15,10.0,15.0,,150.0,large,96.0,160.0
2026-09-07,publicstorage,1024,V_1423716,4329 South Blvd,Charlotte,NC,28209,35.18362,-80.87503,10x20,10.0,20.0,,200.0,large,100.0,200.0
2026-09-07,publicstorage,1024,V_1423715,4329 South Blvd,Charlotte,NC,28209,35.18362,-80.87503,10x30,10.0,30.0,,300.0,large,162.0,232.0
2026-09-07,publicstorage,1024,V_576913,4329 South Blvd,Charlotte,NC,28209,35.18362,-80.87503,5x10,5.0,10.0,,50.0,small,43.0,72.0
2026-09-07,publicstorage,1024,V_576914,4329 South Blvd,Charlotte,NC,28209,35.18362,-80.87503,5x15,5.0,15.0,,75.0,medium,42.0,84.0
2026-09-07,publicstorage,1024,V_587870,4329 South Blvd,Charlotte,NC,28209,35.18362,-80.87503,5x20,5.0,20.0,,100.0,medium,62.0,104.0
2026-09-07,publicstorage,2072,V_1493663,4555 South Blvd,Charlotte,NC,28209,35.17976,-80.87452,10x10,10.0,10.0,,100.0,medium,70.0,116.0
2026-09-07,publicstorage,2072,V_1493659,4555 South Blvd,Charlotte,NC,28209,35.17976,-80.87452,10x10,10.0,10.0,,100.0,medium,72.0,120.0
2026-09-07,publicstorage,2072,V_571004,4555 South Blvd,Charlotte,NC,28209,35.17976,-80.87452,10x12,10.0,12.0,,120.0,medium,85.0,142.0
2026-09-07,publicstorage,2072,V_1493666,4555 South Blvd,Charlotte,NC,28209,35.17976,-80.87452,10x15,10.0,15.0,,150.0,large,91.0,152.0
2026-09-07,publicstorage,2072,V_570998,4555 South Blvd,Charlotte,NC,28209,35.17976,-80.87452,10x20,10.0,20.0,,200.0,large,151.0,216.0
2026-09-07,publicstorage,2072,V_1530050,4555 South Blvd,Charlotte,NC,28209,35.17976,-80.87452,10x20,10.0,20.0,,200.0,large,151.0,216.0
2026-09-07,publicstorage,2072,V_1506663,4555 South Blvd,Charlotte,NC,28209,35.17976,-80.87452,10x20,10.0,20.0,,200.0,large,175.0,250.0
2026-09-07,publicstorage,2072,V_571003,4555 South Blvd,Charlotte,NC,28209,35.17976,-80.87452,10x25,10.0,25.0,,250.0,large,155.0,207.0
2026-09-07,publicstorage,2072,V_582630,4555 South Blvd,Charlotte,NC,28209,35.17976,-80.87452,10x30,10.0,30.0,,300.0,large,143.0,191.0
2026-09-07,publicstorage,2072,V_582631,4555 South Blvd,Charlotte,NC,28209,35.17976,-80.87452,20x20,20.0,20.0,,400.0,large,224.0,299.0
2026-09-07,publicstorage,2072,V_1493672,4555 South Blvd,Charlotte,NC,28209,35.17976,-80.87452,5x10,5.0,10.0,,50.0,small,41.0,68.0
2026-09-07,publicstorage,2072,V_1493674,4555 South Blvd,Charlotte,NC,28209,35.17976,-80.87452,5x10,5.0,10.0,,50.0,small,46.0,76.0
2026-09-07,publicstorage,2072,V_1567802,4555 South Blvd,Charlotte,NC,28209,35.17976,-80.87452,5x10,5.0,10.0,,50.0,small,58.0,96.0
2026-09-07,publicstorage,2072,V_321950,4555 South Blvd,Charlotte,NC,28209,35.17976,-80.87452,5x5,5.0,5.0,,25.0,small,32.0,54.0
2026-09-07,publicstorage,2072,V_571120,4555 South Blvd,Charlotte,NC,28209,35.17976,-80.87452,5x5,5.0,5.0,,25.0,small,32.0,54.0
2026-09-07,publicstorage,2072,V_1493673,4555 South Blvd,Charlotte,NC,28209,35.17976,-80.87452,5x5,5.0,5.0,,25.0,small,32.0,54.0
2026-09-07,publicstorage,2072,V_1506665,4555 South Blvd,Charlotte,NC,28209,35.17976,-80.87452,5x5,5.0,5.0,,25.0,small,37.0,62.0
2026-09-07,publicstorage,2072,V_1567808,4555 South Blvd,Charlotte,NC,28209,35.17976,-80.87452,6x15,6.0,15.0,,90.0,medium,70.0,116.0
2026-09-07,publicstorage,2120,V_1500467,4715 Park Road,Charlotte,NC,28209,35.16605,-80.84994,10x10,10.0,10.0,,100.0,medium,137.0,182.0
2026-09-07,publicstorage,2120,V_1576846,4715 Park Road,Charlotte,NC,28209,35.16605,-80.84994,5x10,5.0,10.0,,50.0,small,57.0,82.0
2026-09-07,publicstorage,2441,V_625328,4730 N Tryon St,Charlotte,NC,28213,35.25684,-80.78595,10x10,10.0,10.0,,100.0,medium,58.0,116.0
2026-09-07,publicstorage,2441,V_625327,4730 N Tryon St,Charlotte,NC,28213,35.25684,-80.78595,10x15,10.0,15.0,,150.0,large,79.0,132.0
2026-09-07,publicstorage,2441,V_1423960,4730 N Tryon St,Charlotte,NC,28213,35.25684,-80.78595,10x20,10.0,20.0,,200.0,large,119.0,198.0
2026-09-07,publicstorage,2441,V_1539863,4730 N Tryon St,Charlotte,NC,28213,35.25684,-80.78595,12x28,12.0,28.0,,336.0,large,227.0,303.0
2026-09-07,publicstorage,2441,V_625338,4730 N Tryon St,Charlotte,NC,28213,35.25684,-80.78595,12x28,12.0,28.0,,336.0,large,232.0,309.0
2026-09-07,publicstorage,2441,V_1577807,4730 N Tryon St,Charlotte,NC,28213,35.25684,-80.78595,3x3,3.0,3.0,,9.0,small,21.0,42.0
2026-09-07,publicstorage,2441,V_625326,4730 N Tryon St,Charlotte,NC,28213,35.25684,-80.78595,5x10,5.0,10.0,,50.0,small,40.0,66.0
2026-09-07,publicstorage,2441,V_625332,4730 N Tryon St,Charlotte,NC,28213,35.25684,-80.78595,5x15,5.0,15.0,,75.0,medium,61.0,81.0
2026-09-07,publicstorage,2441,V_625333,4730 N Tryon St,Charlotte,NC,28213,35.25684,-80.78595,5x5,5.0,5.0,,25.0,small,30.0,60.0
2026-09-07,publicstorage,1164,V_586454,5748 N Tryon Street,Charlotte,NC,28213,35.26468,-80.76825,10x10,10.0,10.0,,100.0,medium,56.0,112.0
2026-09-07,publicstorage,1164,V_389390,5748 N Tryon Street,Charlotte,NC,28213,35.26468,-80.76825,10x15,10.0,15.0,,150.0,large,84.0,140.0
2026-09-07,publicstorage,1164,V_1423111,5748 N Tryon Street,Charlotte,NC,28213,35.26468,-80.76825,10x20,10.0,20.0,,200.0,large,139.0,232.0
2026-09-07,publicstorage,1164,V_1518027,5748 N Tryon Street,Charlotte,NC,28213,35.26468,-80.76825,10x20,10.0,20.0,,200.0,parking,70.0,116.0
2026-09-07,publicstorage,1164,V_579483,5748 N Tryon Street,Charlotte,NC,28213,35.26468,-80.76825,10x30,10.0,30.0,,300.0,large,136.0,226.0
2026-09-07,publicstorage,1164,V_583663,5748 N Tryon Street,Charlotte,NC,28213,35.26468,-80.76825,30x30,30.0,30.0,,900.0,large,495.0,660.0
2026-09-07,publicstorage,1164,V_586455,5748 N Tryon Street,Charlotte,NC,28213,35.26468,-80.76825,5x10,5.0,10.0,,50.0,small,37.0,74.0
2026-09-07,publicstorage,1164,V_188108,5748 N Tryon Street,Charlotte,NC,28213,35.26468,-80.76825,5x15,5.0,15.0,,75.0,medium,67.0,89.0
2026-09-07,publicstorage,1164,V_356673,5748 N Tryon Street,Charlotte,NC,28213,35.26468,-80.76825,5x20,5.0,20.0,,100.0,medium,61.0,122.0
2026-09-07,publicstorage,1164,V_1577824,5748 N Tryon Street,Charlotte,NC,28213,35.26468,-80.76825,5x5,5.0,5.0,,25.0,small,19.0,32.0
2026-09-07,publicstorage,1164,V_188111,5748 N Tryon Street,Charlotte,NC,28213,35.26468,-80.76825,5x5,5.0,5.0,,25.0,small,22.0,36.0
2026-09-07,publicstorage,2333,V_613533,5607 S Tryon St,Charlotte,NC,28217,35.16988,-80.90249,10x10,10.0,10.0,,100.0,medium,65.0,108.0
2026-09-07,publicstorage,2333,V_613536,5607 S Tryon St,Charlotte,NC,28217,35.16988,-80.90249,10x12,10.0,12.0,,120.0,medium,74.0,124.0
2026-09-07,publicstorage,2333,V_1575684,5607 S Tryon St,Charlotte,NC,28217,35.16988,-80.90249,10x12,10.0,12.0,,120.0,medium,78.0,130.0
2026-09-07,publicstorage,2333,V_613538,5607 S Tryon St,Charlotte,NC,28217,35.16988,-80.90249,10x15,10.0,15.0,,150.0,large,84.0,140.0
2026-09-07,publicstorage,2333,V_1500417,5607 S Tryon St,Charlotte,NC,28217,35.16988,-80.90249,10x15,10.0,15.0,,150.0,large,91.0,152.0
2026-09-07,publicstorage,2333,V_1579119,5607 S Tryon St,Charlotte,NC,28217,35.16988,-80.90249,10x20,10.0,20.0,,200.0,large,149.0,199.0
2026-09-07,publicstorage,2333,V_1538112,5607 S Tryon St,Charlotte,NC,28217,35.16988,-80.90249,10x25,10.0,25.0,,250.0,large,232.0,309.0
2026-09-07,publicstorage,2333,V_1538107,5607 S Tryon St,Charlotte,NC,28217,35.16988,-80.90249,10x30,10.0,30.0,,300.0,large,231.0,308.0
2026-09-07,publicstorage,2333,V_1575649,5607 S Tryon St,Charlotte,NC,28217,35.16988,-80.90249,5x10,5.0,10.0,,50.0,small,43.0,72.0
2026-09-07,publicstorage,2333,V_1579121,5607 S Tryon St,Charlotte,NC,28217,35.16988,-80.90249,5x10,5.0,10.0,,50.0,small,47.0,78.0
2026-09-07,publicstorage,2333,V_1538106,5607 S Tryon St,Charlotte,NC,28217,35.16988,-80.90249,5x10,5.0,10.0,,50.0,small,50.0,84.0
2026-09-07,publicstorage,2333,V_1575652,5607 S Tryon St,Charlotte,NC,28217,35.16988,-80.90249,5x12,5.0,12.0,,60.0,small,48.0,80.0
2026-09-07,publicstorage,2333,V_1533797,5607 S Tryon St,Charlotte,NC,28217,35.16988,-80.90249,5x5,5.0,5.0,,25.0,small,47.0,63.0
2026-09-07,publicstorage,2333,V_1500423,5607 S Tryon St,Charlotte,NC,28217,35.16988,-80.90249,7x10,7.0,10.0,,70.0,medium,76.0,101.0
2026-09-07,publicstorage,2333,V_1588554,5607 S Tryon St,Charlotte,NC,28217,35.16988,-80.90249,7x10,7.0,10.0,,70.0,medium,85.0,113.0
2026-09-07,publicstorage,2333,V_1588555,5607 S Tryon St,Charlotte,NC,28217,35.16988,-80.90249,7x15,7.0,15.0,,105.0,medium,80.0,134.0
2026-09-07,publicstorage,2333,V_1500418,5607 S Tryon St,Charlotte,NC,28217,35.16988,-80.90249,8x17,8.0,17.0,,136.0,large,76.0,126.0
